player_id,player_name,minutes,games,position,pos_group,ga_total,ga_p90,shots_total,shots_p90,volume_total,volume_p90,xt_total,xt_p90,vaep_total,vaep_p90
2936,Christophe Kerbrat,849,9,Right Center Back,DEF,0.0,0.0,1.0,0.10600706713780918,710.0,75.26501766784452,0.6582828681149676,0.06978263619593296,0.5667836020551622,0.060083067355670906
2943,Lucas Deaux,400,6,Left Center Back,DEF,0.0,0.0,2.0,0.45,393.0,88.425,0.23402862700237909,0.05265644107553529,0.16883955741650425,0.03798890041871345
2946,Frédéric Guilbert,691,8,Right Back,DEF,0.0,0.0,5.0,0.6512301013024602,678.0,88.30680173661361,0.36369168165093607,0.047369394136880245,0.45704700010537636,0.059528552835721955
2947,Anthony Lopes,471,5,Goalkeeper,GK,0.0,0.0,0.0,0.0,255.0,48.72611464968153,0.12407190132165206,0.023708006621971735,-0.9030473142338451,-0.17255681163704045
2950,Jonas Martin,502,6,Left Center Midfield,MID,1.0,0.17928286852589642,4.0,0.7171314741035857,728.0,130.5179282868526,0.5155518265571862,0.09242961033893776,0.7365220130549074,0.13204577923295152
2953,Abdou Kader Mangane,333,5,Right Center Back,DEF,0.0,0.0,3.0,0.8108108108108109,200.0,54.054054054054056,0.1271612682534694,0.034367910338775516,0.06422193002072163,0.017357278383978818
2955,Ronny Rodelin,870,11,Right Wing,FWD,3.0,0.3103448275862069,17.0,1.7586206896551724,645.0,66.72413793103449,1.0149089017089308,0.10499057603885491,3.0317171725441003,0.3136259144011138
2959,Julien Féret,994,11,Left Center Midfield,MID,0.0,0.0,9.0,0.8148893360160966,1003.0,90.81488933601608,1.091559239572048,0.09883333155078905,1.2919470752800117,0.11697709937142964
2961,Yann Bodiger,438,9,Center Defensive Midfield,MID,0.0,0.0,4.0,0.821917808219178,632.0,129.86301369863014,0.509427501550641,0.1046768838802687,-0.4349667746751802,-0.0893767345222973
2963,Rémy Vercoutre,1026,11,Goalkeeper,GK,0.0,0.0,0.0,0.0,505.0,44.29824561403509,0.5564516021153496,0.04881154404520611,-0.6379094519361388,-0.055956969468082346
2966,Stéphane Sessègnon,763,9,Right Midfield,MID,2.0,0.23591087811271297,14.0,1.651376146788991,772.0,91.06159895150721,0.9652600033623578,0.11385766750014706,1.7760781820297706,0.20949808175973703
2975,Mathieu Deplagne,390,5,Right Back,DEF,0.0,0.0,0.0,0.0,391.0,90.23076923076923,0.3267734845482646,0.07540926566498414,0.5521194819302764,0.1274121881377561
2979,Jonathan Delaplace,445,7,Right Center Midfield,MID,0.0,0.0,2.0,0.40449438202247195,336.0,67.95505617977528,0.2669726610099251,0.05399447076605227,-0.051685488055227324,-0.010453244775214515
2981,Alban Lafont,659,7,Goalkeeper,GK,0.0,0.0,0.0,0.0,378.0,51.62367223065251,0.1633978634279361,0.022315337949187025,-0.40482432724093087,-0.0552870856626461
2983,Jérémy Morel,307,4,Left Back,DEF,0.0,0.0,1.0,0.2931596091205212,352.0,103.19218241042346,0.3552183125032525,0.10413566164590464,0.6603631132020382,0.19359179214392
2985,Ludovic Baal,277,4,Left Back,DEF,0.0,0.0,0.0,0.0,342.0,111.11913357400722,0.4726091766226147,0.15355532814453185,0.5488075678149471,0.17831292817092145
2988,Memphis Depay,734,11,Substitute,Unknown,2.0,0.24523160762942778,22.0,2.6975476839237054,716.0,87.79291553133515,1.434487876310574,0.17589088401628292,1.1185664579449222,0.137153925361094
2989,Alexander Djiku,683,9,Right Back,DEF,0.0,0.0,0.0,0.0,518.0,68.25768667642753,0.46684993290434357,0.061517560704818335,0.6443362082791282,0.08490521046137853
2990,Benjamin André,670,8,Left Defensive Midfield,MID,0.0,0.0,2.0,0.26865671641791045,1018.0,136.7462686567164,0.4634451212244661,0.06225382225403276,0.5926860883337213,0.07961454917915659
2991,Hervé Bazile,325,7,Substitute,Unknown,1.0,0.27692307692307694,8.0,2.2153846153846155,269.0,74.49230769230769,0.30729344159619887,0.08509664536510123,0.00892126915080009,0.002470505303298486
2992,Vincent Bessat,769,10,Left Wing,FWD,0.0,0.0,9.0,1.0533159947984396,556.0,65.07152145643694,0.4553502593911201,0.053291967939142794,-0.48202409177506345,-0.05641374286054059
2995,Ángel Fabián Di María Hernández,912,12,Right Wing,FWD,6.0,0.5921052631578947,22.0,2.1710526315789473,1252.0,123.55263157894737,2.788575607060181,0.27518838227567577,6.382040873891791,0.6298066651866898
3002,Benjamin Nivet,452,5,Center Attacking Midfield,MID,2.0,0.39823008849557523,5.0,0.995575221238938,501.0,99.7566371681416,0.7290635994893281,0.14516753087176887,0.572781250521075,0.11404936404180696
3004,Oswaldo Augusto Vizcarrondo Araújo,941,11,Right Center Back,DEF,0.0,0.0,6.0,0.5738575982996812,797.0,76.22741764080766,0.5382459944151622,0.05147942560825143,-0.08452365966513753,-0.008084090722489242
3008,Benjamin Lecomte,844,9,Goalkeeper,GK,0.0,0.0,0.0,0.0,503.0,53.63744075829384,0.2741386494757737,0.029232794375378714,0.07942364150949288,0.008469345658595213
3009,Kylian Mbappé Lottin,337,7,Substitute,Unknown,3.0,0.8011869436201781,8.0,2.136498516320475,329.0,87.86350148367953,0.8091565976633925,0.2160952337973452,2.947364853444393,0.7871300795548823
3011,Daniel Congré,663,7,Left Center Back,DEF,2.0,0.2714932126696833,2.0,0.2714932126696833,652.0,88.50678733031674,0.4024069887969962,0.05462538309461487,2.2831230452866293,0.3099262052425289
3018,Giovanni-Guy Yann Sio,538,7,Center Forward,FWD,1.0,0.16728624535315983,21.0,3.513011152416357,348.0,58.215613382899626,0.06374910841291655,0.010664348991008345,-0.9261237855080021,-0.15492777080988884
3020,Rodrigue Casimir Ninga,420,5,Left Center Forward,FWD,2.0,0.4285714285714286,9.0,1.9285714285714286,342.0,73.28571428571429,0.3328143141759465,0.07131735303770281,0.2835310163645772,0.06075664636383798
3022,Fallou Diagne,527,6,Right Center Back,DEF,2.0,0.3415559772296015,6.0,1.0246679316888045,503.0,85.90132827324479,0.45510175329628405,0.07772136204300867,2.085707526348415,0.35619293618853387
3023,Yuri Berchiche Izeta,367,4,Left Back,DEF,0.0,0.0,1.0,0.24523160762942778,469.0,115.01362397820165,0.29048527785438905,0.07123617168091285,0.4273164329060819,0.10479149580803097
3024,Jacques François Moubandje,471,6,Left Back,DEF,0.0,0.0,0.0,0.0,527.0,100.70063694267516,0.5694751193524002,0.10881690178708284,0.41144585858273786,0.07862022775466329
3026,Adrien Rabiot,626,9,Right Center Midfield,MID,0.0,0.0,8.0,1.1501597444089455,1052.0,151.24600638977637,0.5831555936436981,0.08384026106698535,0.5595016133738682,0.08043952907931012
3030,Wergiton do Rosário Calmon,582,7,Right Back,DEF,0.0,0.0,3.0,0.4639175257731959,566.0,87.52577319587628,0.41798093679800075,0.06463622733989703,1.1694816373637877,0.1808476758809981
3032,Zinédine Machach,434,7,Left Midfield,MID,1.0,0.2073732718894009,1.0,0.2073732718894009,528.0,109.49308755760369,0.8903519228460729,0.18463519137360956,0.43963854037428973,0.09116928256609695
3034,Kamil Glik,961,11,Center Back,DEF,0.0,0.0,3.0,0.2809573361082206,1132.0,106.01456815816857,0.638139871371679,0.0597633594416765,-0.9974684187909588,-0.09341535659852893
3035,Steeve Yago,583,8,Left Center Back,DEF,0.0,0.0,1.0,0.15437392795883362,462.0,71.32075471698114,0.1789939884453777,0.02763200507733103,0.3249193377851043,0.05015907444366962
3036,Alexis Blin,431,7,Substitute,Unknown,0.0,0.0,4.0,0.8352668213457076,355.0,74.12993039443155,0.26533026643936797,0.05540539206390514,0.2707673060358502,0.05654073675922626
3037,Mousa Sidi Yaya Dembélé,800,11,Left Defensive Midfield,MID,0.0,0.0,4.0,0.45,964.0,108.45,0.50467609706259,0.05677606091954138,1.039135745842941,0.11690277140733088
3038,Andy Delort,981,11,Center Forward,FWD,3.0,0.27522935779816515,41.0,3.761467889908257,719.0,65.96330275229357,0.3486917950210678,0.03199007293771264,-0.7308209466227013,-0.06704779326813773
3043,Christian Dannemann Eriksen,1199,14,Left Wing,FWD,1.0,0.0750625521267723,40.0,3.0025020850708923,1539.0,115.5212677231026,1.6101339807653212,0.12086076586228434,3.058383166714339,0.22957004587513802
3044,Chancel Mbemba Mangulu,1117,12,Right Center Back,DEF,0.0,0.0,6.0,0.4834377797672337,1002.0,80.73410922112802,0.9406718211655284,0.07579271611897721,0.8857523925544228,0.07136769501333756
3045,Ismaël Traoré,873,10,Right Center Back,DEF,0.0,0.0,2.0,0.2061855670103093,554.0,57.113402061855666,0.31751645950729146,0.0327336556193084,0.2343809492595028,0.02416298445974256
3047,Benoît Assou-Ekotto,672,7,Left Back,DEF,0.0,0.0,4.0,0.5357142857142857,744.0,99.64285714285715,0.7856815652909241,0.10522520963717734,0.8471120519905817,0.11345250696302434
3049,Matt Ritchie,580,7,Right Midfield,MID,2.0,0.3103448275862069,13.0,2.0172413793103448,650.0,100.86206896551724,0.7701749773061041,0.11950991027163683,0.6741763272660319,0.10461356802403943
3052,Pablo Javier Zabaleta Girod,382,4,Right Back,DEF,0.0,0.0,0.0,0.0,496.0,116.8586387434555,0.23740788329798984,0.0559337944942908,0.06875723850680515,0.01619934938642006
3054,Fernando Luiz Roza,952,12,Left Center Midfield,MID,2.0,0.18907563025210083,6.0,0.5672268907563025,1478.0,139.72689075630254,1.3636577194599664,0.12891722137751782,1.8792132849048357,0.1776567181107513
3057,Jonjo Shelvey,763,9,Left Center Midfield,MID,2.0,0.23591087811271297,11.0,1.2975098296199215,969.0,114.29882044560944,1.3733136907702665,0.16198981935691217,1.5892290283143315,0.18745820779592376
3062,Aaron Cresswell,849,9,Left Back,DEF,3.0,0.31802120141342755,8.0,0.8480565371024734,882.0,93.49823321554771,1.8280949097049732,0.1937909798273823,2.70446552814974,0.2866924588144601
3063,Danilo Luiz da Silva,633,7,Right Back,DEF,0.0,0.0,7.0,0.9952606635071091,821.0,116.72985781990522,0.6597255824587938,0.09379984584722185,0.5815646042319713,0.08268691055430871
3064,David Josué Jiménez Silva,719,8,Center Attacking Midfield,MID,1.0,0.12517385257301808,17.0,2.1279554937413074,1303.0,163.10152990264257,1.5234083947634816,0.19069089781462217,2.355231696622912,0.29481342516837566
3065,Paul Dummett,365,5,Left Back,DEF,0.0,0.0,2.0,0.4931506849315069,265.0,65.34246575342466,0.18999464583696513,0.04684799486390921,0.3741906910727266,0.09226619779875452
3071,Pierrick Capelle,581,8,Left Center Midfield,MID,2.0,0.3098106712564544,10.0,1.5490533562822717,563.0,87.21170395869191,0.3823298308240816,0.059224930764487684,2.0584378345098813,0.31886300362459435
3075,Javier Manquillo Gaitán,553,6,Right Back,DEF,0.0,0.0,1.0,0.162748643761302,685.0,111.48282097649185,0.4333302088349389,0.07052390378868806,0.6222847612516489,0.10127600092703147
3076,Ayoze Pérez Gutiérrez,762,11,Substitute,Unknown,3.0,0.3543307086614173,18.0,2.1259842519685037,572.0,67.55905511811024,0.8621321423097467,0.10182663098146615,2.452359670004924,0.2896487799218414
3077,Jan Vertonghen,1536,16,Left Center Back,DEF,1.0,0.05859375,5.0,0.29296875,1767.0,103.53515625,1.2454727392022786,0.07297691831263352,2.905269083683379,0.170230610372073
3078,Abdoul Razzagui Camara,280,3,Left Wing,FWD,1.0,0.3214285714285714,4.0,1.2857142857142856,222.0,71.35714285714285,0.4852325098106624,0.1559675924391415,1.1959170390586369,0.3844019054117047
3081,Jamaal Lascelles,338,5,Substitute,Unknown,0.0,0.0,1.0,0.2662721893491124,280.0,74.55621301775147,0.15859982038299972,0.042230721403757325,-0.20713718011393212,-0.05515487044453814
3083,Heung-Min Son,500,9,Substitute,Unknown,1.0,0.18,10.0,1.8,365.0,65.7,0.13350469567053005,0.02403084522069541,0.49032000309647994,0.08825760055736638
3086,Ben Davies,485,6,Left Back,DEF,0.0,0.0,1.0,0.18556701030927836,471.0,87.4020618556701,0.34598016088074607,0.06420250408096319,0.4899268279550597,0.09091425673392861
3087,Gnégnéri Yaya Touré,598,9,Right Center Midfield,MID,4.0,0.6020066889632107,19.0,2.859531772575251,1009.0,151.8561872909699,1.0555558797508815,0.1588629250461193,3.3765725717549007,0.5081798184915403
3089,Kevin De Bruyne,1162,13,Right Wing,FWD,7.0,0.5421686746987953,27.0,2.091222030981067,1486.0,115.09466437177281,3.7073653536784343,0.28714533720400953,5.249316422075149,0.40657356109015785
3090,Nicolás Hernán Otamendi,1131,12,Right Center Back,DEF,1.0,0.07957559681697612,7.0,0.5570291777188329,1412.0,112.36074270557029,1.024898301871705,0.0815568940481463,1.5558510512928478,0.1238077759649481
3091,Moussa Sissoko,1096,12,Right Wing,FWD,1.0,0.08211678832116788,6.0,0.4927007299270073,1114.0,91.47810218978103,1.9042525077883732,0.15637110009211094,0.3532239941058215,0.029005619953945197
3094,Bamidele Alli,923,13,Center Attacking Midfield,MID,4.0,0.39003250270855905,19.0,1.8526543878656554,900.0,87.75731310942578,1.2951635048646821,0.12628896580479024,2.902699574014754,0.2830367948660107
3096,Rob Elliot,289,3,Goalkeeper,GK,0.0,0.0,0.0,0.0,163.0,50.76124567474048,0.14174729878478548,0.04414275740702662,-0.2853864076314494,-0.0888746598160223
3098,Victor Wanyama,1250,14,Left Defensive Midfield,MID,2.0,0.14400000000000002,13.0,0.9359999999999999,1356.0,97.632,0.5643720659877361,0.040634788751117,1.4190721029153792,0.10217319140990731
3099,Hugo Lloris,1342,14,Goalkeeper,GK,0.0,0.0,0.0,0.0,723.0,48.48733233979136,0.43477967477435453,0.02915810039470336,-2.2854980903794058,-0.15327483467522096
3101,Vincent Kompany,739,8,Right Center Back,DEF,1.0,0.12178619756427606,9.0,1.0960757780784844,896.0,109.12043301759134,0.6005369861768598,0.07313711604318997,0.5286584046989447,0.06438329691868068
3102,Yann Jouffre,375,7,Right Midfield,MID,0.0,0.0,2.0,0.48,509.0,122.16,0.434620863051185,0.1043090071322844,0.40553695417777635,0.09732886900266634
3103,Milan Biševac,378,4,Right Center Back,DEF,0.0,0.0,1.0,0.23809523809523808,377.0,89.76190476190476,0.29032532502899555,0.06912507738785609,0.38127414452901576,0.09077955822119423
3111,Gilles Sunu,832,10,Right Midfield,MID,0.0,0.0,17.0,1.8389423076923077,634.0,68.58173076923076,0.39034311049404813,0.04222461531786578,-0.3178010489242151,-0.03437751731151365
3112,Anton Ciprian Tătărușanu,1123,12,Goalkeeper,GK,0.0,0.0,0.0,0.0,635.0,50.89047195013357,0.23386026515469518,0.01874214057339498,-2.5421003391384147,-0.20373021417850162
3114,Emiliano Sala,641,10,Center Forward,FWD,3.0,0.421216848673947,19.0,2.667706708268331,544.0,76.38065522620906,0.38266599561665504,0.05372845492277528,-1.8293882081343327,-0.2568563786772074
3121,Moustapha Elhadji Diallo,442,6,Right Defensive Midfield,MID,0.0,0.0,6.0,1.2217194570135748,365.0,74.32126696832579,0.10074313635183,0.020513308306933712,0.1491439920355333,0.03036868616108144
3122,Yannis Salibur,803,10,Right Midfield,MID,3.0,0.33623910336239105,24.0,2.6899128268991284,659.0,73.86052303860522,0.8799990080539478,0.09863002580928432,2.20916708064964,0.24760278612511533
3124,Jérémy Sorbon,754,8,Left Center Back,DEF,0.0,0.0,1.0,0.11936339522546419,566.0,67.55968169761273,0.26817580715255135,0.032010374859057854,0.5974283492541872,0.0713110761709242
3140,François Bellugou,546,7,Center Defensive Midfield,MID,0.0,0.0,1.0,0.16483516483516483,640.0,105.4945054945055,0.15492609165855942,0.025537267855806497,0.41258745951927267,0.06800892189878122
3144,Léo Dubois,573,7,Right Back,DEF,0.0,0.0,3.0,0.47120418848167545,668.0,104.92146596858639,0.49906713701009975,0.07838750843090572,1.3703851010439685,0.2152437331482673
3145,Keita Baldé Diao,636,9,Substitute,Unknown,1.0,0.14150943396226415,20.0,2.830188679245283,602.0,85.18867924528303,1.7156191208590097,0.24277629068759574,1.261556399459776,0.17852213199902492
3150,Jaroslav Plašil,829,10,Right Center Midfield,MID,1.0,0.10856453558504221,7.0,0.7599517490952955,1006.0,109.21592279855247,1.5226670167963259,0.1653076375291548,2.1073092826893554,0.22877905360921832
3156,Rafael Pereira da Silva,297,4,Right Back,DEF,0.0,0.0,3.0,0.9090909090909092,384.0,116.36363636363637,0.3015353365792676,0.0913743444179599,0.15551093583053444,0.047124526009252855
3160,Rene Krhin,461,7,Right Defensive Midfield,MID,0.0,0.0,4.0,0.7809110629067245,321.0,62.66811279826464,0.1128969355096402,0.022040616476936264,0.09613084676675498,0.018767410431687524
3162,Gnaly Maxwell Cornet,291,5,Left Wing,FWD,3.0,0.9278350515463918,6.0,1.8556701030927836,242.0,74.84536082474227,0.8413446446367732,0.26020968390828036,1.834059572982369,0.5672349194790832
3166,Marco Verratti,488,6,Right Center Midfield,MID,0.0,0.0,4.0,0.7377049180327869,1277.0,235.5122950819672,1.3263259937968643,0.2446093021346676,1.1407845693011769,0.21039059679734817
3167,Antonio Rüdiger,886,10,Left Center Back,DEF,0.0,0.0,11.0,1.1173814898419865,1282.0,130.22573363431152,0.9531412500537175,0.09682021727407966,0.41648373124189675,0.042306473828183644
3168,João Filipe Iria Santos Moutinho,540,7,Left Defensive Midfield,MID,0.0,0.0,2.0,0.33333333333333337,757.0,126.16666666666667,0.7016403477147457,0.11694005795245761,1.094679296799004,0.18244654946650066
3174,Lévy Koffi Djidji,571,6,Right Center Back,DEF,0.0,0.0,1.0,0.1576182136602452,534.0,84.16812609457092,0.21750605327312678,0.03428291557720037,0.05957954912446439,0.009390822103680902
3176,Thomas Meunier,449,5,Right Wing Back,DEF,2.0,0.40089086859688194,5.0,1.0022271714922049,552.0,110.64587973273942,1.218761159913977,0.24429511000502876,1.2170215692895,0.24394641700680397
3179,Nolan Roux,664,9,Center Forward,FWD,4.0,0.5421686746987953,26.0,3.524096385542169,412.0,55.84337349397591,0.35941647594637177,0.04871608860718894,2.362888752961627,0.32027106591347354
3181,Lassana Diarra,473,5,Left Defensive Midfield,MID,0.0,0.0,3.0,0.5708245243128964,630.0,119.87315010570825,0.17484843699783004,0.033269258625379924,0.39677028384176083,0.07549540284515534
3184,Enzo Crivelli,517,9,Substitute,Unknown,2.0,0.3481624758220503,6.0,1.0444874274661509,268.0,46.65377176015474,-0.012571763779102964,-0.0021885082013912314,0.665837507636752,0.11590981757699745
3185,Thomas Mangani,679,9,Left Center Midfield,MID,2.0,0.2650957290132548,11.0,1.4580265095729015,798.0,105.77319587628867,0.7672161576311838,0.10169286330899344,1.7240393514772467,0.22851773436369985
3189,Étienne Didot,451,7,Center Defensive Midfield,MID,0.0,0.0,4.0,0.7982261640798226,671.0,133.90243902439025,0.8424266652284859,0.16811175137597278,0.8090440945863957,0.16145004104828295
3193,Bernardo Mota Veiga de Carvalho e Silva,747,10,Right Wing,FWD,2.0,0.24096385542168675,12.0,1.4457831325301203,832.0,100.2409638554217,1.0503565283109184,0.1265489793145685,2.039996303688735,0.24578268719141386
3196,Wahbi Khazri,1120,14,Left Wing,FWD,6.0,0.48214285714285715,36.0,2.8928571428571423,1069.0,85.90178571428572,2.065369319729065,0.16596717747822842,3.4353165283752403,0.27605222103015326
3200,Renaud Cohade,311,5,Substitute,Unknown,0.0,0.0,3.0,0.8681672025723474,336.0,97.2347266881029,0.18360540087287455,0.053133395750992636,-0.22677254951873327,-0.06562549664529259
3203,Yoann Andreu,713,8,Left Back,DEF,0.0,0.0,0.0,0.0,704.0,88.86395511921458,0.47944686486934335,0.06051923960482595,0.5314980244002072,0.06708951219637958
3204,Almamy Touré,362,4,Right Back,DEF,2.0,0.49723756906077343,1.0,0.24861878453038672,452.0,112.3756906077348,0.6216885939640334,0.15456346258774312,1.4557618758408353,0.3619297481372242
3205,Kyle Walker,1457,15,Right Back,DEF,1.0,0.06177076183939602,8.0,0.49416609471516815,1594.0,98.46259437199726,2.400963846410185,0.14830936594160374,3.0853724673215766,0.19058580786475077
3207,Pablo Jean Antoine Martínez,608,7,Left Back,DEF,1.0,0.14802631578947367,3.0,0.444078947368421,566.0,83.78289473684211,0.5263621768083336,0.07791545380386518,0.40235095853859093,0.0595585300468309
3210,Valère Germain,681,8,Left Center Forward,FWD,3.0,0.39647577092511016,12.0,1.5859030837004406,469.0,61.98237885462555,0.34505827030721065,0.04560241457804545,1.9017915624572197,0.25133809195469864
3211,Florent Balmont,441,7,Right Center Midfield,MID,0.0,0.0,10.0,2.0408163265306123,588.0,120.0,0.714871975369802,0.14589223987138816,0.7147776500933105,0.14587298981496133
3213,Jimmy Briand,674,8,Right Center Forward,FWD,2.0,0.26706231454005935,17.0,2.2700296735905043,470.0,62.759643916913944,0.8446469898544248,0.11278669003990836,0.37366526275766365,0.04989595496764055
3229,Maxime Le Marchand,569,6,Left Center Back,DEF,0.0,0.0,2.0,0.3163444639718805,608.0,96.16871704745168,0.36818806459507014,0.05823712796758578,-0.40888778888620436,-0.06467469419992689
3233,Raheem Sterling,836,12,Left Wing,FWD,3.0,0.3229665071770335,20.0,2.15311004784689,958.0,103.13397129186602,0.7895976001812572,0.08500452633530281,2.6095479808831588,0.28093219889890464
3237,Sergio Leonel Agüero del Castillo,734,9,Center Forward,FWD,7.0,0.8583106267029973,35.0,4.291553133514987,619.0,75.8991825613079,1.3894330186557189,0.17036644642917534,6.022406710895689,0.7384422397556022
3240,Mathew Ryan,485,5,Goalkeeper,GK,0.0,0.0,0.0,0.0,306.0,56.78350515463917,0.19240281095171974,0.03570361440341191,0.10369927651481703,0.01924316471408976
3244,John Stones,1170,12,Right Center Back,DEF,0.0,0.0,3.0,0.23076923076923078,1196.0,92.0,0.7675416756079337,0.059041667354456435,0.6047985738405259,0.046522967218502
3245,Thomas Lemar,516,8,Substitute,Unknown,3.0,0.5232558139534884,10.0,1.744186046511628,648.0,113.02325581395348,0.8902163792187862,0.15527029870095108,2.811972408115165,0.4904603037410172
3246,Guido Marcelo Carrillo,622,9,Center Forward,FWD,3.0,0.4340836012861737,16.0,2.315112540192926,429.0,62.07395498392283,-0.3243708603906069,-0.04693469041021644,0.8161463667202042,0.11809191801417747
3247,Fábio Henrique Tavares,752,8,Right Defensive Midfield,MID,1.0,0.11968085106382978,9.0,1.077127659574468,950.0,113.6968085106383,1.3554626281619413,0.1622229209236366,1.3154041310176048,0.15742868589306439
3248,Hamari Traoré,1324,14,Right Back,DEF,2.0,0.13595166163141995,8.0,0.5438066465256798,1459.0,99.17673716012085,2.2806930836256822,0.15503200719509924,2.6023893469391624,0.17689957796414243
3250,Edson André Sitoe,351,4,Center Back,DEF,0.0,0.0,2.0,0.5128205128205129,340.0,87.17948717948718,0.22194454816740694,0.05690885850446332,-0.07384072287823074,-0.018933518686725832
3253,Adil Rami,566,6,Right Center Back,DEF,0.0,0.0,3.0,0.4770318021201414,479.0,76.16607773851591,0.2859894522353642,0.045475354595729295,0.1596708011929877,0.02538935001301925
3256,Nicolas Pallois,609,7,Left Center Back,DEF,1.0,0.14778325123152708,4.0,0.5911330049261083,614.0,90.73891625615765,0.34977290873826916,0.05169057764604963,1.5008328467229148,0.2217979576437805
3261,Benjamin Mendy,419,6,Left Back,DEF,0.0,0.0,1.0,0.21479713603818618,592.0,127.15990453460621,1.2024845044196013,0.25829022767962795,0.9497226789826527,0.20399771147598744
3262,Łukasz Fabiański,770,8,Goalkeeper,GK,0.0,0.0,0.0,0.0,524.0,61.246753246753244,0.30120879894979397,0.03520622325387202,-0.7541887241532095,-0.08815192879712838
3263,Craig Cathcart,948,10,Left Center Back,DEF,0.0,0.0,2.0,0.18987341772151897,568.0,53.924050632911396,0.4800013911293421,0.04556975232240589,0.13773081335239112,0.013075710128391562
3265,José Luis Sanmartín Mato,317,6,Center Forward,FWD,2.0,0.5678233438485805,11.0,3.1230283911671926,252.0,71.54574132492114,0.1885979434673517,0.05354515745129859,1.9635448605662678,0.5574733042617165
3270,Danny Simpson,657,7,Right Back,DEF,0.0,0.0,2.0,0.273972602739726,545.0,74.65753424657534,0.4596564651234812,0.06296663905801113,0.22390941999515052,0.03067252328700692
3272,Oriol Romeu Vidal,487,11,Substitute,Unknown,1.0,0.18480492813141686,8.0,1.4784394250513349,506.0,93.51129363449692,0.4484323421210514,0.08287250675748384,1.486602519173175,0.2747314717157818
3277,Yohan Cabaye,533,6,Right Defensive Midfield,MID,0.0,0.0,18.0,3.0393996247654784,612.0,103.33958724202627,0.49623395973317336,0.08379185061160525,0.5559975471128505,0.09388326311474024
3278,Benik Afobe,286,4,Left Center Forward,FWD,0.0,0.0,2.0,0.6293706293706294,146.0,45.94405594405595,-0.11695622851705197,-0.03680440757529607,-0.7520292402768973,-0.23665255812909358
3281,Aaron Mooy,294,3,Left Center Midfield,MID,0.0,0.0,2.0,0.6122448979591837,326.0,99.79591836734693,0.1508826400276795,0.046188563273779445,0.7543895774285775,0.23093558492711558
3286,Nathan Redmond,568,8,Right Midfield,MID,0.0,0.0,6.0,0.9507042253521126,529.0,83.82042253521126,0.5352470032292317,0.08481026459618107,-0.14844379375723654,-0.02352102365871706
3288,Miguel Ángel Britos Cabrera,536,6,Left Center Back,DEF,0.0,0.0,1.0,0.16791044776119401,402.0,67.5,0.27275553030229355,0.04579850322240003,0.21137275436194614,0.03549169382943125
3289,Romelu Lukaku Menama,1455,17,Center Forward,FWD,10.0,0.6185567010309279,55.0,3.402061855670103,904.0,55.91752577319588,0.3869373897955712,0.023934271533746672,3.1011395330428666,0.19182306389955878
3290,Federico Fernández,766,8,Right Center Back,DEF,1.0,0.1174934725848564,6.0,0.7049608355091384,860.0,101.0443864229765,0.6886950989041553,0.08091717872242034,1.3304758215381298,0.15632222446270455
3291,Joe Hart,1047,11,Goalkeeper,GK,0.0,0.0,0.0,0.0,466.0,40.05730659025788,0.29122816917009536,0.025033940043274673,-0.6119534132012632,-0.05260344526085357
3292,Abdoulaye Doucouré,604,8,Left Defensive Midfield,MID,1.0,0.1490066225165563,9.0,1.3410596026490067,735.0,109.51986754966887,0.21633876120125325,0.03223590812601456,0.33053576287056785,0.049252017646276666
3293,Jesse Lingard,446,5,Left Wing,FWD,2.0,0.40358744394618834,7.0,1.4125560538116593,434.0,87.57847533632287,0.3855424753071168,0.07780005107094286,1.9960978645831347,0.4028000175167761
3294,Juan Manuel Mata García,681,8,Right Wing,FWD,4.0,0.5286343612334802,24.0,3.1718061674008813,841.0,111.14537444933922,0.5591593700507038,0.07389771410361724,2.456945253424559,0.3247064211574307
3295,Thiago Emiliano da Silva,757,8,Right Center Back,DEF,1.0,0.11889035667107001,6.0,0.71334214002642,1322.0,157.17305151915457,1.0095769556559702,0.12002896434483132,0.650490732426988,0.07733707518947017
3296,Marouane Fellaini-Bakkioui,383,7,Substitute,Unknown,1.0,0.2349869451697128,4.0,0.9399477806788512,435.0,102.21932114882506,-0.15274809960971053,-0.035893809307764875,0.8881376492208801,0.20870075308062458
3297,Andros Townsend,394,5,Right Wing,FWD,3.0,0.6852791878172589,8.0,1.8274111675126903,404.0,92.28426395939086,0.5475642937251997,0.12507813816057858,2.1113509865016677,0.4822882964090104
3300,Maya Yoshida,1089,13,Left Center Back,DEF,1.0,0.08264462809917356,3.0,0.24793388429752067,1198.0,99.0082644628099,0.650314676810972,0.05374501461247703,1.4176999907504069,0.11716528849176916
3302,Nordin Amrabat,446,6,Left Center Forward,FWD,0.0,0.0,7.0,1.4125560538116593,396.0,79.91031390134529,0.5171327656843858,0.10435414554169221,-0.4589103796202689,-0.09260523355565964
3304,Harry Arter,401,5,Center Attacking Midfield,MID,0.0,0.0,6.0,1.346633416458853,471.0,105.71072319201996,0.5561016376600768,0.12481084137009206,0.4093815304771997,0.09188114150361092
3306,Nathan Aké,1000,12,Left Back,DEF,0.0,0.0,7.0,0.63,1030.0,92.7,0.7932504636811228,0.07139254173130105,0.9352009647263912,0.08416808682537522
3307,Marc Albrighton,698,9,Left Midfield,MID,1.0,0.12893982808022922,13.0,1.67621776504298,672.0,86.64756446991403,1.7254852675301249,0.22248377375030262,1.577438805636717,0.2033946884058804
3308,Kieran Trippier,323,3,Left Back,DEF,0.0,0.0,2.0,0.5572755417956656,291.0,81.08359133126935,0.5684106724748575,0.15838068273293243,0.5277353390749777,0.14704699850386377
3309,Sebastian Prödl,695,8,Right Center Back,DEF,1.0,0.12949640287769784,2.0,0.2589928057553957,401.0,51.92805755395683,0.20760263070547455,0.026883793904306057,1.468298025400145,0.1901393126417454
3311,Daley Blind,1023,11,Left Center Back,DEF,0.0,0.0,2.0,0.17595307917888564,1324.0,116.48093841642229,1.7996927721682607,0.15833074241949507,1.4192018256252632,0.1248564655975305
3316,James Tomkins,589,7,Right Back,DEF,0.0,0.0,0.0,0.0,542.0,82.81833616298812,0.35484471826868047,0.05422075491372027,0.9166312654560897,0.1400625023617115
3319,Yacine Bammou,629,10,Center Attacking Midfield,MID,2.0,0.2861685214626391,15.0,2.1462639109697936,574.0,82.13036565977742,0.20009312692109277,0.028630177142922653,0.39985871699173003,0.057213488917735617
3321,Patrick van Aanholt,756,8,Left Back,DEF,2.0,0.23809523809523808,12.0,1.4285714285714284,704.0,83.80952380952381,0.8924435337310371,0.10624327782512348,2.3208047974767396,0.2762862854138976
3322,Jonas Lössl,942,10,Goalkeeper,GK,0.0,0.0,0.0,0.0,483.0,46.146496815286625,0.5688581706526107,0.05434950675024943,-0.07874179893406108,-0.007523101808986728
3324,Eric Bertrand Bailly,707,9,Right Center Back,DEF,0.0,0.0,1.0,0.1272984441301273,556.0,70.77793493635077,0.22203062444171132,0.028264153040670464,0.5072115921648219,0.0645672465273465
3325,Marko Arnautović,700,8,Left Wing,FWD,1.0,0.12857142857142856,13.0,1.6714285714285715,715.0,91.92857142857142,0.9422595378644247,0.12114765486828319,0.7091292705154046,0.09117376335198059
3328,James Ward-Prowse,617,14,Substitute,Unknown,2.0,0.2917341977309562,10.0,1.458670988654781,596.0,86.93679092382496,0.13426500963948712,0.01958484743525744,1.8442064338868747,0.26900904222012756
3329,Cédric Ricardo Alves Soares,1130,13,Right Back,DEF,1.0,0.07964601769911504,8.0,0.6371681415929203,1279.0,101.86725663716814,2.316843607055123,0.18452736693359387,2.067969327661558,0.1647055216721595
3333,David de Gea Quintana,668,7,Goalkeeper,GK,0.0,0.0,0.0,0.0,293.0,39.47604790419162,0.12269816041696734,0.01653118927773512,-0.6929945164301898,-0.09336752466873816
3337,Jermain Defoe,408,5,Center Forward,FWD,4.0,0.8823529411764706,10.0,2.2058823529411766,158.0,34.85294117647059,0.10184656846255499,0.02246615480791654,3.2461505006212974,0.7160626104311686
3339,Asmir Begović,621,7,Goalkeeper,GK,0.0,0.0,0.0,0.0,261.0,37.826086956521735,0.1682952596826048,0.024390617345305045,0.11379305965965614,0.01649174777676176
3340,Kyle Naughton,446,7,Right Back,DEF,0.0,0.0,1.0,0.20179372197309417,546.0,110.17937219730942,0.29482142942249845,0.05949311356059386,0.6015671394416131,0.12139247208463046
3341,Steve Cook,575,6,Left Center Back,DEF,0.0,0.0,10.0,1.565217391304348,578.0,90.4695652173913,0.22812368915230752,0.035706316562969874,-0.23700575933943036,-0.037096553635736926
3343,Dan Gosling,450,6,Right Center Midfield,MID,1.0,0.2,11.0,2.2,535.0,107.0,0.7725194141759495,0.1545038828351899,1.1132040265656542,0.22264080531313082
3344,Andrew Surman,670,7,Center Defensive Midfield,MID,0.0,0.0,1.0,0.13432835820895522,774.0,103.97014925373135,0.6884699992118011,0.09248104467024194,1.2315073096688138,0.16542635503013917
3345,Charlie Daniels,670,7,Left Back,DEF,2.0,0.26865671641791045,4.0,0.5373134328358209,797.0,107.0597014925373,1.0442667879284955,0.14027464315457402,1.7212739979521139,0.231215910172672
3346,Joshua King,571,7,Right Center Forward,FWD,3.0,0.47285464098073554,16.0,2.521891418563923,395.0,62.25919439579685,0.9190917075412032,0.14486559313258895,2.7098077332339017,0.4271150542750458
3347,André Ayew Pelé,901,10,Right Wing,FWD,6.0,0.5993340732519422,20.0,1.997780244173141,691.0,69.02330743618202,0.4307868633683657,0.043030874254331754,4.069635910447687,0.4065119111434981
3348,Younousse Sankharé,848,9,Left Defensive Midfield,MID,3.0,0.31839622641509435,6.0,0.6367924528301887,1020.0,108.25471698113206,1.0595280888471041,0.11244991508990491,2.400820427763392,0.2548040548333789
3349,Michail Antonio,451,5,Center Forward,FWD,1.0,0.19955654101995565,7.0,1.3968957871396896,315.0,62.86031042128604,0.4980814051917405,0.09939540236642272,0.7799070385372033,0.15563555092760156
3354,Benoît Guy Robert Costil,569,6,Goalkeeper,GK,0.0,0.0,0.0,0.0,243.0,38.43585237258348,0.15215643018444197,0.024066922173286077,-0.46271222847281024,-0.07318822594473273
3359,Jean Michaël Seri,709,8,Left Center Midfield,MID,0.0,0.0,13.0,1.6502115655853313,1268.0,160.95909732016926,0.8680774971707831,0.11019319428119954,0.9422626810260117,0.11961021338835127
3361,Clément Grenier,286,4,Left Center Midfield,MID,0.0,0.0,3.0,0.9440559440559441,449.0,141.2937062937063,0.4380605638003792,0.1378512263707487,0.16407645889860578,0.05163245210095986
3363,Marcus Coco,390,7,Right Midfield,MID,0.0,0.0,3.0,0.6923076923076923,279.0,64.38461538461539,0.33974434162347067,0.07840254037464708,-0.6759656850772444,-0.1559920811716718
3364,Jonathan Martins-Pereira,377,4,Right Back,DEF,0.0,0.0,2.0,0.47745358090185674,455.0,108.62068965517241,0.5655777209089918,0.13501855406315455,-0.037254947499604896,-0.008893754044998517
3365,Valentin Rongier,285,5,Left Center Midfield,MID,0.0,0.0,1.0,0.3157894736842105,358.0,113.05263157894736,0.3299886712911394,0.10420694882878086,0.6180052484720946,0.19515955214908248
3372,Rachid Ghezzal,281,3,Right Wing,FWD,2.0,0.6405693950177935,17.0,5.444839857651245,364.0,116.58362989323844,0.5336948334294431,0.17093428828701027,1.7218765166873344,0.5514906992948758
3374,Andrea Raggi,658,7,Right Back,DEF,2.0,0.2735562310030395,3.0,0.41033434650455924,546.0,74.68085106382979,0.6776822282529443,0.09269209808930849,2.0991494345944375,0.28711770381990787
3375,Adrien Thomasson,1051,13,Right Wing,FWD,1.0,0.0856327307326356,11.0,0.9419600380589914,1357.0,116.20361560418648,1.5152444005748282,0.12975451574855806,2.2663246943374395,0.1940715723029206
3379,Alphonse Areola,1037,11,Goalkeeper,GK,0.0,0.0,0.0,0.0,504.0,43.74156219864995,0.23945583111742333,0.020782087560817838,-0.5832028115692083,-0.05061548027119455
3380,Christian Benteke Liolo,338,5,Center Forward,FWD,0.0,0.0,9.0,2.396449704142012,189.0,50.32544378698225,0.14215569208601878,0.03785210736018251,-1.1565717428456992,-0.307962890106843
3381,Nemanja Matić,758,9,Left Center Midfield,MID,1.0,0.11873350923482849,11.0,1.3060686015831136,965.0,114.5778364116095,0.7563375845144714,0.08980261557559686,2.1027999725483824,0.24967281995957047
3382,Luke Shaw,379,4,Left Back,DEF,1.0,0.23746701846965698,0.0,0.0,420.0,99.73614775725595,0.8946567119681039,0.21245146194493233,0.7005187097690069,0.16635008939105703
3385,Alexis Alejandro Sánchez Sánchez,430,5,Left Wing,FWD,1.0,0.20930232558139533,22.0,4.604651162790698,596.0,124.74418604651163,1.377365285162935,0.2882857573596841,1.157756051350967,0.2423210340036908
3389,Eliaquim Mangala,758,8,Left Center Back,DEF,0.0,0.0,3.0,0.3562005277044855,748.0,88.81266490765172,0.33117555759537687,0.03932163612610015,-0.5818607135151979,-0.06908636440154065
3394,Laurent Koscielny,569,6,Left Center Back,DEF,0.0,0.0,4.0,0.632688927943761,640.0,101.23022847100177,0.40738076095138026,0.06443632422781058,-0.7402664269175148,-0.11708959300980022
3404,Youssouf Sabaly,921,10,Right Back,DEF,1.0,0.09771986970684039,5.0,0.48859934853420195,1219.0,119.12052117263843,2.6791337140914395,0.2618045974682188,3.414130665769335,0.33362840382110764
3405,François Kamano,495,7,Right Wing,FWD,0.0,0.0,12.0,2.1818181818181817,410.0,74.54545454545455,1.3525095841500052,0.24591083348181914,-0.3936435850256821,-0.07157156091376038
3406,Jérémy Toulalan,374,4,Right Defensive Midfield,MID,0.0,0.0,2.0,0.48128342245989303,397.0,95.53475935828877,0.4057558372244799,0.09764177901123848,0.2670003074745182,0.06425141088958994
3407,Scott Dann,581,6,Right Center Back,DEF,2.0,0.3098106712564544,9.0,1.3941480206540449,419.0,64.90533562822719,0.4712927551946352,0.07300576242257689,1.476390555355465,0.22870077449568307
3408,Thomas Touré,420,8,Substitute,Unknown,0.0,0.0,13.0,2.7857142857142856,340.0,72.85714285714286,0.5222962074421935,0.11192061588047003,-0.14314785564807242,-0.03067454049601552
3413,Kévin Théophile-Catherine,853,9,Right Back,DEF,1.0,0.10550996483001171,1.0,0.10550996483001171,752.0,79.34349355216881,0.9850745387578843,0.1039351799392844,1.5799841686384752,0.16670407406502083
3414,Vincent Pajot,465,8,Substitute,Unknown,1.0,0.1935483870967742,8.0,1.5483870967741935,319.0,61.74193548387097,0.16617847526315443,0.03216357585738473,0.5326590788608883,0.10309530558597838
3416,Gabriel Moisés Antunes da Silva,673,8,Left Wing Back,DEF,0.0,0.0,5.0,0.6686478454680534,599.0,80.1040118870728,0.5640625005077162,0.07543183513476145,0.51004999626684,0.06820876621696226
3420,Rémy Cabella,512,6,Center Attacking Midfield,MID,1.0,0.17578125,8.0,1.40625,666.0,117.0703125,0.9348176797211258,0.16432342026347915,1.3046589338191552,0.22933457821039838
3421,Bryan Dabo,596,7,Right Center Midfield,MID,1.0,0.15100671140939598,8.0,1.2080536912751678,759.0,114.61409395973153,0.8886543547055437,0.13419277168372304,1.205570678372169,0.18204926351257583
3423,Alexander Toft Søderlund,364,4,Center Forward,FWD,2.0,0.4945054945054945,12.0,2.967032967032967,168.0,41.53846153846154,0.16497180199390737,0.040789731262229845,0.8413998841733933,0.2080384329000148
3424,Cheikh M''Bengue,424,5,Left Back,DEF,0.0,0.0,3.0,0.6367924528301887,557.0,118.23113207547169,0.4744253902036008,0.10070350263755677,0.7909534945501946,0.16789107195640923
3425,Morgan Amalfitano,306,4,Left Wing,FWD,0.0,0.0,3.0,0.8823529411764706,284.0,83.52941176470588,0.22398534990202604,0.06587804408883119,0.18165780624886974,0.05342876654378522
3431,Vincent Manceau,840,9,Right Back,DEF,1.0,0.10714285714285715,2.0,0.2142857142857143,704.0,75.42857142857143,0.8672645947997215,0.09292120658568444,0.8365706210606731,0.08963256654221498
3432,Alexandre Letellier,655,7,Goalkeeper,GK,0.0,0.0,0.0,0.0,296.0,40.67175572519084,0.16825317827090466,0.02311875731966629,-0.5191251031355932,-0.07133016684305861
3436,Idrissa Gana Gueye,868,9,Center Defensive Midfield,MID,0.0,0.0,11.0,1.140552995391705,1016.0,105.34562211981567,0.3935920911411477,0.040810239864865545,0.8068605651981198,0.0836606576818327
3437,Francis Joseph Coquelin,327,4,Left Defensive Midfield,MID,0.0,0.0,3.0,0.8256880733944955,405.0,111.46788990825686,0.004837763775372499,0.0013314946170749997,0.7883722019614652,0.21698317485177943
3443,Joel Ward,484,5,Right Back,DEF,0.0,0.0,3.0,0.5578512396694215,502.0,93.34710743801652,0.9264644849117716,0.17227645380590795,1.06820043240441,0.19863231181073743
3444,Danijel Subašić,939,10,Goalkeeper,GK,0.0,0.0,0.0,0.0,415.0,39.77635782747604,0.32759083379062065,0.031398482471944475,0.4300888802972622,0.041222576386319064
3445,Radamel Falcao García Zárate,491,8,Substitute,Unknown,1.0,0.18329938900203666,10.0,1.8329938900203666,326.0,59.75560081466395,-0.2158517918131157,-0.039565501554338925,0.15204807117697783,0.027870318545678216
3446,Djibril Sidibé,1045,11,Left Back,DEF,0.0,0.0,8.0,0.6889952153110048,1329.0,114.45933014354067,1.5186527573483122,0.13079306044148142,0.9367282842689892,0.08067516323847755
3449,Wayne Routledge,394,8,Substitute,Unknown,0.0,0.0,5.0,1.1421319796954315,324.0,74.01015228426397,0.4734289717257287,0.1081436737444558,0.013310446950374172,0.0030404574252123743
3450,Jordan Ayew,990,11,Left Wing,FWD,4.0,0.36363636363636365,24.0,2.1818181818181817,936.0,85.0909090909091,1.4610393504764705,0.1328217591342246,0.7464206847528081,0.06785642588661892
3451,Alexandre Lacazette,471,5,Center Forward,FWD,3.0,0.5732484076433121,14.0,2.6751592356687897,377.0,72.03821656050955,0.30983849676067726,0.059204808298218586,1.6420449978290126,0.3137665600947158
3454,Troy Deeney,1059,12,Left Center Forward,FWD,3.0,0.254957507082153,29.0,2.464589235127479,790.0,67.13881019830029,1.0163416483616423,0.08637464433668349,-0.048181997897630446,-0.004094787356739131
3456,Kurt Happy Zouma,503,6,Right Center Back,DEF,1.0,0.17892644135188865,8.0,1.4314115308151092,413.0,73.89662027833002,-0.019377333511253557,-0.003467117328057296,0.47395719373889733,0.08480347402882854
3457,Michy Batshuayi Tunga,607,9,Center Forward,FWD,3.0,0.4448105436573311,29.0,4.299835255354201,354.0,52.48764415156508,0.09597333028665984,0.014229983073804589,0.7390091570268851,0.10957302163495826
3461,Petr Čech,569,6,Goalkeeper,GK,0.0,0.0,0.0,0.0,325.0,51.40597539543058,0.2416952500896329,0.03822947716707726,-1.3821266349987127,-0.21861405474496337
3462,Jack Frank Porteous Cork,537,7,Right Center Midfield,MID,0.0,0.0,2.0,0.33519553072625696,631.0,105.75418994413407,0.27272254565958304,0.0457076892166899,0.5121202440932393,0.0858302085072468
3463,Junior Stanislas,290,5,Left Midfield,MID,1.0,0.3103448275862069,8.0,2.4827586206896552,340.0,105.51724137931033,0.19285500083287588,0.05985155198261665,-0.0824522978173336,-0.02558864415020698
3464,James McArthur,334,4,Left Defensive Midfield,MID,0.0,0.0,2.0,0.5389221556886228,317.0,85.41916167664671,0.0737604967354899,0.01987558295267692,0.16856103492318653,0.04542063815295445
3467,Erik Pieters,810,9,Left Back,DEF,0.0,0.0,1.0,0.1111111111111111,917.0,101.8888888888889,0.8471312601794266,0.09412569557549184,0.13422361781052314,0.014913735312280348
3468,Jordan Pickford,417,4,Goalkeeper,GK,0.0,0.0,0.0,0.0,299.0,64.53237410071942,0.19070525067362404,0.041159406620206625,-1.8422068210784346,-0.39759859447735996
3471,Dejan Lovren,890,10,Right Center Back,DEF,1.0,0.10112359550561799,6.0,0.6067415730337079,946.0,95.6629213483146,0.646628413548558,0.06538939013412384,0.5618207364095724,0.056813332895350024
3472,Willian Borges da Silva,532,8,Right Wing,FWD,2.0,0.3383458646616541,13.0,2.199248120300752,668.0,113.00751879699249,0.9518023813417263,0.16101919985104393,3.2101654698485507,0.5430731058014465
3473,James Philip Milner,476,5,Right Wing,FWD,3.0,0.5672268907563025,8.0,1.5126050420168067,593.0,112.1218487394958,0.8446476958386088,0.15970229543166972,1.8774924923067446,0.3549880762764853
3475,Per Mertesacker,377,4,Right Center Back,DEF,0.0,0.0,3.0,0.7161803713527851,383.0,91.43236074270558,0.18543465594637862,0.044268220252451126,0.12902090229908936,0.03080074590694441
3477,Álvaro Borja Morata Martín,517,9,Substitute,Unknown,4.0,0.6963249516441006,17.0,2.959381044487427,409.0,71.19922630560929,-0.110149123955748,-0.019174895853031566,1.5991598950204207,0.27838373414281986
3478,Francesc Fàbregas i Soler,627,8,Right Defensive Midfield,MID,0.0,0.0,12.0,1.7224880382775118,1107.0,158.89952153110048,1.4035999795582754,0.20147368127630746,1.107882251753821,0.15902616053882598
3480,Geoff Cameron,494,6,Right Center Back,DEF,0.0,0.0,1.0,0.18218623481781376,433.0,78.88663967611336,0.14638092030668107,0.026668588719840677,0.530418768292293,0.09663499827187523
3481,Serge Aurier,708,8,Right Back,DEF,0.0,0.0,9.0,1.1440677966101696,1112.0,141.35593220338984,0.24026797461078434,0.030542539145438686,0.3967040019633714,0.0504284748258523
3482,James Collins,388,5,Right Center Back,DEF,0.0,0.0,5.0,1.1597938144329896,278.0,64.48453608247422,0.0813181466309132,0.0188624566927376,0.17837856823462062,0.04137647201318519
3486,Fernando Llorente Torres,448,8,Center Forward,FWD,3.0,0.6026785714285714,12.0,2.4107142857142856,286.0,57.45535714285714,0.17295717100219474,0.03474586024597662,-1.8705302067101002,-0.3757761575980112
3488,Wayne Hennessey,581,6,Goalkeeper,GK,0.0,0.0,0.0,0.0,265.0,41.049913941480206,0.23190323260277293,0.03592304807960338,-0.32128624062170275,-0.04976895293623622
3490,James Morrison,334,4,Left Center Midfield,MID,0.0,0.0,7.0,1.8862275449101795,296.0,79.76047904191617,0.333326092266327,0.08981840809571685,0.2766743711690651,0.07455297426711335
3491,Dimitri Payet,618,7,Left Wing,FWD,4.0,0.5825242718446603,14.0,2.0388349514563107,739.0,107.62135922330097,1.0853330153102763,0.15805820611314703,3.7863714027099777,0.5514133110742686
3493,Emre Can,453,7,Left Center Midfield,MID,0.0,0.0,2.0,0.3973509933774834,601.0,119.40397350993376,0.15619696557582072,0.031032509717050474,0.4731821120076347,0.09400969112734466
3494,Davinson Sánchez Mina,523,5,Right Center Back,DEF,0.0,0.0,4.0,0.6883365200764818,491.0,84.49330783938814,0.24332250237559397,0.04187194113537946,0.06432990041503217,0.011070154947137468
3496,Mesut Özil,420,5,Center Attacking Midfield,MID,3.0,0.6428571428571428,2.0,0.4285714285714286,635.0,136.07142857142856,1.1794397621456736,0.25273709188835863,0.5413162223342806,0.11599633335734584
3497,Vicente Iborra De La Fuente,495,9,Substitute,Unknown,3.0,0.5454545454545454,14.0,2.5454545454545454,399.0,72.54545454545455,0.3139644647441718,0.05708444813530396,1.324270686833188,0.24077648851512506
3498,Ignacio Monreal Eraso,569,6,Left Back,DEF,0.0,0.0,0.0,0.0,624.0,98.69947275922672,0.5860069196333791,0.09269002243761709,0.650217212209478,0.10284630773084891
3500,Granit Xhaka,385,4,Left Defensive Midfield,MID,1.0,0.23376623376623376,6.0,1.4025974025974026,528.0,123.42857142857143,0.28822611125616526,0.06737753250144124,1.5525050405671355,0.3629232562364732
3501,Philippe Coutinho Correia,434,5,Left Wing,FWD,3.0,0.6221198156682028,18.0,3.7327188940092166,562.0,116.54377880184332,1.132757398834086,0.23490360805315147,3.768122767017223,0.7814079470773043
3507,Wilfried Zaha,483,5,Right Wing,FWD,0.0,0.0,3.0,0.5590062111801242,431.0,80.31055900621118,1.4606113393277589,0.27216360360144576,0.6652885527404724,0.12396681106965324
3509,Thibaut Courtois,731,8,Goalkeeper,GK,0.0,0.0,0.0,0.0,342.0,42.106703146374834,0.15944808495577295,0.019631091171025395,-1.4494124342454597,-0.17845023130245058
3511,Héctor Bellerín Moruno,475,5,Right Back,DEF,0.0,0.0,1.0,0.18947368421052632,548.0,103.83157894736843,0.8424676447677396,0.15962544848230856,1.0030699397902936,0.19005535701289772
3514,James McClean,683,10,Left Midfield,MID,0.0,0.0,5.0,0.6588579795021963,522.0,68.78477306002928,0.9397786276147535,0.12383612955392066,0.4823593646576628,0.06356126327846216
3515,Alberto Moreno Pérez,339,4,Left Back,DEF,0.0,0.0,4.0,1.0619469026548671,359.0,95.30973451327434,0.5184351945625865,0.13763766227325305,0.09832456249068489,0.02610386614796944
3517,Aaron Ramsey,651,7,Right Wing,FWD,2.0,0.2764976958525346,20.0,2.7649769585253456,905.0,125.11520737327189,0.6310771845477663,0.08724569371628105,2.5659191653748277,0.3547353684849992
3518,Leighton Baines,284,3,Left Back,DEF,1.0,0.31690140845070425,4.0,1.267605633802817,339.0,107.42957746478874,0.7494611031130518,0.2375052791555446,0.6857478864226518,0.2173144710494319
3520,Jeffrey Schlupp,370,7,Substitute,Unknown,0.0,0.0,4.0,0.972972972972973,295.0,71.75675675675676,0.7290774113525753,0.1773431541127886,1.0032939886732493,0.24404448373133092
3522,Heurelho da Silva Gomes,1137,12,Goalkeeper,GK,0.0,0.0,0.0,0.0,563.0,44.56464379947229,0.42819038766487866,0.03389369823204844,-0.00655121065210551,-0.000518565486974051
3523,Craig Dawson,1053,11,Right Back,DEF,1.0,0.08547008547008547,10.0,0.8547008547008547,914.0,78.11965811965813,1.4320785276900023,0.12239987416153866,1.3119998245238094,0.11213673713878712
3530,Hiroki Sakai,324,4,Right Back,DEF,0.0,0.0,3.0,0.8333333333333333,282.0,78.33333333333333,0.4427771918216253,0.12299366439489591,0.5119618644239381,0.14221162900664946
3531,Mohamed Salah,778,10,Right Wing,FWD,6.0,0.6940874035989717,17.0,1.9665809768637532,706.0,81.67095115681234,1.7602629930755003,0.20362939508585481,4.0407401655539665,0.467437808354572
3532,Jordan Brian Henderson,446,5,Right Center Midfield,MID,1.0,0.20179372197309417,3.0,0.6053811659192826,475.0,95.85201793721974,0.32121818632534443,0.06481981338403811,1.1811135344840586,0.2383412961963347
3533,Xherdan Shaqiri,492,6,Right Wing,FWD,3.0,0.5487804878048781,15.0,2.74390243902439,539.0,98.59756097560975,1.2304903851114413,0.22508970459355634,1.4814224525920583,0.27099191205952283
3535,Roberto Firmino Barbosa de Oliveira,390,7,Substitute,Unknown,5.0,1.1538461538461537,14.0,3.2307692307692304,436.0,100.61538461538461,0.16098312738030535,0.03714995247237816,3.299656305167824,0.7614591473464211
3537,Jack Butland,955,10,Goalkeeper,GK,0.0,0.0,0.0,0.0,517.0,48.72251308900523,0.39309836094439043,0.03704591883245564,-0.5474788958672434,-0.05159486976759362
3538,Wayne Mark Rooney,697,8,Center Forward,FWD,2.0,0.2582496413199426,21.0,2.7116212338593972,679.0,87.67575322812051,-0.08845254333196662,-0.011421418794658529,0.23700488056533509,0.03060321269853681
3539,Simon Mignolet,579,6,Goalkeeper,GK,0.0,0.0,0.0,0.0,261.0,40.5699481865285,0.16966788464971677,0.026373246318608823,-0.6028843253443483,-0.093712589431764
3541,Chris Brunt,464,6,Left Back,DEF,0.0,0.0,5.0,0.9698275862068966,377.0,73.125,0.7771477637272394,0.15073986796433522,0.9479437296811957,0.18386839584333536
3543,Steve Mandanda,755,8,Goalkeeper,GK,0.0,0.0,0.0,0.0,520.0,61.98675496688742,0.28257721080240567,0.03368470062545233,-1.5753000910044648,-0.18778411680847926
3549,Romain Thomas,1028,11,Left Center Back,DEF,0.0,0.0,6.0,0.5252918287937743,733.0,64.17315175097276,0.5587401493363637,0.04891693914423417,-0.10692350592580624,-0.009361007328134788
3552,Benjamin Jeannot,316,6,Substitute,Unknown,3.0,0.8544303797468354,11.0,3.132911392405063,222.0,63.22784810126582,0.08456372313358906,0.02408460468994625,1.8708510336728068,0.5328373197169386
3556,Serge Gakpé,284,5,Right Wing,FWD,2.0,0.6338028169014085,9.0,2.852112676056338,189.0,59.894366197183096,0.17404097341929198,0.055153829604705204,1.1273911789467093,0.3572718524831121
3567,Georginio Wijnaldum,1232,14,Center Attacking Midfield,MID,3.0,0.21915584415584416,11.0,0.8035714285714285,974.0,71.15259740259741,1.0097793787028462,0.07376635071692869,2.90267990935361,0.21204642194953321
3570,Pierre-Emile Højbjerg,393,4,Center Defensive Midfield,MID,0.0,0.0,3.0,0.6870229007633587,558.0,127.78625954198472,0.3606259285352122,0.08258609050424708,-0.04587429476484839,-0.010505563686606502
3576,Martin Olsson,806,10,Left Back,DEF,1.0,0.11166253101736973,2.0,0.22332506203473945,601.0,67.10918114143921,0.4859683442991893,0.05426445531876803,1.6601437729113968,0.18537585553601205
3583,Ashley Westwood,766,9,Left Center Midfield,MID,0.0,0.0,12.0,1.4099216710182767,960.0,112.79373368146214,0.9344470598001325,0.10979143000262655,0.9210245758551173,0.10821437575321223
3585,Erik Lamela,754,11,Right Wing,FWD,2.0,0.23872679045092837,15.0,1.7904509283819627,682.0,81.40583554376659,0.6889251863423577,0.0822324492981594,1.5537154306748415,0.18545674901954343
3588,Wesley Hoedt,513,6,Left Center Back,DEF,0.0,0.0,4.0,0.7017543859649122,549.0,96.3157894736842,0.319740698560497,0.05609485939657842,-0.15188612136989832,-0.026646687959631286
3589,Yannick Bolasie Yala,347,4,Left Wing,FWD,1.0,0.25936599423631124,6.0,1.5561959654178676,316.0,81.95965417867436,0.21510935643611356,0.05579205210158565,0.8265453017083928,0.21437774395894915
3590,Rhu-endly Martina,274,5,Substitute,Unknown,0.0,0.0,0.0,0.0,239.0,78.5036496350365,0.37158589851907214,0.12205376228728648,0.3917106179869734,0.1286640716015606
3594,Danny Rose,784,9,Left Back,DEF,2.0,0.22959183673469385,8.0,0.9183673469387754,994.0,114.10714285714285,1.288315289392049,0.14789333679245462,1.8997079814984463,0.2180787223658931
3595,Manuel Lanzini,437,6,Center Attacking Midfield,MID,2.0,0.41189931350114417,13.0,2.677345537757437,471.0,97.00228832951944,0.41686233941914086,0.08585265571561254,2.168561489259824,0.4466144943555702
3596,Gareth McAuley,954,10,Right Center Back,DEF,0.0,0.0,3.0,0.2830188679245283,564.0,53.20754716981132,0.18344974475364695,0.01730657969374028,0.14144757553003728,0.01334411089906012
3598,Wilfried Guemiand Bony,503,8,Left Center Forward,FWD,2.0,0.3578528827037773,23.0,4.11530815109344,373.0,66.73956262425448,0.2814073923256708,0.05035122327894706,-0.9004845941362641,-0.16112050392100155
3600,Morgan Schneiderlin,454,5,Center Defensive Midfield,MID,0.0,0.0,1.0,0.19823788546255508,587.0,116.36563876651982,0.24705754825414986,0.048976165953465836,0.4947870513973758,0.09808553882326833
3603,Mame Biram Diouf,562,9,Substitute,Unknown,0.0,0.0,12.0,1.9217081850533808,274.0,43.87900355871886,0.16007196031725718,0.025634299694934422,-1.054079135064967,-0.16880270846236126
3604,Olivier Giroud,690,11,Center Forward,FWD,2.0,0.2608695652173913,26.0,3.3913043478260874,467.0,60.913043478260875,0.36456758615327645,0.047552293846079535,-0.08177585442899726,-0.0106664157950866
3605,Sung-Yeung Ki,593,8,Left Center Midfield,MID,0.0,0.0,4.0,0.6070826306913997,670.0,101.68634064080943,0.4749277483475173,0.07208009671378846,0.8185493345663417,0.12423177084480734
3607,James McCarthy,824,9,Right Defensive Midfield,MID,1.0,0.10922330097087378,4.0,0.4368932038834951,839.0,91.63834951456312,0.4833288798591709,0.05279077571277352,2.0596390528047923,0.22496057615586323
3608,Simon Francis,670,7,Right Center Back,DEF,0.0,0.0,2.0,0.26865671641791045,966.0,129.76119402985074,1.2053799836209227,0.16191671421773587,1.0740916379403789,0.14428096629049866
3610,Roque Mesa Quevedo,671,8,Right Defensive Midfield,MID,0.0,0.0,6.0,0.8047690014903129,1188.0,159.34426229508196,0.7247884005804639,0.09721453957115016,0.8259978475398384,0.11078957716629725
3611,Kevin Wimmer,286,3,Left Center Back,DEF,0.0,0.0,0.0,0.0,378.0,118.95104895104895,0.22000997498117844,0.06923390821086035,0.42632815139950253,0.13415920848236093
3612,Ashley Young,404,6,Substitute,Unknown,0.0,0.0,2.0,0.44554455445544555,460.0,102.47524752475246,0.7834037255167594,0.17452063192205036,0.9164517054174793,0.20416003338508204
3621,Eden Hazard,1059,13,Left Wing,FWD,3.0,0.254957507082153,24.0,2.039660056657224,1449.0,123.1444759206799,3.220557732866958,0.2737017903286367,3.333082996931372,0.2832648439318447
3623,Adrián San Miguel del Castillo,671,7,Goalkeeper,GK,0.0,0.0,0.0,0.0,341.0,45.73770491803279,0.21394976164409754,0.02869668934123514,-1.167435990384547,-0.15658604938093776
3625,Sofiane Boufal,540,7,Right Wing,FWD,2.0,0.33333333333333337,11.0,1.8333333333333335,633.0,105.5,1.398907118573491,0.23315118642891516,2.6336582867011895,0.4389430477835316
3626,Ben Watson,778,10,Left Center Midfield,MID,1.0,0.11568123393316194,3.0,0.34704370179948585,675.0,78.08483290488432,0.293019308634425,0.0338968351890723,1.930731524724164,0.2233494051737465
3629,Sadio Mané,1250,15,Center Attacking Midfield,MID,6.0,0.43199999999999994,37.0,2.664,1350.0,97.2,2.770812163454775,0.1994984757687438,4.90943845253787,0.3534795685827266
3633,Gareth Barry,869,9,Left Defensive Midfield,MID,0.0,0.0,3.0,0.3107019562715765,961.0,99.52819332566169,1.1291774341606489,0.11694587925714431,1.7770885542122414,0.184048296753857
3635,Jordon Ibe,341,7,Substitute,Unknown,0.0,0.0,5.0,1.3196480938416424,357.0,94.22287390029325,1.0684056432505227,0.2819838941130412,0.654084243436344,0.1726322050125248
3636,Charlie Adam,297,5,Substitute,Unknown,0.0,0.0,5.0,1.5151515151515151,309.0,93.63636363636364,0.3169241290837071,0.09603761487385064,0.24158238275314217,0.07320678265246731
3637,Grzegorz Krychowiak,638,7,Left Defensive Midfield,MID,0.0,0.0,6.0,0.8463949843260189,747.0,105.37617554858933,0.5414128726183247,0.07637485663894862,0.6243454928480787,0.08807381560552834
3638,Shkodran Mustafi,539,6,Right Center Back,DEF,0.0,0.0,5.0,0.8348794063079777,656.0,109.53617810760667,0.3752628105511702,0.06265983849648482,0.7431398375774734,0.1240864292800976
3639,Georges-Kévin Nkoudou Mbida,544,8,Left Wing,FWD,1.0,0.16544117647058823,8.0,1.3235294117647058,503.0,83.21691176470588,0.5928495082946058,0.09808172012226933,0.6256971938321367,0.1035160798619344
3644,Ashley Williams,770,8,Left Center Back,DEF,0.0,0.0,2.0,0.23376623376623376,808.0,94.44155844155843,0.5715248734353885,0.0668016085833571,1.5359132188023068,0.1795223242755943
3645,Gary Cahill,581,6,Right Center Back,DEF,1.0,0.1549053356282272,1.0,0.1549053356282272,476.0,73.73493975903614,0.25280464707624006,0.039160788703720494,0.9367320958990604,0.14510479970897663
3649,Karl Darlow,386,4,Goalkeeper,GK,0.0,0.0,0.0,0.0,216.0,50.362694300518136,0.18122392597979944,0.04225428325953873,-0.550753128802171,-0.1284139419486927
3650,Daryl Janmaat,1003,11,Right Back,DEF,1.0,0.08973080757726819,12.0,1.0767696909272184,1112.0,99.78065802592224,1.7442566180198242,0.15651355495691344,2.7663233391504036,0.2482244272418109
3651,Matt Targett,619,7,Left Wing Back,DEF,0.0,0.0,2.0,0.29079159935379645,570.0,82.87560581583199,0.5340913174641506,0.0776546342031883,0.39947202467010356,0.058081554475459325
3660,Davide Zappacosta,427,8,Right Wing Back,DEF,1.0,0.2107728337236534,8.0,1.6861826697892273,523.0,110.23419203747073,0.7216954912245074,0.15211380377097347,0.7898018495842116,0.16646877391704695
3662,Danny Drinkwater,754,8,Left Center Midfield,MID,0.0,0.0,16.0,1.909814323607427,894.0,106.71087533156499,0.42138124368807245,0.05029749593093703,0.9415439041040372,0.11238587714769674
3665,Andrew Philip King,434,5,Right Defensive Midfield,MID,3.0,0.6221198156682028,10.0,2.0737327188940093,356.0,73.82488479262673,0.2512985697717146,0.052112606634687364,2.0016227895830525,0.4150830669642275
3668,Theo Walcott,333,5,Center Forward,FWD,1.0,0.2702702702702703,13.0,3.5135135135135136,202.0,54.5945945945946,0.4124587846164107,0.11147534719362452,0.698034177403315,0.1886578857846797
3669,Virgil van Dijk,1452,15,Left Center Back,DEF,1.0,0.06198347107438017,12.0,0.743801652892562,1492.0,92.47933884297521,0.698473748296266,0.043293827373735494,1.7242303080129204,0.10687377942228846
3670,Jonathan Walters,696,8,Right Wing,FWD,3.0,0.3879310344827586,11.0,1.4224137931034484,497.0,64.26724137931035,0.012648161868109648,0.0016355381726003856,0.08751537400530651,0.01131664319034136
3672,Zlatan Ibrahimović,631,8,Center Forward,FWD,7.0,0.9984152139461173,36.0,5.134706814580032,699.0,99.69889064976229,0.9938631236484985,0.14175543760438172,4.929902287796722,0.703155635343431
3673,Yassine Benzia,457,7,Center Forward,FWD,2.0,0.3938730853391685,10.0,1.9693654266958425,320.0,63.01969365426696,0.13855482930490193,0.027286509053481782,0.9466452080669114,0.18642903441142675
3674,Vitorino Hilton da Silva,570,6,Right Center Back,DEF,0.0,0.0,4.0,0.631578947368421,591.0,93.3157894736842,0.7055401820973216,0.11140108138378763,0.0865447147807572,0.013664954965382716
3676,Jérôme Roussillon,663,7,Left Back,DEF,1.0,0.13574660633484165,4.0,0.5429864253393666,677.0,91.90045248868778,0.8366609670440268,0.11357388692905342,1.3305076673277654,0.18061190054223059
3677,Bakary Adama Soumaoro,683,8,Left Center Back,DEF,1.0,0.13177159590043924,3.0,0.3953147877013177,502.0,66.14934114202049,0.14835427134541035,0.019548879093831524,1.3106814939092146,0.17271059216958903
3679,Souleymane Camara,392,6,Right Center Forward,FWD,4.0,0.9183673469387754,9.0,2.066326530612245,317.0,72.78061224489795,0.13928392997577488,0.03197845331076464,1.9187703716597753,0.44053401390147906
3683,Tom Cleverley,584,7,Left Wing,FWD,0.0,0.0,7.0,1.0787671232876712,601.0,92.61986301369863,0.7317907771773613,0.11277597593486732,0.4306191540120635,0.0663625408580235
3684,Cheikhou Kouyaté,829,9,Left Center Midfield,MID,0.0,0.0,12.0,1.3027744270205066,642.0,69.6984318455971,0.2969413458078348,0.03223729930362501,0.21445378845965024,0.023282075948574812
3693,Damien Delaney,581,6,Left Center Back,DEF,1.0,0.1549053356282272,3.0,0.4647160068846816,453.0,70.17211703958692,0.46666271201500203,0.07228854402986262,0.20845443445432466,0.03229070413233945
3708,Kelechi Promise Iheanacho,437,9,Right Center Forward,FWD,3.0,0.6178489702517163,15.0,3.0892448512585813,429.0,88.35240274599542,0.19726726276384532,0.04062712505433885,2.4260820296524326,0.4996507612556498
3721,Etienne Capoue,982,11,Right Center Midfield,MID,0.0,0.0,11.0,1.0081466395112015,1151.0,105.4887983706721,0.5407543821083333,0.04955997392031568,0.5676808468172094,0.052027776184876626
3725,José Holebas,422,5,Left Back,DEF,0.0,0.0,3.0,0.6398104265402843,480.0,102.3696682464455,0.2641854883494194,0.05634287666219845,0.3607556000351906,0.0769383981117705
3742,Orestis Karnezis,669,7,Goalkeeper,GK,0.0,0.0,0.0,0.0,306.0,41.16591928251121,0.11306909973986727,0.01521108965110322,-0.11925024844822474,-0.01604263432038898
3745,Lucas Rodrigues Moura da Silva,689,10,Left Wing,FWD,4.0,0.5224963715529753,25.0,3.2656023222060955,835.0,109.07111756168361,1.268739695794104,0.16572797187441124,1.8438719944125042,0.24085410667217036
3753,Pedro Filipe Teodósio Mendes,327,4,Right Center Back,DEF,0.0,0.0,3.0,0.8256880733944955,340.0,93.57798165137613,0.30544891694388326,0.08406850925061007,-0.0014876929053571075,-0.0004094567629423232
3767,Ellyes Joris Skhiri,392,5,Center Defensive Midfield,MID,1.0,0.22959183673469385,1.0,0.22959183673469385,326.0,74.8469387755102,0.12065270425911802,0.027700875977858728,1.3608091575151775,0.31243067391930096
3779,Cédric Yambéré,925,10,Left Center Back,DEF,1.0,0.0972972972972973,9.0,0.8756756756756756,886.0,86.2054054054054,0.3828930883965493,0.03725446265479939,1.0324363305117004,0.1004532645903276
3797,Ismaël Tiémoko Diomandé,320,5,Substitute,Unknown,0.0,0.0,3.0,0.84375,311.0,87.46875,0.1463413186370868,0.04115849586668066,0.47328521907911636,0.13311146786600148
3810,Shinji Okazaki,572,10,Right Center Forward,FWD,2.0,0.3146853146853147,11.0,1.7307692307692308,338.0,53.18181818181819,0.235240589779119,0.03701337951070054,0.31799386770580895,0.050034000163501416
3812,Christian Fuchs,667,8,Left Back,DEF,1.0,0.13493253373313344,6.0,0.8095952023988006,713.0,96.20689655172413,0.8641131546813718,0.11659697739328856,1.0445098452178063,0.14093835992444165
3813,Wes Morgan,863,9,Right Center Back,DEF,1.0,0.10428736964078794,10.0,1.0428736964078795,412.0,42.96639629200464,0.002148803370082839,0.00022409305134119987,0.40473094816843513,0.04220832599670818
3814,Riyad Mahrez,847,10,Right Midfield,MID,4.0,0.42502951593860683,24.0,2.550177095631641,796.0,84.58087367178277,2.7208598129628667,0.2891114323101039,4.81625007025197,0.5117621089996189
3815,Kasper Schmeichel,1351,14,Goalkeeper,GK,0.0,0.0,0.0,0.0,687.0,45.766099185788306,0.7032916113454619,0.046851402680304646,-1.8435497493483126,-0.12281234451617182
3828,Steven Davis,932,12,Center Attacking Midfield,MID,3.0,0.28969957081545067,6.0,0.5793991416309013,1041.0,100.52575107296137,1.4860077255413442,0.1434986001059238,3.2767380293364403,0.31642320025781073
3831,Dušan Tadić,1241,17,Left Wing,FWD,8.0,0.580177276390008,22.0,1.5954875100725223,1152.0,83.54552780016117,3.5931386119277713,0.2605821716950036,4.964725297755329,0.36005260015953233
3842,Shane Long,665,10,Substitute,Unknown,4.0,0.5413533834586467,15.0,2.0300751879699246,447.0,60.49624060150376,0.3547924403504813,0.048017022002320775,1.3844983615417732,0.18737571810339787
3843,Angelo Obinze Ogbonna,532,7,Left Center Back,DEF,0.0,0.0,0.0,0.0,421.0,71.2218045112782,0.16401307581918168,0.02774657297692923,0.07732488660258241,0.013081277808707551
3874,Mark Noble,847,9,Right Center Midfield,MID,4.0,0.42502951593860683,12.0,1.2750885478158205,943.0,100.20070838252657,0.6938571177946778,0.07372743872670721,2.78598709356641,0.2960316864474344
3897,Pedro Mba Obiang Avomo,301,5,Substitute,Unknown,0.0,0.0,3.0,0.8970099667774086,232.0,69.3687707641196,0.14648431654417324,0.043799297305566746,0.23281402105931193,0.06961216576524278
3921,Ryan Williams,712,7,Right Back,DEF,1.0,0.12640449438202248,0.0,0.0,1053.0,133.10393258426967,1.0538154053387503,0.1332070034838308,1.5030010811169632,0.18998609171422287
3944,Gylfi Þór Sigurðsson,875,10,Center Attacking Midfield,MID,4.0,0.4114285714285715,24.0,2.4685714285714284,756.0,77.76,0.4423061856385283,0.045494350522820054,0.7242770852265499,0.07449707162330227
3953,Aaron Lennon,365,6,Substitute,Unknown,2.0,0.4931506849315069,7.0,1.726027397260274,254.0,62.63013698630137,0.6556898933987049,0.161676960016119,1.8941085375699913,0.467040461318628
3955,Tiemoué Bakayoko,582,7,Left Defensive Midfield,MID,1.0,0.15463917525773196,8.0,1.2371134020618557,707.0,109.32989690721648,0.14666013124563385,0.02267940173901554,1.3989162693615071,0.21632725814868667
3956,David Luiz Moreira Marinho,654,8,Left Center Back,DEF,0.0,0.0,5.0,0.6880733944954128,1217.0,167.47706422018348,0.8901742452518303,0.1225010429245638,0.28536876176076476,0.03927093051753643
3957,César Azpilicueta Tanco,803,9,Left Back,DEF,1.0,0.11207970112079702,4.0,0.44831880448318806,1001.0,112.19178082191782,0.7953392175498443,0.08914138179263509,1.6806038410722977,0.18836157620984656
3958,Pedro Eliezer Rodríguez Ledesma,457,6,Right Wing,FWD,0.0,0.0,15.0,2.9540481400437635,566.0,111.46608315098467,0.5200847367186353,0.10242368994458902,0.32415440368140114,0.0638378475521359
3959,Andreas Christensen,472,5,Left Center Back,DEF,1.0,0.1906779661016949,1.0,0.1906779661016949,604.0,115.16949152542372,0.43283505642963416,0.08253210821751499,1.3243371672870126,0.25252191749116765
3960,José Miguel da Rocha Fonte,1390,15,Right Center Back,DEF,1.0,0.06474820143884892,11.0,0.7122302158273381,1421.0,92.00719424460432,1.1788492761868727,0.07632837040058889,0.7646938632824458,0.0495125522988634
3961,N'Golo Kanté,1008,12,Right Center Midfield,MID,0.0,0.0,7.0,0.625,1133.0,101.16071428571429,1.0794781778133766,0.09638198016190863,1.5837777816777816,0.14140873050694477
3962,Diafra Sakho,465,5,Center Forward,FWD,1.0,0.1935483870967742,9.0,1.7419354838709677,253.0,48.96774193548387,0.20599093672609742,0.03986921355988982,0.1637674920493737,0.031696933945040064
3963,Victor Moses,359,5,Left Wing,FWD,0.0,0.0,11.0,2.7576601671309193,334.0,83.73259052924791,0.6446924522139594,0.1616220632291263,0.275940689560608,0.06917733164472067
3964,Marcos Alonso Mendoza,942,11,Left Back,DEF,3.0,0.28662420382165604,13.0,1.2420382165605095,1241.0,118.56687898089173,0.727236286404127,0.0694811738602669,2.5144501525064697,0.24023409100380286
3967,Claudio Ariel Yacob,893,10,Center Defensive Midfield,MID,1.0,0.10078387458006718,3.0,0.3023516237402015,655.0,66.01343784994401,0.2816700770119226,0.028387801714527473,0.9078104957588948,0.09149265914703307
3970,Fraser Forster,574,6,Goalkeeper,GK,0.0,0.0,0.0,0.0,255.0,39.98257839721254,0.29056682175398724,0.045559257766304616,-1.078513726068195,-0.16910493962741732
3973,Àngel Rangel Zaragoza,429,5,Right Back,DEF,0.0,0.0,2.0,0.4195804195804196,602.0,126.2937062937063,0.5337737641667517,0.11198050996505281,0.8184415989671834,0.17170103474836015
3980,Johny Placide,733,8,Goalkeeper,GK,0.0,0.0,0.0,0.0,352.0,43.219645293315146,0.22629438034695087,0.027785121734277732,-1.0344517853518482,-0.12701317964756664
3991,Allan Romeo Nyom,842,10,Right Back,DEF,0.0,0.0,3.0,0.32066508313539194,790.0,84.44180522565321,0.40618039691108826,0.043415956914486874,1.045357180206338,0.11173651569901476
4022,Darren Fletcher,1004,11,Right Center Midfield,MID,1.0,0.08964143426294821,8.0,0.7171314741035857,925.0,82.91832669322709,0.8980162954014231,0.08049946871128295,2.529953682940686,0.22678867675763123
4041,José Salomón Rondón Giménez,646,9,Center Forward,FWD,1.0,0.1393188854489164,17.0,2.3684210526315788,414.0,57.67801857585139,-0.05340707419215243,-0.007440614051538264,-0.1780208797135856,-0.02480167054833236
4053,Ben Foster,577,6,Goalkeeper,GK,0.0,0.0,0.0,0.0,242.0,37.74696707105719,0.21707431485529818,0.033859078573616704,0.13234927610028535,0.020643734573701354
4090,Adam David Lallana,390,6,Center Attacking Midfield,MID,4.0,0.9230769230769231,8.0,1.8461538461538463,443.0,102.23076923076923,0.5090385615096377,0.11747043727145484,2.330190852441243,0.5377363505633638
4249,Wilfried Moimbé,468,5,Left Back,DEF,1.0,0.19230769230769232,3.0,0.5769230769230769,441.0,84.8076923076923,0.5306245043560534,0.10204317391462564,1.0812332643545233,0.2079294739143314
4254,Valentin Eysseric,385,6,Center Attacking Midfield,MID,4.0,0.935064935064935,9.0,2.103896103896104,416.0,97.24675324675324,0.46068391365615213,0.10769234345208752,2.348766328609761,0.5490622586360481
4257,Yoan Cardinale,561,6,Goalkeeper,GK,0.0,0.0,0.0,0.0,247.0,39.62566844919786,0.1306212466533634,0.02095528021176953,-0.5127311946125701,-0.08225634138169574
4259,Stéphane Ruffier,1046,11,Goalkeeper,GK,0.0,0.0,0.0,0.0,579.0,49.81835564053537,0.33017444580000577,0.02840889113001962,-0.4203444541199133,-0.03616730484779369
4260,Romain Hamouma,477,6,Right Wing,FWD,2.0,0.37735849056603776,8.0,1.509433962264151,313.0,59.056603773584904,1.003378009571046,0.18931660557944266,2.1511102717095056,0.40586986258669916
4263,Loïc Perrin,622,7,Right Center Back,DEF,2.0,0.28938906752411575,6.0,0.8681672025723474,747.0,108.08681672025725,0.8048059691883169,0.11645102448062464,2.1802866723155603,0.31547556351832867
4264,Vincent Koziello,615,7,Right Center Midfield,MID,2.0,0.2926829268292683,1.0,0.14634146341463414,874.0,127.90243902439025,0.548131914604614,0.08021442652750448,-0.1444998077058699,-0.02114631332281023
4269,Aleksandar Mitrović,923,14,Center Forward,FWD,6.0,0.5850487540628386,39.0,3.8028169014084505,611.0,59.57746478873239,0.2859447373706725,0.027881935388256257,2.29464152750918,0.22374619444834906
4270,Jérémy Pied,758,8,Right Back,DEF,0.0,0.0,6.0,0.712401055408971,1030.0,122.29551451187335,1.5455245873498535,0.18350555786475833,1.1231387969972566,0.13335421072526793
4271,Andy Carroll,338,6,Center Forward,FWD,2.0,0.5325443786982248,12.0,3.195266272189349,163.0,43.40236686390533,0.17006278687215168,0.04528299058725933,0.8346891370165395,0.22225450393931523
4275,Ross Barkley,854,10,Center Attacking Midfield,MID,4.0,0.4215456674473068,27.0,2.8454332552693207,1029.0,108.44262295081967,1.0411666838036122,0.10972482616197318,2.649125991954893,0.27918189610765853
4276,David Ospina Ramírez,327,3,Goalkeeper,GK,0.0,0.0,0.0,0.0,114.0,31.376146788990827,0.06902595291179021,0.018997968691318406,-0.3789350859588012,-0.10429406035563336
4280,Winston Reid,579,6,Right Center Back,DEF,0.0,0.0,7.0,1.0880829015544042,428.0,66.52849740932642,0.24566925428869882,0.03818693071845059,0.3338733746204525,0.05189741574411179
4319,Edinson Roberto Cavani Gómez,477,8,Substitute,Unknown,2.0,0.37735849056603776,12.0,2.2641509433962264,272.0,51.32075471698113,0.08376130561286725,0.015804019926956084,0.6896931691444479,0.1301307866310279
4320,Neymar da Silva Santos Junior,369,4,Left Wing,FWD,4.0,0.975609756097561,17.0,4.146341463414634,608.0,148.2926829268293,1.2769963016827486,0.3114625126055484,1.2676579282919993,0.3091848605590242
4325,Thiago Motta,606,8,Center Defensive Midfield,MID,0.0,0.0,4.0,0.594059405940594,1392.0,206.7326732673267,0.658885578855891,0.09785429388948876,0.6174338835051749,0.09169810151066954
4326,Layvin Kurzawa,474,5,Left Back,DEF,2.0,0.37974683544303794,3.0,0.569620253164557,643.0,122.0886075949367,0.7400515134544575,0.14051611014958054,1.5720430580840912,0.29848918824381476
4346,Gilbert Gianelli Imbula Wanga,290,3,Left Defensive Midfield,MID,1.0,0.3103448275862069,3.0,0.9310344827586207,406.0,125.99999999999999,0.3471567088510663,0.1077382889537792,1.4537848129111808,0.45117459711036645
4349,Issa Diop,563,6,Right Center Back,DEF,0.0,0.0,3.0,0.47957371225577267,538.0,86.00355239786856,0.3649915042100091,0.058346776871937504,0.06069154627766693,0.00970202338364125
4350,Yannick Cahuzac,565,6,Right Defensive Midfield,MID,1.0,0.1592920353982301,6.0,0.9557522123893805,514.0,81.87610619469027,0.4187272821345774,0.06669992104798578,1.7050051953847287,0.2715937479373904
4352,Issiaga Sylla,440,6,Left Back,DEF,0.0,0.0,1.0,0.20454545454545453,472.0,96.54545454545455,0.6211903848267779,0.1270616696236591,0.5419698253099341,0.11085746426794106
4353,Aymeric Laporte,857,9,Left Center Back,DEF,0.0,0.0,5.0,0.5250875145857643,1115.0,117.09451575262543,1.1655862133044221,0.12240695355589032,0.34572525102703366,0.03630720255826491
4372,Marcos Aoás Corrêa,596,8,Right Center Back,DEF,1.0,0.15100671140939598,5.0,0.7550335570469798,982.0,148.28859060402684,0.4674325551263385,0.07058545295531958,0.8998225501854904,0.13587924415552707
4373,Mathieu Bodmer,486,6,Right Center Back,DEF,1.0,0.1851851851851852,2.0,0.3703703703703704,676.0,125.18518518518519,0.8554360689701134,0.15841408684631728,0.03768741995736491,0.006979151843956464
4375,Blaise Matuidi,619,10,Left Center Midfield,MID,2.0,0.29079159935379645,7.0,1.0177705977382876,958.0,139.28917609046852,1.1664780262880037,0.1696010054376742,1.9534706063423073,0.284026420954455
4377,Maxime Dupé,281,3,Goalkeeper,GK,0.0,0.0,0.0,0.0,185.0,59.25266903914591,0.11289176162871335,0.03615750372449894,-0.36378686685930006,-0.11651536660974023
4380,Guillaume Gillet,654,7,Left Defensive Midfield,MID,1.0,0.13761467889908258,10.0,1.3761467889908257,688.0,94.6788990825688,0.36211148299695173,0.04983185545829611,1.1538992703717668,0.15879347757409634
4383,Nicolas de Roussel de Préville,1011,11,Left Midfield,MID,3.0,0.26706231454005935,27.0,2.403560830860534,859.0,76.46884272997032,1.8551868711078432,0.16515016656746379,1.6203087441626702,0.1442411344951932
4386,Damien Da Silva,745,8,Left Center Back,DEF,1.0,0.12080536912751677,6.0,0.7248322147651007,566.0,68.3758389261745,0.3354711242911695,0.04052671300161779,0.8410595700406702,0.10160451181699373
4406,Aymen Abdennour,377,4,Left Center Back,DEF,0.0,0.0,3.0,0.7161803713527851,341.0,81.40583554376659,0.21531106615009163,0.0514005197705789,-0.0808066258468898,-0.019290706435597035
4428,Mathieu Debuchy,359,4,Right Back,DEF,0.0,0.0,3.0,0.7520891364902508,457.0,114.5682451253482,0.38707508550812403,0.09703832227223164,0.4385112240706803,0.10993317595086693
4429,Yann Gérard M''Vila,637,7,Center Defensive Midfield,MID,0.0,0.0,10.0,1.41287284144427,702.0,99.18367346938774,0.8803978566013799,0.12438902212578366,0.9611733742572832,0.13580157564074644
4431,Kévin Monnet-Paquet,690,9,Left Wing,FWD,0.0,0.0,12.0,1.565217391304348,603.0,78.65217391304347,1.2375449464587776,0.16141890605984055,0.3869386904189014,0.05047026396768279
4434,Thibault Giresse,487,7,Left Midfield,MID,1.0,0.18480492813141686,6.0,1.108829568788501,429.0,79.28131416837782,0.3410868123760622,0.06303452384773224,0.7815919399708305,0.144442042294404
4440,Kevin Trapp,847,9,Goalkeeper,GK,0.0,0.0,0.0,0.0,396.0,42.077922077922075,0.18150205192178603,0.019285932317545152,-1.0953207928978372,-0.1163859166007147
4441,Billy Ketkeophomphone,761,9,Center Forward,FWD,3.0,0.354796320630749,17.0,2.0105124835742445,675.0,79.82917214191852,0.6072795127679711,0.07182017890817004,1.5811133575544023,0.1869910672534773
4442,Maxime Poundjé,390,4,Left Back,DEF,1.0,0.23076923076923078,1.0,0.23076923076923078,468.0,108.0,0.8673520925214065,0.20015817519724768,0.7704242926847655,0.17779022138879205
4443,Paul Baysse,380,4,Right Center Back,DEF,0.0,0.0,3.0,0.7105263157894737,428.0,101.36842105263158,0.23156624752390484,0.05484463757145115,0.31865305406972766,0.07547046017440918
4447,Martin Braithwaite Christensen,1351,17,Center Forward,FWD,3.0,0.1998519615099926,40.0,2.6646928201332347,846.0,56.35825314581792,1.3780897896038193,0.09180464919640542,-0.31244442315073684,-0.020814210276510967
4463,Mapou Yanga-Mbiwa,309,4,Right Center Back,DEF,0.0,0.0,1.0,0.29126213592233013,481.0,140.0970873786408,0.367737944782106,0.10710813925692408,0.5291536405566148,0.15412241957959655
4474,Emmanuel Imorou,410,5,Left Back,DEF,0.0,0.0,0.0,0.0,394.0,86.48780487804878,0.40912994997811286,0.08980901340982966,0.3089938072807854,0.06782790891529436
4475,Romain Danzé,468,5,Right Back,DEF,1.0,0.19230769230769232,2.0,0.38461538461538464,574.0,110.38461538461539,1.0281593000221148,0.19772294231194515,0.5030652956629638,0.09674332608903151
4498,Jean-Sylvain Claude Babin,561,6,Right Center Back,DEF,1.0,0.16042780748663102,2.0,0.32085561497326204,373.0,59.83957219251337,0.20814357196039304,0.033392016892041666,0.6087636219890555,0.09766261315332442
4506,Nampalys Mendy,860,9,Center Defensive Midfield,MID,0.0,0.0,2.0,0.20930232558139533,1261.0,131.96511627906978,0.4440986604758423,0.04647544121258815,0.7577309021435212,0.07929741999176385
4508,Julian Palmieri,619,7,Left Back,DEF,1.0,0.14539579967689822,3.0,0.43618739903069464,660.0,95.96122778675283,0.7145318353330843,0.10388992759285555,1.878412039830815,0.27311322065391497
4509,Jérôme Prior,284,3,Goalkeeper,GK,0.0,0.0,0.0,0.0,142.0,45.0,0.10295411540838247,0.032626304178712755,-0.4860301471198909,-0.1540236381717964
4542,Pablo Nascimento Castro,283,3,Right Center Back,DEF,0.0,0.0,3.0,0.9540636042402828,289.0,91.90812720848056,0.21979624049223095,0.06989986446749395,-0.2371892605733592,-0.07543121360990222
4545,Prince Oniangué,859,11,Right Defensive Midfield,MID,3.0,0.31431897555296856,10.0,1.0477299185098954,559.0,58.568102444703136,0.43096089455354236,0.04515306229315345,2.411125667626038,0.25262084992589456
4547,Ludovic Butelle,280,3,Goalkeeper,GK,0.0,0.0,0.0,0.0,147.0,47.25,0.07214931889325034,0.023190852501401894,0.3257084014767315,0.10469198618894941
4587,Matteo Darmian,598,7,Right Back,DEF,0.0,0.0,1.0,0.1505016722408027,718.0,108.06020066889633,0.8705008476403238,0.1310118332569049,0.6599312168837059,0.09932075170490556
4589,Séamus Coleman,756,8,Right Back,DEF,1.0,0.11904761904761904,5.0,0.5952380952380952,807.0,96.07142857142857,0.9633856925189027,0.11468877291891698,1.9994206124392804,0.23802626338562863
4590,Nathaniel Edwin Clyne,579,6,Right Back,DEF,0.0,0.0,4.0,0.6217616580310881,663.0,103.05699481865285,0.8252267872499027,0.12827359387304188,0.6819498647673754,0.10600256965295991
4628,Diego Armando Valentin Contento,857,9,Left Back,DEF,1.0,0.10501750291715285,7.0,0.73512252042007,997.0,104.7024504084014,1.4569835007928966,0.1530087690447616,2.0255879242322408,0.21272218574200893
4629,José Ramiro Funes Mori,404,5,Left Center Back,DEF,0.0,0.0,7.0,1.5594059405940595,405.0,90.22277227722772,0.2954059585939637,0.06580825810261567,-0.5586286429024767,-0.12444697490401709
4630,Saido Berahino,740,11,Substitute,Unknown,2.0,0.24324324324324326,14.0,1.7027027027027029,512.0,62.270270270270274,0.29744515270730487,0.03617576181575329,-0.49951981308757687,-0.06075240969984043
4631,Leon Britton,444,7,Center Defensive Midfield,MID,0.0,0.0,1.0,0.20270270270270271,529.0,107.22972972972973,0.352808276402353,0.07151519116263912,0.6824515072803479,0.1383347649892597
4633,Magdalena Lilly Eriksson,1437,16,Left Center Back,DEF,0.0,0.0,9.0,0.5636743215031316,1779.0,111.41962421711901,1.9829951430151067,0.12419593797589396,0.5996571168053196,0.03755681316108474
4636,Maria Thorisdottir,671,8,Left Center Back,DEF,1.0,0.13412816691505217,3.0,0.40238450074515647,821.0,110.11922503725782,0.4074981104603485,0.054656974577393984,0.37200376686814707,0.04989618333551898
4637,Ellie Roebuck,480,5,Goalkeeper,GK,0.0,0.0,0.0,0.0,369.0,69.1875,0.11551274100056966,0.02165863893760681,-1.4301524326147046,-0.2681535811152571
4638,Drew Spence,365,8,Substitute,Unknown,2.0,0.4931506849315069,14.0,3.452054794520548,404.0,99.61643835616438,0.5410939745625789,0.13342043208392357,0.8176313279254828,0.20160772469395466
4640,Rut Hedvig Lindahl,398,4,Goalkeeper,GK,0.0,0.0,0.0,0.0,158.0,35.7286432160804,0.09978859703343508,0.0225652606357014,-0.41425991122378036,-0.093676864347086
4641,Francesca Kirby,849,15,Substitute,Unknown,6.0,0.6360424028268551,19.0,2.0141342756183747,900.0,95.40636042402826,1.2095379657121788,0.1282195723369801,2.3713048795762006,0.25137507557344885
4642,Millie Bright,1291,13,Right Center Back,DEF,1.0,0.069713400464756,9.0,0.6274206041828041,2039.0,142.14562354763748,1.7957964573309817,0.12519107758310485,1.6979989977262449,0.11837328411724403
4643,Georgia Stanway,1275,16,Left Defensive Midfield,MID,5.0,0.3529411764705882,33.0,2.3294117647058825,1462.0,103.2,1.2946782477755812,0.09138905278415867,5.0310699003392365,0.355134345906299
4645,Isobel Mary Christiansen,480,5,Left Defensive Midfield,MID,4.0,0.75,4.0,0.75,490.0,91.875,0.5852571138653788,0.10973570884975853,1.438888758548515,0.2697916422278466
4646,Claire Emslie,536,8,Right Wing,FWD,1.0,0.16791044776119401,13.0,2.1828358208955225,461.0,77.40671641791045,0.7756945826915267,0.1302472247056668,-0.23740995948253565,-0.03986361259967949
4647,So-Yun Ji,450,6,Right Center Midfield,MID,0.0,0.0,8.0,1.6,695.0,139.0,0.8534834384344383,0.17069668768688767,1.397558765602298,0.2795117531204596
4648,Abbie McManus,330,4,Right Center Back,DEF,0.0,0.0,0.0,0.0,526.0,143.45454545454547,0.49367006432189064,0.13463729026960655,0.4238671241037082,0.11560012475555678
4649,Esme Beth Morgan,655,7,Right Back,DEF,0.0,0.0,0.0,0.0,918.0,126.13740458015268,0.6008238314285702,0.08255594630316232,0.6204029101209017,0.08524620139065824
4651,Demi Stokes,397,6,Left Back,DEF,0.0,0.0,2.0,0.4534005037783375,527.0,119.47103274559194,0.5480729014927361,0.12424826482203087,1.1315550226718187,0.2565238086661554
4654,Nikita Parris,663,8,Center Forward,FWD,2.0,0.2714932126696833,20.0,2.7149321266968327,393.0,53.34841628959276,0.014288007143655579,0.0019395484810392188,-0.32288784175577756,-0.04383092874512817
4657,Anita Amma Ankyewah Asante,667,7,Center Back,DEF,0.0,0.0,1.0,0.13493253373313344,474.0,63.95802098950525,0.16713322969783032,0.022551710154130027,0.2626410363445757,0.035438820496269584
4658,Keira Walsh,1542,17,Center Defensive Midfield,MID,2.0,0.11673151750972763,10.0,0.5836575875486382,2139.0,124.8443579766537,1.9712959348812238,0.11505618296972124,4.697918801786727,0.274197595435023
4660,Erin Cuthbert,1070,14,Right Defensive Midfield,MID,4.0,0.33644859813084116,30.0,2.5233644859813085,1405.0,118.17757009345794,0.5230554033904655,0.043995314303870936,5.420222406492918,0.4559065575554791
4669,William Jean Rémy,461,6,Right Back,DEF,0.0,0.0,3.0,0.5856832971800434,445.0,86.8763557483731,0.25770989752043577,0.05031212749856664,0.07731103544938378,0.015093260716799436
4691,Claudio Andrés Bravo Muñoz,372,4,Goalkeeper,GK,0.0,0.0,0.0,0.0,252.0,60.967741935483865,0.08150977105327357,0.019720105899985543,-0.4764960144821089,-0.11528129382631667
4724,Glen Johnson,723,8,Right Back,DEF,0.0,0.0,5.0,0.6224066390041494,802.0,99.83402489626556,1.065480496465864,0.13263242694595817,1.680495108710602,0.20919026249509567
4746,Younes Kaboul,386,4,Left Center Back,DEF,0.0,0.0,0.0,0.0,224.0,52.22797927461139,0.3783621036525548,0.08821914333867859,0.40621597407152876,0.0947135690840352
4751,Michael Carrick,438,6,Right Center Midfield,MID,0.0,0.0,1.0,0.2054794520547945,671.0,137.87671232876713,1.1017947108565012,0.22639617346366464,0.9101778674084926,0.18702284946749848
4788,Jesús Gámez Duarte,467,5,Right Back,DEF,0.0,0.0,1.0,0.19271948608137046,388.0,74.77516059957173,0.35182251390638714,0.06780305407189473,0.20092702266993,0.038722552548808784
4799,Sloan Privat,491,9,Left Center Forward,FWD,3.0,0.5498981670061099,13.0,2.3828920570264764,247.0,45.27494908350305,0.04978424821760198,0.009125422280212176,0.6868398112419527,0.12589731774292412
4802,Florentin Pogba,852,9,Left Center Back,DEF,0.0,0.0,4.0,0.4225352112676056,872.0,92.11267605633802,0.6835362073216924,0.0722045289424323,0.8968084137886763,0.09473328314669115
4807,Cameron Jerome,536,10,Center Forward,FWD,2.0,0.33582089552238803,8.0,1.3432835820895521,251.0,42.1455223880597,0.02102270548079972,0.0035299318904327883,-0.0234508202993311,-0.003937637736827983
4808,Andre Wisdom,494,6,Right Back,DEF,0.0,0.0,2.0,0.3643724696356275,421.0,76.70040485829959,0.4510375171259203,0.08217282700674661,0.5488949567952659,0.10000110548901606
4831,Nacer Chadli,646,15,Substitute,Unknown,3.0,0.4179566563467492,16.0,2.2291021671826625,546.0,76.06811145510835,0.9918206571652299,0.13817934852147165,1.5527879690068076,0.21633268918051501
4840,Massadio Haïdara,272,3,Left Back,DEF,0.0,0.0,3.0,0.9926470588235294,364.0,120.44117647058823,0.41336874773156373,0.13677642388176742,0.3669100712722866,0.12140406770038893
4848,Ashleigh Neville,655,7,Right Back,DEF,2.0,0.2748091603053435,5.0,0.6870229007633587,739.0,101.54198473282443,0.7576254052330417,0.10410120071904388,3.2312205726273824,0.4439845061625411
4865,Josie Green,578,7,Left Center Back,DEF,0.0,0.0,3.0,0.4671280276816609,531.0,82.68166089965398,0.1746463385964118,0.027194066563455126,0.9861086287604994,0.1535463262775864
4870,Tomáš Souček,485,5,Left Center Midfield,MID,1.0,0.18556701030927836,12.0,2.2268041237113403,432.0,80.16494845360825,0.4467487219158503,0.08290182468541551,0.5414536981552374,0.10047594398756982
4875,Jan Bořil,287,3,Left Back,DEF,0.0,0.0,1.0,0.313588850174216,291.0,91.25435540069688,0.17403630792973654,0.05457584569225188,-0.05097710536210798,-0.0159858518557133
4884,Pape N''Diaye Souaré,481,5,Left Back,DEF,0.0,0.0,0.0,0.0,522.0,97.67151767151766,0.46592771025865626,0.08717982104631822,1.0398695778130786,0.19457019127479644
4891,Ibrahim Afellay,611,9,Center Attacking Midfield,MID,1.0,0.14729950900163666,11.0,1.6202945990180033,787.0,115.92471358428804,0.5660575003678127,0.08337999187087257,1.3242368856588147,0.19505944305939987
4906,Arnold Bouka Moutou,384,8,Substitute,Unknown,2.0,0.46875,6.0,1.40625,323.0,75.703125,0.7287945338702811,0.17081121887584713,2.538533718965482,0.5949688403825348
4909,Jeremie Boga,439,8,Substitute,Unknown,2.0,0.41002277904328016,9.0,1.8451025056947608,378.0,77.49430523917995,0.6050604283683858,0.12404427916436156,1.8520204747489188,0.3796852909508034
4913,Bojan Krkíc Pérez,348,6,Center Attacking Midfield,MID,0.0,0.0,9.0,2.3275862068965516,373.0,96.46551724137932,0.34662545353803564,0.08964451384604369,0.011421739673241976,0.002953898191355684
4926,Francisco Román Alarcón Suárez,303,6,Substitute,Unknown,3.0,0.8910891089108911,11.0,3.2673267326732676,575.0,170.79207920792078,1.6126581405121945,0.47900736846896863,2.010828498318908,0.5972757915798736
4940,Andi Sullivan,713,7,Center Defensive Midfield,MID,0.0,0.0,8.0,1.0098176718092566,420.0,53.015427769985976,0.15949439192933051,0.020132531940588703,0.2807707576041576,0.03544090909449395
4941,Taylor Smith,418,6,Left Wing,FWD,0.0,0.0,8.0,1.7224880382775118,366.0,78.80382775119617,0.4693077723207091,0.10104712801163593,0.1850301162339747,0.03983902024176489
4942,Arin Wright,421,5,Left Back,DEF,0.0,0.0,4.0,0.8551068883610452,372.0,79.52494061757719,0.19958594614131953,0.042666829341374723,0.35954293023678474,0.07686190907674734
4944,Estefanía Romina Banini Ruiz,327,9,Substitute,Unknown,0.0,0.0,4.0,1.1009174311926606,431.0,118.62385321100916,0.07661598207474152,0.021086967543506842,0.3182663705567829,0.08759624877709621
4947,Danielle Colaprico,590,7,Left Defensive Midfield,MID,0.0,0.0,4.0,0.6101694915254237,444.0,67.72881355932203,0.23426176572601523,0.03573484561922266,0.3121857803083258,0.04762155970804969
4949,Rosemary Kathleen Lavelle,458,6,Center Attacking Midfield,MID,1.0,0.1965065502183406,9.0,1.7685589519650655,390.0,76.63755458515284,0.5021720708371378,0.0986801012562061,0.08639219468075317,0.016976632142506082
4951,Quinn Quinn,370,7,Substitute,Unknown,0.0,0.0,0.0,0.0,361.0,87.8108108108108,0.12740870153088454,0.030991305777782724,0.1321277546521742,0.03213918356404237
4955,Sarah Gorden,301,3,Right Center Back,DEF,0.0,0.0,0.0,0.0,308.0,92.09302325581396,0.35283485334692816,0.10549879335954664,0.2756541892013047,0.08242151836583861
4958,Kathleen Naughton,502,5,Right Center Back,DEF,0.0,0.0,0.0,0.0,424.0,76.01593625498008,0.1548521300341654,0.027762334069870293,0.4076331458927598,0.0730816397018892
4961,Samantha May Kerr,979,13,Center Forward,FWD,10.0,0.9193054136874361,45.0,4.1368743615934624,682.0,62.69662921348315,2.054229204471524,0.18884640286255075,5.052417934988625,0.464471515984654
4962,Caprice Dydasco,575,6,Right Back,DEF,0.0,0.0,0.0,0.0,644.0,100.80000000000001,0.679796521407984,0.1064029337855975,0.7691850393954665,0.1203941800792904
4963,Yuki Nagasato,410,5,Left Defensive Midfield,MID,1.0,0.21951219512195122,2.0,0.43902439024390244,399.0,87.58536585365853,0.14560818625430755,0.03196277259240897,0.1413107782136649,0.03101943912007278
4964,Ashley Hatch,490,6,Left Center Forward,FWD,1.0,0.1836734693877551,10.0,1.8367346938775508,233.0,42.795918367346935,0.4287760963013602,0.07875479319820902,-1.1187025518883225,-0.20547597891826333
4976,Lo’eau LaBonta,338,4,Left Defensive Midfield,MID,0.0,0.0,2.0,0.5325443786982248,281.0,74.8224852071006,0.19851179451346013,0.052858170136720145,0.10717508100462146,0.02853774346276903
4979,Katrina Gorry,316,4,Left Defensive Midfield,MID,0.0,0.0,7.0,1.9936708860759493,347.0,98.82911392405065,0.08322755128974318,0.02370404941796483,0.3026563416286372,0.08619959097018148
4981,Kailen Mary Iacovoni Sheridan,695,7,Goalkeeper,GK,0.0,0.0,0.0,0.0,672.0,87.02158273381295,0.49718532691014544,0.0643837113984361,-2.6683943567913957,-0.345547470663634
4984,Rachel Corsie,764,9,Left Center Back,DEF,3.0,0.3534031413612565,3.0,0.3534031413612565,914.0,107.67015706806284,0.3387283232488815,0.03990255116806196,0.5143328468257096,0.06058894792449458
4992,Janine Elizabeth Sonis,366,6,Substitute,Unknown,1.0,0.2459016393442623,13.0,3.1967213114754096,437.0,107.45901639344264,0.4419298466413835,0.10867127376427463,0.7440939003652893,0.18297390992589083
5000,Stephanie-Elise Catley,970,11,Left Back,DEF,1.0,0.09278350515463918,9.0,0.8350515463917526,1173.0,108.83505154639174,1.0189066912136817,0.09453773423632099,1.4164405905415565,0.13142232283375266
5001,Allie Long,514,7,Center Defensive Midfield,MID,0.0,0.0,0.0,0.0,429.0,75.11673151750973,-0.04236211224826743,-0.0074174904714865144,0.13984555198112503,0.024486575249613333
5003,Emily Ann Sonnett,624,7,Right Defensive Midfield,MID,0.0,0.0,2.0,0.28846153846153844,587.0,84.66346153846153,0.22981093536185002,0.03314580798488221,0.2969516731391195,0.04282956824121916
5008,Kristen McNabb,409,5,Left Back,DEF,0.0,0.0,3.0,0.6601466992665037,365.0,80.31784841075795,-0.06958881395939928,-0.015312941947056078,0.6591483979006298,0.14504487973363495
5011,Meghan Klingenberg,276,3,Left Back,DEF,0.0,0.0,0.0,0.0,341.0,111.19565217391303,0.44766125271806934,0.14597649545154434,0.649799468334997,0.21189113097880338
5015,Kelli Hubly,330,4,Right Center Back,DEF,0.0,0.0,3.0,0.8181818181818181,383.0,104.45454545454545,0.22287536628462012,0.0607841908048964,-0.15858408603526186,-0.04325020528234414
5016,Jessica Fishlock,784,8,Center Attacking Midfield,MID,1.0,0.11479591836734693,18.0,2.066326530612245,679.0,77.94642857142857,1.036229248466434,0.11895488821681002,2.086363136048778,0.23950597225049747
5017,Christen Westphal,694,7,Right Back,DEF,1.0,0.12968299711815562,3.0,0.3890489913544669,698.0,90.51873198847264,0.4600724166539971,0.0596635698830832,1.2898882170411525,0.16727656993329068
5020,Christine Margaret Sinclair,391,6,Left Center Midfield,MID,2.0,0.4603580562659847,13.0,2.9923273657289005,279.0,64.21994884910485,0.3618316677812645,0.08328606163763122,1.6332429978938308,0.3759382859602168
5021,Kelley Maureen O'Hara,356,7,Right Back,DEF,0.0,0.0,3.0,0.7584269662921348,418.0,105.67415730337079,0.3011623645323331,0.07613655283120781,0.2566511866946239,0.06488372697335998
5025,Aubrey Renee Kingsbury,613,6,Goalkeeper,GK,0.0,0.0,0.0,0.0,324.0,47.56933115823818,0.09281400795715496,0.013626852718016226,-0.4717784973618109,-0.0692660110319135
5028,Katie Bowen,578,6,Right Center Back,DEF,0.0,0.0,1.0,0.15570934256055363,538.0,83.77162629757785,0.3701501341601664,0.05763583403878024,0.23916579553042538,0.03724034878501433
5031,Abby Smith,487,5,Goalkeeper,GK,0.0,0.0,0.0,0.0,326.0,60.24640657084189,0.1239618178797832,0.022908754844313116,0.11386161501286551,0.021042187579379663
5035,Haley Jean McCutcheon,301,3,Right Back,DEF,0.0,0.0,0.0,0.0,251.0,75.04983388704319,0.2987722932859344,0.08933390829147542,0.011543447195435874,0.0034515290617582344
5037,Abby Erceg,583,6,Left Center Back,DEF,0.0,0.0,5.0,0.7718696397941681,603.0,93.08747855917666,0.20601485938920577,0.03180332306179849,0.11646830211975612,0.0179796692809229
5038,Allysha Lyn Chapman,362,5,Left Back,DEF,0.0,0.0,0.0,0.0,317.0,78.8121546961326,0.19232793988165625,0.04781633864461066,0.15385544190939981,0.03825135296090051
5039,Veronica Latsko,428,6,Right Wing,FWD,1.0,0.2102803738317757,7.0,1.4719626168224298,330.0,69.39252336448598,0.20086249427992564,0.04223744038596567,0.5649287264175946,0.11879342377940073
5041,Cari Roccaro,483,5,Right Defensive Midfield,MID,0.0,0.0,3.0,0.5590062111801242,345.0,64.28571428571429,0.16591272339649277,0.030915414297483124,0.407263295724988,0.07588757063198534
5044,Débora Cristiane de Oliveira,703,7,Center Attacking Midfield,MID,4.0,0.5120910384068279,16.0,2.0483641536273116,633.0,81.03840682788052,1.2786620645782225,0.1636978461053201,2.233366344441057,0.28592172261692056
5052,Thembi Kgatlana,347,5,Right Wing,FWD,0.0,0.0,5.0,1.296829971181556,271.0,70.28818443804035,0.5455072302036924,0.14148602512487699,0.13774627677048557,0.03572670002692709
5055,Lynn Williams Biyendolo,877,9,Center Forward,FWD,3.0,0.30786773090079816,31.0,3.1812998859749144,656.0,67.32041049030786,0.468508541701764,0.048079553880454685,0.8984427200339269,0.09220050718706205
5056,Jane Campbell,602,6,Goalkeeper,GK,0.0,0.0,0.0,0.0,364.0,54.41860465116279,0.1486712221086697,0.022226594667409092,-1.4202948287129402,-0.21233643618631995
5057,Kaleigh Kurtz,712,7,Right Center Back,DEF,0.0,0.0,4.0,0.5056179775280899,1028.0,129.9438202247191,0.49429266363163216,0.06248081422309957,0.16762433569238055,0.021188469399317768
5058,Rachel Daly,1031,11,Center Forward,FWD,3.0,0.2618816682832202,25.0,2.182347235693501,963.0,84.06401551891368,0.9795625567158106,0.08550982551350432,1.7576219433784512,0.15342965558104812
5064,Carson Pickett,426,5,Left Back,DEF,0.0,0.0,3.0,0.6338028169014085,561.0,118.52112676056338,1.4137697402002825,0.29868374792963714,1.4483344388214172,0.3059861490467783
5065,Lauren Barnes,715,7,Left Back,DEF,0.0,0.0,1.0,0.1258741258741259,631.0,79.42657342657343,0.3907666497223278,0.04918741045455874,0.9653709019992966,0.1215152184334779
5066,Lydia Grace Yilkari Williams,523,5,Goalkeeper,GK,0.0,0.0,0.0,0.0,340.0,58.508604206500955,0.12827485224330798,0.022074066351620875,-1.281992627249565,-0.22061058595116798
5068,Kristen Edmonds,588,8,Left Center Back,DEF,0.0,0.0,1.0,0.15306122448979592,595.0,91.07142857142857,0.29582429300647456,0.04527922852139917,0.29749434411572295,0.04553484858914127
5071,Monica Hickmann Alves,987,10,Left Center Back,DEF,0.0,0.0,3.0,0.2735562310030395,1122.0,102.31003039513678,0.243494009079774,0.022203101131894287,0.3781414293916896,0.034480981403497535
5074,Shelina Laura Zadorsky,1014,11,Left Center Back,DEF,0.0,0.0,1.0,0.08875739644970415,931.0,82.63313609467455,0.3448685570037745,0.030609635237021406,0.4458668617589865,0.039573981812927796
5076,Emily Louise van Egmond,1018,11,Right Center Midfield,MID,0.0,0.0,17.0,1.5029469548133596,1099.0,97.16110019646365,0.19201185010496288,0.01697550737666666,0.23378434709017165,0.02066855720836488
5078,Alanna Stephanie Kennedy,1078,12,Right Center Back,DEF,0.0,0.0,16.0,1.3358070500927643,1351.0,112.79220779220779,0.8747393166249662,0.0730301841338098,-0.2241765831131488,-0.01871604126176567
5084,Denise O'Sullivan,920,9,Right Defensive Midfield,MID,0.0,0.0,5.0,0.4891304347826087,998.0,97.6304347826087,0.4598271327312114,0.04498308907153155,0.9260191070206929,0.09058882568680691
5085,Alexandra Morgan Carrasco,636,7,Center Forward,FWD,1.0,0.14150943396226415,35.0,4.952830188679245,433.0,61.27358490566038,0.5737910097699828,0.08119684100518623,-0.9890191664017038,-0.13995554241533545
5086,Rachel Hill,437,6,Right Wing,FWD,0.0,0.0,5.0,1.0297482837528604,286.0,58.901601830663616,0.6491143525491123,0.1336848780993595,0.23905411799205467,0.04923311354527442
5087,Samantha June Mewis,387,5,Right Center Midfield,MID,1.0,0.23255813953488372,18.0,4.186046511627907,377.0,87.67441860465117,0.46080926313074067,0.10716494491412573,0.8254919715109281,0.19197487709556466
5088,Crystal Alyssia Dunn Soubrier,421,5,Right Center Midfield,MID,1.0,0.2137767220902613,6.0,1.2826603325415677,396.0,84.65558194774347,0.5817359186840722,0.12436159781844773,0.16200799538637511,0.034633538206113444
5089,Ali Krieger,692,7,Right Center Back,DEF,0.0,0.0,0.0,0.0,723.0,94.03179190751445,0.2617149593039821,0.034038072741847385,-0.20071158820064738,-0.026104108291991713
5093,Tyler Lussi,497,7,Left Wing,FWD,1.0,0.18108651911468815,15.0,2.7162977867203217,348.0,63.01810865191147,0.17590266818768385,0.03185360188509365,0.2271739521060372,0.041138140220409146
5095,Ellie Madison Carpenter,335,3,Right Back,DEF,0.0,0.0,0.0,0.0,385.0,103.43283582089552,0.39910199282986386,0.10722143090951566,0.48764559044502676,0.13100926310463404
5096,Savannah McCaskill,301,3,Center Attacking Midfield,MID,1.0,0.29900332225913623,9.0,2.691029900332226,364.0,108.83720930232558,0.5619350161525664,0.1680204367233587,1.6114514623929281,0.481829340914829
5100,Alyssa Michele Naeher,503,5,Goalkeeper,GK,0.0,0.0,0.0,0.0,233.0,41.68986083499006,0.08611189212502858,0.01540769441600909,-0.5336553466913756,-0.09548505209189623
5105,Sofia Huerta,405,4,Right Back,DEF,2.0,0.4444444444444444,2.0,0.4444444444444444,414.0,92.0,0.6543157177271234,0.14540349282824963,0.7515144976060633,0.16700322169023626
5108,Glyn Oliver Myhill,476,5,Goalkeeper,GK,0.0,0.0,0.0,0.0,209.0,39.516806722689076,0.2668849475520108,0.050461439663195315,-0.7394796200969722,-0.13981757522841912
5110,Henri Saivet,890,10,Center Defensive Midfield,MID,1.0,0.10112359550561799,15.0,1.5168539325842696,1191.0,120.43820224719101,0.8177359871652835,0.08269240319648934,2.2723201527614147,0.22978518398710934
5198,Diego da Silva Costa,653,7,Center Forward,FWD,4.0,0.5513016845329249,19.0,2.6186830015313936,494.0,68.08575803981623,0.3573179291451023,0.04924749406287781,2.4610558156564366,0.3391960542252363
5199,Jorge Resurrección Merodio,948,12,Left Center Midfield,MID,3.0,0.2848101265822785,12.0,1.139240506329114,1357.0,128.82911392405063,1.104887823057981,0.1048944135814539,2.376935537314974,0.2256584370868646
5200,Lucas Vázquez Iglesias,589,8,Right Wing,FWD,1.0,0.15280135823429541,4.0,0.6112054329371817,705.0,107.72495755517828,0.7948060773935344,0.12144744815860457,0.06497925203514751,0.009928917968019145
5201,Sergio Ramos García,376,4,Left Center Back,DEF,0.0,0.0,4.0,0.9574468085106382,567.0,135.718085106383,0.6524594982454186,0.1561738160693821,0.5620475721079856,0.13453266353648594
5202,José Ignacio Fernández Iglesias,408,6,Left Back,DEF,0.0,0.0,2.0,0.4411764705882353,378.0,83.38235294117648,0.16856761905364442,0.03718403361477451,0.04348675478831865,0.009592666497423233
5203,Sergio Busquets i Burgos,471,5,Center Defensive Midfield,MID,0.0,0.0,3.0,0.5732484076433121,704.0,134.52229299363057,0.48299403415938413,0.09229185366102882,0.9636626259016339,0.18413935526782813
5204,Bruno Miguel Borges Fernandes,462,6,Left Center Midfield,MID,2.0,0.38961038961038963,12.0,2.337662337662338,531.0,103.44155844155844,0.8355909777551115,0.1627774631990477,0.9601891920999215,0.18704984261686783
5207,Cristiano Ronaldo dos Santos Aveiro,724,8,Left Wing,FWD,12.0,1.4917127071823204,52.0,6.464088397790055,602.0,74.83425414364642,0.8723493265941963,0.10844121463187523,6.865715778045411,0.8534729558343743
5209,Raphaël Adelino José Guerreiro,581,7,Left Back,DEF,2.0,0.3098106712564544,6.0,0.9294320137693632,764.0,118.34767641996558,0.9847689221397704,0.15254596040030868,2.9483407303196145,0.4567137103765324
5211,Jordi Alba Ramos,334,4,Left Back,DEF,0.0,0.0,0.0,0.0,560.0,150.89820359281435,0.3550053315898823,0.09566011929068685,0.596687403798569,0.16078403096368626
5216,Andrés Iniesta Luján,413,5,Left Center Midfield,MID,0.0,0.0,2.0,0.4358353510895884,705.0,153.6319612590799,1.2811462683341914,0.27918441682827416,1.1804282890225295,0.2572361888911081
5217,Iago Aspas Juncal,461,6,Center Forward,FWD,3.0,0.5856832971800434,12.0,2.3427331887201737,381.0,74.3817787418655,0.37992187125611887,0.07417129807603189,2.291157545855132,0.4472975686051234
5219,Romain Saïss,852,9,Center Defensive Midfield,MID,1.0,0.1056338028169014,11.0,1.1619718309859155,798.0,84.29577464788733,0.6758740070949089,0.07139514159453263,0.9685523311491124,0.10231186596645553
5246,Luis Alberto Suárez Díaz,387,5,Center Forward,FWD,0.0,0.0,12.0,2.7906976744186047,229.0,53.25581395348837,0.30960653633552726,0.0720015200780296,-1.2440785228372757,-0.2893205867063432
5249,Diego Roberto Godín Leal,669,8,Left Center Back,DEF,0.0,0.0,8.0,1.0762331838565022,594.0,79.91031390134529,0.23204228861395707,0.031216451383043554,-0.35881289292592555,-0.04827079277030388
5255,Matías Vecino Falero,934,12,Left Defensive Midfield,MID,0.0,0.0,15.0,1.4453961456102784,1322.0,127.38758029978587,0.5409751351011961,0.05212822500975123,0.4169576092826901,0.04017792808933845
5259,José María Giménez de Vargas,655,7,Right Center Back,DEF,2.0,0.2748091603053435,5.0,0.6870229007633587,461.0,63.34351145038168,0.44863070953308104,0.06164391428698823,0.8185373091546353,0.11247077530369036
5455,William Troost-Ekong,328,3,Center Back,DEF,1.0,0.27439024390243905,4.0,1.0975609756097562,255.0,69.96951219512195,0.18484688074953884,0.05072018069347102,-0.11851948822547864,-0.032520591281381336
5456,Mateo Kovačić,1071,15,Left Center Midfield,MID,1.0,0.08403361344537816,14.0,1.1764705882352942,1636.0,137.47899159663865,1.2449853708540402,0.10462061939949917,1.335628465496935,0.11223768617621302
5458,Odion Jude Ighalo,1031,12,Right Center Forward,FWD,4.0,0.34917555771096026,30.0,2.6188166828322017,600.0,52.376333656644036,0.4266955395182227,0.03724791324601362,1.5123377508716658,0.1320178444019883
5460,Andrej Kramarić,566,8,Right Wing,FWD,3.0,0.4770318021201414,14.0,2.2261484098939928,465.0,73.9399293286219,0.23500013670462205,0.037367512903561814,1.9595207579113776,0.31158457281276325
5461,Šime Vrsaljko,376,4,Right Back,DEF,1.0,0.23936170212765956,1.0,0.23936170212765956,440.0,105.31914893617021,1.0355711529945104,0.247876073855069,1.4271761668787804,0.3416113165401336
5463,Luka Modrić,1194,13,Right Center Midfield,MID,2.0,0.15075376884422112,11.0,0.8291457286432161,1949.0,146.90954773869348,2.174818280457096,0.16393102616510774,3.0448190282129217,0.22950897197584838
5465,Ante Rebić,285,6,Substitute,Unknown,0.0,0.0,5.0,1.5789473684210527,210.0,66.3157894736842,0.20932884240521268,0.06610384497006716,-0.2739180003700312,-0.08650042116948355
5468,Domagoj Vida,320,3,Left Center Back,DEF,0.0,0.0,0.0,0.0,265.0,74.53125,0.10638421936754397,0.02992056169712174,-0.03200761482003145,-0.009002141668133845
5469,Marcelo Brozović,1183,14,Center Defensive Midfield,MID,1.0,0.0760777683854607,22.0,1.6737109044801353,1851.0,140.81994928148774,0.9394922691727638,0.07147447525405641,1.7493561715959804,0.13308711364635525
5472,Mario Mandžukić,354,4,Left Center Forward,FWD,3.0,0.7627118644067796,6.0,1.5254237288135593,221.0,56.1864406779661,-0.18723446190504164,-0.047601981840264825,1.9134728488570545,0.48647614801450534
5474,Ivan Perišić,1235,15,Left Wing,FWD,8.0,0.582995951417004,35.0,2.5506072874493926,1192.0,86.8663967611336,2.5547191665346625,0.1861738663871414,4.541013399911055,0.33092405343481374
5476,Benjamin Pavard,296,5,Right Back,DEF,0.0,0.0,3.0,0.9121621621621622,338.0,102.77027027027027,0.5957033842842422,0.18112602900534389,0.3940796885403106,0.11982152692104038
5477,Ousmane Dembélé,765,10,Right Wing,FWD,4.0,0.47058823529411764,27.0,3.176470588235294,784.0,92.23529411764704,2.277743706799001,0.26796984785870603,3.624499782730243,0.42641173914473446
5479,Aziz Eraltay Behich,294,3,Left Back,DEF,0.0,0.0,2.0,0.6122448979591837,276.0,84.48979591836735,0.2794005581202933,0.08553078309804897,0.09898636408615857,0.030301948189640382
5480,Corentin Tolisso,300,5,Left Center Midfield,MID,0.0,0.0,10.0,3.0,371.0,111.3,0.1880262188775951,0.056407865663278524,-0.08258200997079257,-0.024774602991237772
5481,Mathew Leckie,274,3,Right Midfield,MID,1.0,0.3284671532846715,3.0,0.9854014598540146,235.0,77.18978102189782,0.07822293539123201,0.025693664909528763,0.7825619697396178,0.25704590246921755
5484,Lucas Hernández Pi,796,9,Left Back,DEF,0.0,0.0,1.0,0.11306532663316583,656.0,74.17085427135679,0.3249791982501232,0.036743879199134535,0.07951357871934306,0.008990228749674466
5485,Raphaël Varane,727,8,Right Center Back,DEF,1.0,0.12379642365887208,6.0,0.7427785419532323,819.0,101.38927097661623,0.450941914821493,0.05582499633278455,1.4705849615711486,0.18205315892902801
5487,Antoine Griezmann,1359,16,Center Attacking Midfield,MID,10.0,0.6622516556291391,44.0,2.913907284768212,1418.0,93.90728476821192,1.3798199944113143,0.09137880757690824,6.862117129083257,0.4544448429856462
5489,Mile Jedinak,319,5,Substitute,Unknown,0.0,0.0,4.0,1.128526645768025,345.0,97.33542319749216,0.23645497602329488,0.06671143524168194,0.22804597469803412,0.06433898972671809
5492,Samuel Yves Umtiti,638,7,Left Center Back,DEF,1.0,0.14106583072100312,3.0,0.42319749216300945,689.0,97.19435736677116,0.4573960886694615,0.0645229592166952,1.0339343539671972,0.14585280855336638
5497,Gonzalo Gerardo Higuaín,855,10,Center Forward,FWD,12.0,1.263157894736842,52.0,5.473684210526316,599.0,63.05263157894737,1.083070619724598,0.11400743365522084,9.002095980207764,0.9475890505481858
5503,Lionel Andrés Messi Cuccittini,582,6,Right Wing,FWD,9.0,1.3917525773195876,30.0,4.639175257731958,797.0,123.24742268041237,2.0592106756726736,0.31843464056793924,6.536932943506184,1.0108659190988942
5504,Éver Maximiliano David Banega,589,7,Center Attacking Midfield,MID,1.0,0.15280135823429541,10.0,1.5280135823429541,943.0,144.09168081494056,1.6784746028116755,0.25647319907139354,1.839774840334314,0.28112009444836716
5506,Javier Alejandro Mascherano,280,3,Right Center Back,DEF,0.0,0.0,2.0,0.6428571428571428,364.0,117.0,0.30415657945757624,0.0977646148256495,-0.03539434153935872,-0.011376752637651017
5510,Lucas Rodrigo Biglia,567,6,Center Defensive Midfield,MID,1.0,0.15873015873015872,7.0,1.1111111111111112,940.0,149.2063492063492,0.911698080517102,0.14471398103446062,1.1509462099489551,0.18268987459507227
5512,Emil Hallfreðsson,553,8,Left Center Midfield,MID,0.0,0.0,10.0,1.62748643761302,598.0,97.3236889692586,0.871646270045284,0.14185924828946758,0.8217452455942984,0.1337379242377701
5537,Fabian Lukas Schär,287,3,Right Center Back,DEF,0.0,0.0,2.0,0.627177700348432,293.0,91.8815331010453,0.19301015023560297,0.06052583108433542,0.47648482282238547,0.1494203277143369
5539,Carlos Henrique Casimiro,383,6,Center Defensive Midfield,MID,0.0,0.0,8.0,1.8798955613577024,563.0,132.2976501305483,0.25549024640085105,0.0600368725223932,0.5113169742980972,0.12015281380373041
5540,Valon Behrami,599,9,Substitute,Unknown,0.0,0.0,1.0,0.15025041736227046,474.0,71.21869782971619,0.014626298406997399,0.0021976074401164705,0.25598652951885015,0.0384620828993264
5541,Stephan Lichtsteiner,488,7,Right Back,DEF,1.0,0.18442622950819673,4.0,0.7377049180327869,526.0,97.00819672131146,0.513457415316721,0.09469501511988707,0.21304439968336375,0.039290975351440036
5544,Ricardo Iván Rodríguez Araya,378,4,Left Back,DEF,0.0,0.0,4.0,0.9523809523809523,372.0,88.57142857142857,0.39978661640477176,0.09518728962018375,0.5459374643815681,0.12998511056704
5549,Manuel Obafemi Akanji,385,4,Center Back,DEF,0.0,0.0,3.0,0.7012987012987013,456.0,106.59740259740259,0.3309105311506937,0.07735570858068164,-0.0028897939482703805,-0.0006755362476476214
5550,Yann Sommer,385,4,Goalkeeper,GK,0.0,0.0,0.0,0.0,248.0,57.97402597402597,0.07955015455901734,0.018596140026783274,-1.1918179121275898,-0.2786067846532028
5551,João Miranda de Souza Filho,892,10,Right Center Back,DEF,0.0,0.0,4.0,0.40358744394618834,887.0,89.49551569506727,0.2783681049214736,0.02808646798535048,-0.7675753681978676,-0.07744594522175795
5554,Blerim Džemaili,340,5,Left Defensive Midfield,MID,0.0,0.0,8.0,2.1176470588235294,374.0,99.00000000000001,0.04759541910988825,0.012598787411441006,-0.3682193319934886,-0.09746982317474698
5560,Carlos Alberto Vela Garrido,873,10,Right Wing,FWD,3.0,0.30927835051546393,17.0,1.7525773195876289,740.0,76.28865979381443,1.4371170880535824,0.1481564008302662,1.7736093913454096,0.1828463290046814
5566,Sami Khedira,294,4,Right Center Midfield,MID,2.0,0.6122448979591837,6.0,1.8367346938775508,275.0,84.18367346938776,0.38959188291634655,0.11926282130092242,1.4746319167606998,0.4514179337022551
5570,Manuel Neuer,294,3,Goalkeeper,GK,0.0,0.0,0.0,0.0,207.0,63.36734693877551,0.03317364425615997,0.01015519722127346,-1.257856978540076,-0.3850582587367579
5574,Toni Kroos,624,7,Left Defensive Midfield,MID,1.0,0.14423076923076922,5.0,0.721153846153846,1277.0,184.18269230769232,1.370719290471011,0.19769989766408813,2.1753216897592647,0.31374832063835545
5577,Francisco Guillermo Ochoa Magaña,381,4,Goalkeeper,GK,0.0,0.0,0.0,0.0,171.0,40.39370078740157,0.08195861383993179,0.01936030248187365,-0.3268352764134761,-0.07720518340475813
5579,Joshua Kimmich,294,3,Right Back,DEF,0.0,0.0,7.0,2.142857142857143,498.0,152.44897959183675,0.6648453052123762,0.2035240730241968,-0.129577121542301,-0.03966646577825541
5582,Celso Borges Mora,787,9,Right Defensive Midfield,MID,0.0,0.0,8.0,0.914866581956798,743.0,84.96823379923761,0.18309425570938512,0.02093835198709614,-0.15492155398533214,-0.017716569070749547
5584,Giancarlo González Castro,664,7,Center Back,DEF,2.0,0.27108433734939763,2.0,0.27108433734939763,429.0,58.147590361445786,0.33122171755431035,0.04489450990946977,1.743696691803052,0.23634443111788359
5587,Adem Ljajić,307,6,Substitute,Unknown,1.0,0.2931596091205212,7.0,2.0521172638436482,392.0,114.91856677524429,0.41107274653639614,0.12050992569470897,0.9479926695895847,0.27791316046600206
5588,Antonio Rukavina,600,7,Left Back,DEF,0.0,0.0,0.0,0.0,509.0,76.35000000000001,0.15226295330405346,0.022839442995608018,0.3760648714087438,0.05640973071131157
5589,Sergej Milinković-Savić,649,12,Substitute,Unknown,1.0,0.13867488443759632,15.0,2.0801232665639446,694.0,96.24036979969183,0.46619766769699933,0.06464990769295831,0.4337815585604403,0.06015460750452947
5594,Branislav Ivanović,773,8,Right Back,DEF,0.0,0.0,9.0,1.0478654592496766,876.0,101.99223803363519,0.6518697721336311,0.0758968686830877,0.4528642868390307,0.0527267604340398
5596,Aleksandar Kolarov,991,12,Left Back,DEF,1.0,0.09081735620585267,14.0,1.2714429868819375,1415.0,128.50655903128154,1.585262135773895,0.1439693160642286,1.5143187904085877,0.13752642899775266
5597,Keylor Navas Gamboa,848,9,Goalkeeper,GK,0.0,0.0,0.0,0.0,447.0,47.44103773584906,0.21949198598198835,0.02329514002167329,-1.4842608953767922,-0.1575276893678199
5598,Óscar Esau Duarte Gaitán,570,6,Center Defensive Midfield,MID,0.0,0.0,3.0,0.47368421052631576,472.0,74.52631578947368,0.24016038096089304,0.037920060151719955,0.021961538688628934,0.003467611371888779
5603,Nikola Milenković,393,4,Center Back,DEF,0.0,0.0,1.0,0.22900763358778628,443.0,101.45038167938931,0.21707591053727116,0.04971204058105447,-0.0023626465117558837,-0.0005410640866616527
5605,Oscar Hiljemark,571,8,Right Center Midfield,MID,0.0,0.0,3.0,0.47285464098073554,497.0,78.33625218914186,0.4344867452941008,0.06848302465231011,0.5559607786058914,0.08762954478901967
5630,Dries Mertens,581,13,Substitute,Unknown,3.0,0.4647160068846816,16.0,2.478485370051635,582.0,90.15490533562823,1.4120045048462182,0.2187270317317722,0.5142118431959535,0.07965415815427851
5633,Yannick Ferreira Carrasco,796,14,Substitute,Unknown,1.0,0.11306532663316583,29.0,3.278894472361809,913.0,103.2286432160804,1.5029204393385744,0.169928190377477,1.035492673871806,0.11707831739756601
5634,Erick Javier Davis Grajales,279,3,Left Wing Back,DEF,0.0,0.0,1.0,0.3225806451612903,288.0,92.90322580645162,0.1565300225350296,0.05049355565646115,0.19164135602954774,0.06181979226759605
5641,Michael Amir Murillo Bermudez,291,3,Right Wing Back,DEF,0.0,0.0,3.0,0.9278350515463918,306.0,94.63917525773196,0.4284754003984217,0.1325181650716768,0.16243247619422618,0.050236848307492636
5642,Axel Witsel,577,6,Left Center Midfield,MID,0.0,0.0,7.0,1.0918544194107451,661.0,103.10225303292896,0.16779802359914814,0.026173001947874062,0.4092700960172806,0.0638376232955897
5656,Syam Ben Youssef,598,7,Right Center Back,DEF,3.0,0.45150501672240806,5.0,0.7525083612040133,324.0,48.76254180602007,0.45665308313278064,0.06872705264540177,1.2428041254461277,0.18704409914741052
5660,Piotr Zieliński,1014,11,Right Center Midfield,MID,2.0,0.1775147928994083,19.0,1.6863905325443787,1184.0,105.08875739644971,1.2079994105893668,0.10721888259668935,0.6245373678421602,0.05543231075522132
5661,M''Baye Babacar Niang,339,4,Right Center Forward,FWD,0.0,0.0,9.0,2.3893805309734515,315.0,83.6283185840708,0.2319174173132191,0.06157099574687233,-0.607202848189976,-0.16120429597963967
5663,Jakub Błaszczykowski,331,6,Right Wing Back,DEF,2.0,0.5438066465256798,5.0,1.3595166163141994,425.0,115.55891238670695,0.13504065754019917,0.036718003560779235,0.5775933967961464,0.15704956408354434
5667,Kamil Grosicki,413,8,Substitute,Unknown,2.0,0.4358353510895884,12.0,2.6150121065375305,342.0,74.5278450363196,0.24289374570471844,0.05293084046834059,2.079848328941269,0.45323571332860585
5669,Wojciech Szczęsny,852,9,Goalkeeper,GK,0.0,0.0,0.0,0.0,555.0,58.62676056338028,0.2613437656044429,0.02760673580328622,-1.6524230533395894,-0.17455173098657634
5671,Alfred John Momar N''Diaye,696,8,Left Defensive Midfield,MID,0.0,0.0,6.0,0.7758620689655172,597.0,77.19827586206897,0.11345924421131516,0.014671453992842476,-0.035535095899831504,-0.004595055504288557
5675,Kalidou Koulibaly,1042,11,Left Center Back,DEF,0.0,0.0,3.0,0.2591170825335893,1564.0,135.08637236084454,1.1787000831503238,0.10180710890933697,-0.06943313982628752,-0.005997104207644794
5676,Cheikh N''Doye,880,10,Right Center Midfield,MID,5.0,0.5113636363636364,17.0,1.7386363636363635,670.0,68.52272727272727,0.5477848551687826,0.056023451096807314,3.55110472269007,0.36318116482057533
5678,Jefferson Andrés Lerma Solís,788,10,Right Center Midfield,MID,1.0,0.11421319796954314,11.0,1.2563451776649746,789.0,90.11421319796955,0.28241340054662284,0.03225533762588332,0.9349349158355035,0.10678190663095852
5683,Keisuke Honda,440,9,Substitute,Unknown,1.0,0.20454545454545453,9.0,1.8409090909090908,511.0,104.52272727272728,0.3022539992170464,0.06182468165803221,0.8717539541828446,0.1783133088101273
5685,Carlos Alberto Sánchez Moreno,297,5,Center Defensive Midfield,MID,0.0,0.0,2.0,0.6060606060606061,290.0,87.87878787878788,0.1666671011367435,0.05050518216264954,-0.287490572562092,-0.08711835532184606
5686,Wílmar Enrique Barrios Terán,297,3,Center Defensive Midfield,MID,0.0,0.0,0.0,0.0,274.0,83.03030303030303,0.10846159980755633,0.032867151456835254,0.18746433492924552,0.05680737422098349
5687,Takashi Inui,576,10,Left Wing,FWD,2.0,0.3125,13.0,2.03125,479.0,74.84375,0.9258957565695786,0.14467121196399665,1.394000154297217,0.21781252410894014
5688,Carlos Arturo Bacca Ahumada,1068,14,Left Center Forward,FWD,4.0,0.33707865168539325,15.0,1.2640449438202246,560.0,47.19101123595505,0.6157939343403953,0.051892747275876006,1.4816549432307742,0.12485856263180682
5689,Juan Guillermo Cuadrado Bello,670,9,Right Wing,FWD,4.0,0.5373134328358209,17.0,2.2835820895522385,897.0,120.49253731343282,1.386699078749198,0.1862730105782505,4.067247963198344,0.5463467413251507
5690,Yuto Nagatomo,964,12,Left Back,DEF,0.0,0.0,5.0,0.46680497925311204,1043.0,97.37551867219916,0.9944409857733761,0.09284200074647703,0.8608692398815183,0.0803716095325069
5691,Johan Andrés Mojica Palacio,523,5,Left Back,DEF,0.0,0.0,1.0,0.17208413001912046,586.0,100.8413001912046,0.4877399984288813,0.08393231330516122,0.7925131658121245,0.1363789386674784
5692,Juan Fernando Quintero Paniagua,412,7,Center Attacking Midfield,MID,2.0,0.4368932038834951,13.0,2.8398058252427183,583.0,127.35436893203882,1.1880240139780232,0.25951980887869436,2.36907501205185,0.5175163861278312
5695,James David Rodríguez Rubio,692,9,Center Attacking Midfield,MID,4.0,0.5202312138728323,16.0,2.0809248554913293,1088.0,141.5028901734104,2.053977877760481,0.26713585115381977,2.5941982083553246,0.33739572073985435
5696,Santiago Arias Naranjo,343,4,Right Back,DEF,0.0,0.0,1.0,0.26239067055393583,313.0,82.12827988338192,0.07245700595654435,0.019012042379268197,0.2371417564281728,0.062223784485526394
5717,Diego Sebastián Laxalt Suárez,664,7,Left Wing Back,DEF,1.0,0.13554216867469882,11.0,1.4909638554216869,596.0,80.78313253012048,0.7738436536111157,0.10488844702560303,1.3700383835384855,0.18569797367238508
5719,Marco Asensio Willemsen,834,10,Center Attacking Midfield,MID,2.0,0.2158273381294964,16.0,1.7266187050359711,840.0,90.64748201438849,1.0566077739246509,0.11402242164654507,2.096871714921901,0.22628112031531303
5721,Daniel Carvajal Ramos,543,6,Right Back,DEF,0.0,0.0,1.0,0.16574585635359115,710.0,117.67955801104972,0.7482262352302522,0.1240153981044617,0.5200230408809148,0.08619166423440576
5724,Fayçal Fajr,983,12,Center Attacking Midfield,MID,4.0,0.3662258392675483,20.0,1.8311291963377416,1104.0,101.07833163784333,0.36229183566884476,0.033170157894400844,2.72719044929801,0.24969190278415146
5727,Nabil Dirar,407,5,Right Wing,FWD,2.0,0.44226044226044225,9.0,1.99017199017199,454.0,100.3931203931204,0.9048766802820617,0.20009558040635272,1.4552551543843002,0.32180089408989443
5737,Steven N'Kemboanza Mike Christopher Nzonzi,617,11,Left Defensive Midfield,MID,1.0,0.1458670988654781,6.0,0.8752025931928687,706.0,102.98217179902755,0.11140291918443165,0.016250020626578363,1.0577914862660691,0.15429697530623374
5741,Enzo Nicolás Pérez,296,5,Center Defensive Midfield,MID,0.0,0.0,0.0,0.0,322.0,97.90540540540542,0.11114348878130408,0.03379362834566678,0.3730041754315607,0.11341343171905563
5743,Paulo Bruno Exequiel Dybala,648,8,Right Center Forward,FWD,4.0,0.5555555555555556,33.0,4.583333333333333,713.0,99.02777777777777,0.9694779188961992,0.13464971095780545,3.248010969862342,0.45111263470310303
5836,Bryan Oviedo,581,6,Left Back,DEF,0.0,0.0,2.0,0.3098106712564544,562.0,87.05679862306368,0.7785732610152226,0.12060515230872638,0.8087220658279257,0.12527536303702808
6196,Yerry Fernando Mina González,307,3,Right Center Back,DEF,2.0,0.5863192182410424,2.0,0.5863192182410424,291.0,85.30944625407166,0.11867347684013022,0.0347902700834258,1.9329908645304386,0.5666748462792817
6284,Kolbeinn Sigþórsson,550,9,Center Forward,FWD,2.0,0.32727272727272727,11.0,1.8,375.0,61.36363636363636,0.014871535646880261,0.002433524014944043,0.875177292880835,0.14321082974413663
6300,Sebastián Coates Nión,285,3,Right Center Back,DEF,0.0,0.0,5.0,1.5789473684210527,175.0,55.26315789473684,0.18247688378189014,0.05762427908901794,-0.38423151556344237,-0.12133626807266601
6305,Milan Badelj,877,11,Right Defensive Midfield,MID,1.0,0.10262257696693272,12.0,1.2314709236031927,1349.0,138.43785632839226,1.1324561910695328,0.1162155726297126,2.319836000679061,0.23806754853034834
6320,Filipe Luís Kasmirski,658,7,Left Back,DEF,0.0,0.0,1.0,0.13677811550151975,1007.0,137.7355623100304,1.4281496118041188,0.19533961255679436,1.3878966373886215,0.18983388657291175
6321,Milos Veljkovic,277,3,Right Center Back,DEF,0.0,0.0,0.0,0.0,365.0,118.59205776173286,0.43044830480274415,0.13985684993590966,0.45385748203261755,0.14746271979399125
6332,Thomas Vermaelen,280,5,Left Center Back,DEF,1.0,0.3214285714285714,3.0,0.9642857142857143,348.0,111.85714285714286,0.1191082442028069,0.03828479277947364,1.3538825876894407,0.4351765460430345
6334,Luis Fernando Muriel Fruto,896,14,Right Center Forward,FWD,3.0,0.3013392857142857,29.0,2.912946428571429,783.0,78.64955357142857,0.8941789786998747,0.08981708491404991,1.9127738633622648,0.1921313032395132
6335,Lamine Gassama,832,9,Right Back,DEF,1.0,0.10817307692307693,0.0,0.0,865.0,93.56971153846153,0.7077456614772053,0.07655902588094768,0.42026927857659757,0.04546182099987233
6352,Ricardo Domingos Barbosa Pereira,663,7,Left Back,DEF,0.0,0.0,3.0,0.40723981900452494,961.0,130.4524886877828,1.1193391593310285,0.1519464922168817,1.0228066786658019,0.13884253556549347
6356,Michael Krohn-Dehli,523,7,Left Wing,FWD,0.0,0.0,7.0,1.2045889101338434,519.0,89.31166347992351,0.9136084789095854,0.15721752027124797,0.7227236181640765,0.1243692650760361
6357,Jonathan dos Santos Ramírez,591,10,Substitute,Unknown,0.0,0.0,7.0,1.0659898477157361,733.0,111.6243654822335,1.033096383423493,0.1573243223487553,0.7746273436346092,0.1179635548682146
6360,Cristian Eduardo Zapata Valencia,444,6,Right Center Back,DEF,1.0,0.20270270270270271,1.0,0.20270270270270271,340.0,68.91891891891892,0.02877969254787179,0.005833721462406443,1.1554337530978955,0.2342095445468707
6375,Juan Francisco Torres Belén,769,9,Right Back,DEF,0.0,0.0,0.0,0.0,846.0,99.01170351105331,1.1324648330933968,0.13253814691600224,1.1416944929078454,0.13361834117256968
6376,Stefan Savić,380,4,Right Center Back,DEF,0.0,0.0,0.0,0.0,277.0,65.60526315789474,0.1286129659068613,0.030460965609519785,0.17151550081325695,0.040622092297876645
6377,Ángel Martín Correa,376,8,Substitute,Unknown,3.0,0.7180851063829786,13.0,3.1117021276595747,364.0,87.12765957446808,0.42857915878705943,0.10258543694371104,1.9296334055252373,0.4618803364289132
6378,Jan Oblak,1129,12,Goalkeeper,GK,0.0,0.0,0.0,0.0,451.0,35.95217006200177,0.3025254864192539,0.024116292097194732,-1.1498768785677385,-0.09166423301248579
6379,Sergi Roberto Carnicer,280,4,Right Back,DEF,0.0,0.0,0.0,0.0,302.0,97.07142857142857,0.011440819018222503,0.00367740611300009,0.040801787457894534,0.013114860254323244
6381,Saúl Ñíguez Esclapez,661,9,Left Center Midfield,MID,1.0,0.1361573373676248,16.0,2.178517397881997,676.0,92.04236006051437,0.3580053048590536,0.04874504907309353,0.41240600576566067,0.056152103659469675
6382,Fernando José Torres Sanz,545,10,Substitute,Unknown,6.0,0.9908256880733946,18.0,2.9724770642201834,365.0,60.27522935779816,0.7154359784665566,0.11814539093943136,4.198755767560215,0.693372512074164
6383,Thomas Teye Partey,384,6,Right Midfield,MID,1.0,0.234375,4.0,0.9375,335.0,78.515625,0.209070355658733,0.04900086460751555,-0.01739022227411624,-0.004075833345495994
6384,Gabriel Fernández Arenas,737,9,Right Center Midfield,MID,0.0,0.0,9.0,1.0990502035278156,1147.0,140.06784260515602,0.9505494865711915,0.11607795629770316,0.815562670757412,0.09959381325395804
6386,Eneko Bóveda Altube,328,6,Substitute,Unknown,0.0,0.0,0.0,0.0,474.0,130.0609756097561,0.5820980906712308,0.15972203707442306,0.9349387827387545,0.2565380806295363
6389,Mikel San José Domínguez,890,11,Right Defensive Midfield,MID,2.0,0.20224719101123598,10.0,1.0112359550561798,1071.0,108.30337078651685,0.7627678805665131,0.07713383061908559,1.9983567689018091,0.20208102157434027
6390,Markel Susaeta Laskurain,687,10,Right Wing,FWD,4.0,0.5240174672489083,9.0,1.1790393013100435,590.0,77.29257641921397,1.3441257731347331,0.17608634582551091,-0.05091122412879484,-0.006669592680628144
6391,Raúl García Escudero,836,10,Center Attacking Midfield,MID,4.0,0.43062200956937796,27.0,2.9066985645933014,782.0,84.1866028708134,0.5917100478791404,0.06370084247502708,1.3623500815996668,0.14666448246886366
6392,Íñigo Lekue Martínez,349,6,Left Back,DEF,0.0,0.0,1.0,0.25787965616045844,382.0,98.51002865329514,0.6582239018345786,0.16974255348169648,0.32228688374743797,0.08311123076581495
6393,Iñaki Williams Arthuer,658,10,Right Wing,FWD,3.0,0.41033434650455924,10.0,1.3677811550151977,452.0,61.82370820668693,0.5907284717254945,0.08079872713570593,2.4815030429163016,0.33941530982137863
6394,Aritz Aduriz Zubeldia,910,11,Center Forward,FWD,10.0,0.989010989010989,34.0,3.3626373626373627,577.0,57.065934065934066,0.7873265265081658,0.07786745866564278,3.9317316602555596,0.3888525817835169
6396,Beñat Etxebarria Urkiaga,1084,12,Left Defensive Midfield,MID,1.0,0.08302583025830258,10.0,0.8302583025830258,1520.0,126.19926199261994,1.2732485756807082,0.10571252012109202,3.802932270049234,0.315741609136929
6399,Gareth Frank Bale,488,6,Right Wing,FWD,5.0,0.9221311475409836,23.0,4.241803278688525,403.0,74.32377049180327,0.969675950064148,0.17883367931510927,2.860756451925475,0.5275985259698622
6401,Kevin Gameiro,517,7,Center Forward,FWD,5.0,0.8704061895551258,16.0,2.7852998065764023,281.0,48.91682785299807,1.086980506764714,0.18922291220275486,0.8759317363911132,0.15248328099651876
6402,Francisco Alcácer García,579,7,Center Forward,FWD,1.0,0.15544041450777202,9.0,1.3989637305699483,250.0,38.86010362694301,0.34387119745958844,0.05345148147040235,0.5876016759866616,0.09133704808082822
6409,Adam Smith,491,6,Right Back,DEF,0.0,0.0,2.0,0.3665987780040733,605.0,110.89613034623217,0.6916724660940285,0.12678314042456737,0.5982332926036324,0.10965579701492244
6557,Adrián González Morales,685,9,Center Attacking Midfield,MID,1.0,0.1313868613138686,11.0,1.4452554744525548,619.0,81.32846715328466,0.7442985879339321,0.09779105534898377,1.2133501349014695,0.15941826589946315
6559,Juan Carlos Pérez López,281,3,Left Midfield,MID,0.0,0.0,2.0,0.6405693950177935,268.0,85.83629893238435,0.3425337713960297,0.10970832535815898,0.16691178223118186,0.05345928968258494
6560,Marc Muniesa Martínez,521,6,Left Center Back,DEF,0.0,0.0,1.0,0.1727447216890595,473.0,81.70825335892515,0.5931220746741799,0.10245870771722877,0.739832492894493,0.1278021580815823
6561,Luis Hernández Rodríguez,847,9,Right Center Back,DEF,0.0,0.0,1.0,0.10625737898465171,836.0,88.83116883116882,0.5109690958471524,0.0542942368668757,1.1862615511781769,0.12604904321846036
6563,Juan Pablo Añor Acosta,521,9,Right Midfield,MID,1.0,0.1727447216890595,5.0,0.8637236084452974,527.0,91.03646833013437,0.6777154667568821,0.11707176968928866,0.9601908047301695,0.1658678933315072
6566,Borja González Tomás,527,8,Left Center Forward,FWD,7.0,1.1954459203036054,23.0,3.9278937381404173,335.0,57.21062618595825,-0.0947121862601857,-0.016174756666824882,1.9524946278561632,0.33344310532647947
6569,Roberto José Rosales Altuve,668,8,Right Back,DEF,0.0,0.0,5.0,0.6736526946107785,723.0,97.41017964071857,0.6957502442050559,0.0937388053569686,0.6848137204506202,0.09226532161759853
6573,Bernardo José Espinosa Zúñiga,282,3,Left Center Back,DEF,0.0,0.0,4.0,1.2765957446808511,265.0,84.57446808510637,0.185058275339867,0.05906115170421287,-0.03998814508668147,-0.012762173963834512
6576,Gorka Iraizoz Moreno,1121,12,Goalkeeper,GK,0.0,0.0,0.0,0.0,742.0,59.57181088314006,0.768830068349307,0.06172587524659913,-1.9987909118935931,-0.16047384662838837
6577,Zdravko Kuzmanović,283,4,Center Defensive Midfield,MID,0.0,0.0,3.0,0.9540636042402828,305.0,96.99646643109541,0.491254382002472,0.15622930876403704,-0.008811340877553447,-0.0028021932119427924
6580,José Luis García del Pozo,601,7,Left Defensive Midfield,MID,0.0,0.0,6.0,0.8985024958402662,613.0,91.79700499168052,0.8357056618531671,0.1251472704938187,0.8320894440531265,0.12460574037401229
6581,Jonathan Rodríguez Menéndez,694,8,Left Wing,FWD,1.0,0.12968299711815562,11.0,1.4265129682997117,658.0,85.3314121037464,1.3408423433036616,0.17388445374254977,0.16134382086338295,0.020923550256058306
6585,Jeison Fabián Murillo Cerón,559,6,Left Center Back,DEF,0.0,0.0,3.0,0.4830053667262969,557.0,89.67799642218246,0.2826420137356403,0.045505869832213997,-0.4539146351162344,-0.07308106826558336
6589,Geoffrey Kondogbia,666,8,Left Center Midfield,MID,1.0,0.13513513513513514,15.0,2.0270270270270268,895.0,120.94594594594594,0.7545799499405106,0.1019702635054744,1.8318736859509954,0.24755049810148588
6594,Santiago Mina Lorenzo,325,4,Left Midfield,MID,0.0,0.0,3.0,0.8307692307692308,272.0,75.32307692307693,0.06723133396059613,0.018617907866011234,-0.3470659422746394,-0.09611056862990014
6595,Daniel Parejo Muñoz,515,6,Right Center Midfield,MID,0.0,0.0,6.0,1.0485436893203883,570.0,99.61165048543688,0.27423485725968266,0.04792453816188629,-0.17306275845924393,-0.030243977206469815
6596,José Luis Gayà Peña,574,7,Left Back,DEF,0.0,0.0,5.0,0.7839721254355401,622.0,97.52613240418118,0.9401827191718959,0.14741540892939134,0.7005324969650246,0.10983959011646727
6599,Rubén Salvador Pérez Del Mármol,276,4,Right Defensive Midfield,MID,0.0,0.0,1.0,0.32608695652173914,287.0,93.58695652173913,0.06049312805329987,0.019726020017380393,0.24090785986557603,0.07855691082573131
6605,Joseba Zaldúa Bengoetxea,406,5,Right Back,DEF,0.0,0.0,1.0,0.22167487684729065,357.0,79.13793103448276,0.6013964428101085,0.13331448239632948,0.7146648447960615,0.158423241457255
6608,Nabil El Zhar,475,8,Substitute,Unknown,1.0,0.18947368421052632,12.0,2.2736842105263158,455.0,86.21052631578947,0.4516161617154659,0.08556937800924617,0.5592348323583138,0.10596028402578579
6609,Denis Suárez Fernández,963,12,Left Midfield,MID,2.0,0.18691588785046728,15.0,1.4018691588785046,1066.0,99.62616822429906,2.2391965965749674,0.20927070996027736,1.7738417301853189,0.16577960095189898
6610,Iván Cuéllar Sacristán,751,8,Goalkeeper,GK,0.0,0.0,0.0,0.0,424.0,50.812250332889484,0.27983191670697427,0.03353511651614872,-0.6967483460903168,-0.08349847023718843
6612,Rubén Duarte Sánchez,534,6,Left Back,DEF,0.0,0.0,2.0,0.33707865168539325,457.0,77.02247191011236,0.27503093195155975,0.04635352785700445,0.26705458905454726,0.045009200402451786
6614,Alexis Ruano Delgado,655,7,Left Center Back,DEF,1.0,0.13740458015267176,3.0,0.4122137404580153,493.0,67.74045801526718,0.17429300594232086,0.023948657305051725,1.3585823209868977,0.18667543341804702
6622,Tomás Pina Isla,837,11,Right Defensive Midfield,MID,0.0,0.0,3.0,0.3225806451612903,775.0,83.33333333333333,0.5031788308173599,0.054105250625522565,0.4471617988278158,0.048081913852453306
6625,Vicente Guaita Panadero,1215,13,Goalkeeper,GK,0.0,0.0,0.0,0.0,638.0,47.25925925925926,0.37056622702325315,0.027449350149870603,-1.7232053180341609,-0.1276448383729008
6627,Damián Nicolás Suárez Suárez,844,9,Right Back,DEF,0.0,0.0,3.0,0.31990521327014215,911.0,97.14454976303318,0.9768490983168007,0.10416637304326073,1.5876677527329885,0.169301063680058
6630,Jorge Molina Vidal,271,6,Substitute,Unknown,1.0,0.33210332103321033,5.0,1.6605166051660516,180.0,59.77859778597786,0.0790304267514485,0.026246267186827918,0.4352606718748575,0.14455151464478663
6633,Markel Bergara Larrañaga,529,7,Center Defensive Midfield,MID,1.0,0.17013232514177695,7.0,1.1909262759924386,416.0,70.7750472589792,-0.1548759574698439,-0.0263494067529035,0.250784538598964,0.04266655666144945
6647,Zouhair Feddal,751,8,Left Center Back,DEF,2.0,0.2396804260985353,6.0,0.7190412782956058,733.0,87.84287616511318,0.37337973447459966,0.044745906927715004,0.10046433369279839,0.012039667153597677
6648,Aïssa Mandi,1139,12,Right Center Back,DEF,2.0,0.15803336259877085,7.0,0.553116769095698,1016.0,80.28094820017559,0.6604286567091228,0.05218488068816598,2.9646062470710604,0.23425334700298103
6649,Óscar de Marcos Arana,1096,12,Right Back,DEF,2.0,0.16423357664233576,8.0,0.656934306569343,1253.0,102.89233576642334,1.6008475699022904,0.13145646103212238,2.4939506818482187,0.20479522022476246
6651,Joaquín Sánchez Rodríguez,479,6,Right Wing,FWD,0.0,0.0,6.0,1.1273486430062631,474.0,89.06054279749478,1.1366235422496136,0.21356183466067896,0.3368663352250587,0.06329430098174381
6654,Antonio Adán Garrido,711,8,Goalkeeper,GK,0.0,0.0,0.0,0.0,377.0,47.721518987341774,0.2538869564639047,0.03213758942581072,-1.0266782639519079,-0.12995927391796303
6658,Cristian Tello Herrera,369,5,Right Wing,FWD,0.0,0.0,6.0,1.4634146341463417,382.0,93.17073170731707,0.8378524315873643,0.20435425160667423,0.41550918499706313,0.10134370365782028
6659,Víctor Camarasa Ferrando,562,8,Left Center Midfield,MID,0.0,0.0,7.0,1.1209964412811388,709.0,113.54092526690391,0.3476802671760133,0.05567833460114092,0.908298272290267,0.14545701869417088
6661,Ryad Boudebouz,646,7,Center Attacking Midfield,MID,3.0,0.4179566563467492,11.0,1.5325077399380804,885.0,123.29721362229103,1.5455526233951848,0.215324668894066,1.7053304676091066,0.23758474006938016
6663,Antonio Barragán Fernández,321,4,Right Back,DEF,0.0,0.0,0.0,0.0,388.0,108.78504672897195,0.20502631166023724,0.05748401261501979,0.4628399811044801,0.1297682190012561
6665,Íñigo Martínez Berridi,932,10,Left Center Back,DEF,1.0,0.09656652360515021,6.0,0.5793991416309013,957.0,92.41416309012875,0.8284434446699476,0.07999990345525244,2.134479635715252,0.2061192781270093
6666,Sabin Merino Zuloaga,286,7,Substitute,Unknown,1.0,0.3146853146853147,7.0,2.202797202797203,203.0,63.88111888111888,0.22613841742675903,0.07116243905037871,0.5700457815255504,0.179385036144404
6668,José Luis Morales Nogales,651,8,Left Midfield,MID,3.0,0.4147465437788018,17.0,2.3502304147465436,607.0,83.91705069124424,1.447913028949463,0.20017230814969536,2.9354886450679043,0.4058279232812771
6669,David Zurutuza Veillet,599,7,Left Wing,FWD,2.0,0.3005008347245409,8.0,1.2020033388981637,726.0,109.08180300500835,0.652267961841093,0.09800353349866173,0.29902664676774293,0.044928878479293596
6671,Asier Illarramendi Andonegi,904,10,Right Defensive Midfield,MID,0.0,0.0,3.0,0.29867256637168144,1094.0,108.91592920353983,0.6282818207128916,0.06255018126566399,1.5422206004423789,0.1535396615484669
6672,Jorge Andújar Moreno,421,5,Right Back,DEF,0.0,0.0,8.0,1.7102137767220904,399.0,85.29691211401426,0.451586147547542,0.09653860636408261,0.3234714083923027,0.06915065737602671
6674,Alberto De La Bella Madureño,571,7,Left Back,DEF,0.0,0.0,0.0,0.0,643.0,101.34851138353766,0.5742859181964177,0.09051792055635305,0.45618642086628824,0.07190328875300515
6677,Imanol Agirretxe Arruti,279,3,Center Forward,FWD,5.0,1.6129032258064515,17.0,5.483870967741935,197.0,63.54838709677419,0.3774665624436592,0.12176340723989008,3.77498312672833,1.2177364924930096
6679,Aritz Elustondo Irribaria,813,10,Right Back,DEF,1.0,0.11070110701107011,5.0,0.5535055350553506,809.0,89.55719557195572,0.6512276615841702,0.07209162305359818,2.3939005926949903,0.26500744568579226
6680,Rubén Rochina Naixes,547,8,Center Attacking Midfield,MID,0.0,0.0,9.0,1.4808043875685557,554.0,91.15173674588664,0.4780975232078307,0.07866321222797946,1.0851912867766804,0.17855066875667502
6685,Mikel Oyarzabal Ugarte,668,9,Left Wing,FWD,4.0,0.5389221556886228,16.0,2.155688622754491,555.0,74.77544910179641,0.4966055048285249,0.06690792729725635,3.0305671931353864,0.40830995117093527
6686,Giampaolo Pazzini,467,7,Center Forward,FWD,1.0,0.19271948608137046,23.0,4.43254817987152,226.0,43.55460385438972,0.11320948789829584,0.0218176743272947,-1.4461697047936237,-0.2787050822942744
6690,Xabier Prieto Argarate,575,12,Substitute,Unknown,1.0,0.1565217391304348,5.0,0.782608695652174,565.0,88.43478260869566,0.5973745294521909,0.09350210026208207,0.827757330520777,0.12956201695107813
6694,Gerónimo Rulli,932,10,Goalkeeper,GK,0.0,0.0,0.0,0.0,584.0,56.39484978540773,0.458127420899204,0.04423977240442957,-3.6766443818050902,-0.35504076648332417
6697,Daniel Ceballos Fernández,479,8,Substitute,Unknown,0.0,0.0,5.0,0.9394572025052192,723.0,135.8455114822547,1.1405157330365638,0.21429314399434393,0.5978394511184888,0.11232891565900624
6699,Ander Capa Rodríguez,700,8,Right Back,DEF,3.0,0.38571428571428573,5.0,0.6428571428571428,709.0,91.15714285714286,1.1851004544261752,0.1523700584262225,2.480371434110566,0.3189048986713585
6700,Sergio Enrich Ametller,774,10,Center Forward,FWD,4.0,0.46511627906976744,19.0,2.2093023255813953,557.0,64.76744186046511,-0.03266577519087326,-0.0037983459524271236,0.7851226328639314,0.09129332940278272
6702,David Rodríguez Lombán,482,6,Right Center Back,DEF,0.0,0.0,2.0,0.37344398340248963,348.0,64.97925311203319,0.18299597585665756,0.034169373085268004,0.1503747559909243,0.028078273940214084
6707,Charles Días Barbosa de Oliveira,787,9,Left Center Forward,FWD,5.0,0.5717916137229987,23.0,2.6302414231257942,474.0,54.20584498094028,0.2511114335996015,0.028716682368442353,2.5311193785328445,0.2894545667953698
6712,Gonzalo Escalante,820,10,Right Defensive Midfield,MID,0.0,0.0,4.0,0.43902439024390244,773.0,84.84146341463415,0.6513584047580748,0.07149055661978869,-0.05369424415403046,-0.005893270699832611
6713,Diego Javier Llorente Ríos,599,7,Right Center Back,DEF,1.0,0.15025041736227046,4.0,0.6010016694490818,568.0,85.34223706176961,0.1638557990794753,0.024619402198919494,1.1909482480332372,0.17894047132385868
6716,Sébastien Corchia,751,9,Right Back,DEF,1.0,0.11984021304926765,5.0,0.5992010652463382,633.0,75.85885486018641,0.3613002469486949,0.043298298569084605,0.9798961063174065,0.11743095814722582
6718,Sergio Escudero Palomo,438,6,Left Back,DEF,1.0,0.2054794520547945,7.0,1.4383561643835616,505.0,103.76712328767124,1.4264430644399038,0.29310473926847336,2.317476525157341,0.47619380653917964
6719,Franco Damián Vázquez,632,7,Center Attacking Midfield,MID,4.0,0.569620253164557,13.0,1.85126582278481,756.0,107.65822784810126,1.8290514096973098,0.26046618176069286,1.5030486123109004,0.2140417327657928
6720,Pablo Sarabia García,818,10,Right Midfield,MID,4.0,0.4400977995110024,23.0,2.530562347188264,910.0,100.12224938875305,1.516613483497185,0.1668645641989568,3.9243244988458463,0.43177164412729363
6721,Willian José da Silva,506,8,Center Forward,FWD,4.0,0.7114624505928854,23.0,4.090909090909091,391.0,69.54545454545455,0.16717591748912689,0.029734846984232056,1.8934931715484709,0.33678732300269243
6723,Wissam Ben Yedder,1014,12,Center Forward,FWD,10.0,0.8875739644970414,31.0,2.7514792899408285,798.0,70.82840236686391,1.4362255995689814,0.1274756449321581,6.9913742062931,0.6205361721561924
6724,Manuel Agudo Durán,551,6,Left Wing,FWD,2.0,0.32667876588021777,11.0,1.7967332123411979,543.0,88.69328493647913,1.2448685636012817,0.20333606302017304,0.06466648018127308,0.010562582969717925
6727,Raúl Albentosa Redal,631,7,Right Center Back,DEF,0.0,0.0,1.0,0.14263074484944532,501.0,71.45800316957211,0.29493708430356236,0.04206709601794075,0.26306379593734164,0.037520985157465526
6728,Federico Nicolás Cartabia,300,8,Substitute,Unknown,2.0,0.6000000000000001,15.0,4.5,387.0,116.10000000000001,0.4457757611753035,0.13373272835259106,0.08860389335290529,0.026581168005871587
6730,Rubén Iván Martínez Andrade,376,4,Goalkeeper,GK,0.0,0.0,0.0,0.0,161.0,38.537234042553195,0.13165753128803404,0.031513770787029424,-0.19468377978773788,-0.04659984090663939
6732,Lucas Pérez Martínez,1096,12,Center Forward,FWD,9.0,0.739051094890511,34.0,2.791970802919708,772.0,63.394160583941606,2.062473441036101,0.16936369497559225,5.330860969727976,0.4377531818207279
6733,Pedro Mosquera Parada,1091,12,Left Defensive Midfield,MID,0.0,0.0,12.0,0.989917506874427,1305.0,107.65352887259397,0.42261762626638694,0.034863048912900846,1.5045231851254357,0.1241128200378453
6734,Luis Carlos Correia Pinto,273,5,Left Midfield,MID,0.0,0.0,1.0,0.32967032967032966,220.0,72.52747252747253,0.1464280005320385,0.04827296720836435,0.10408523520641029,0.03431381380431108
6735,Adrián López Álvarez,326,6,Left Center Forward,FWD,1.0,0.27607361963190186,1.0,0.27607361963190186,282.0,77.85276073619632,0.8327071644560512,0.22988848098479941,0.061502302065491676,0.016979163146914878
6736,Álvaro Medrán Just,751,9,Right Defensive Midfield,MID,1.0,0.11984021304926765,16.0,1.9174434087882823,753.0,90.23968042609853,0.32161035582428277,0.03854185356083282,-0.3023256892079953,-0.03623077500495283
6738,Juan Francisco Moreno Fuertes,933,11,Right Back,DEF,1.0,0.09646302250803858,5.0,0.48231511254019294,970.0,93.56913183279742,0.8425145948527386,0.08127150432663074,1.9801209032448241,0.19100844725834318
6739,Diego Alejandro Rolan Silva,798,12,Substitute,Unknown,2.0,0.22556390977443608,14.0,1.5789473684210527,843.0,95.07518796992483,0.7030013722740556,0.07928586905346491,0.5627440485695843,0.0634673738988253
6740,Gonzalo Castro Irizábal,483,7,Left Midfield,MID,1.0,0.1863354037267081,8.0,1.4906832298136647,521.0,97.0807453416149,1.4496592670170083,0.27012284478577797,1.957125622906373,0.3646817930881441
6742,Sergio Gontán Gallardo,598,8,Right Midfield,MID,3.0,0.45150501672240806,7.0,1.0535117056856187,583.0,87.74247491638796,1.1732515388819302,0.17657631856082562,2.801565224341932,0.42164025115514026
6743,Manuel Rolando Iturra Urrutia,327,4,Center Defensive Midfield,MID,0.0,0.0,0.0,0.0,275.0,75.68807339449542,0.12692993693016985,0.03493484502665225,0.4911090729292482,0.13516763475116922
6744,Luciano Vietto,379,7,Center Forward,FWD,1.0,0.23746701846965698,10.0,2.37467018469657,360.0,85.48812664907652,0.2771042969460599,0.06580313120091133,-0.41550398388062604,-0.09866849221439669
6745,Mehdi Lacen,933,10,Left Defensive Midfield,MID,0.0,0.0,5.0,0.48231511254019294,997.0,96.17363344051448,0.5644354149473306,0.05444714613639846,0.3994948824660387,0.038536483839167725
6751,Javier Fuego Martínez,399,5,Center Defensive Midfield,MID,0.0,0.0,0.0,0.0,462.0,104.21052631578948,0.14240999915131905,0.03212255619954565,0.19353501513251103,0.04365451469154384
6752,Víctor Ruíz Torre,1316,14,Left Center Back,DEF,0.0,0.0,3.0,0.20516717325227962,1380.0,94.37689969604864,1.3041807348369603,0.08919169159219333,0.5781322218826972,0.0395379179099109
6758,Víctor Sánchez Mata,595,7,Right Center Midfield,MID,1.0,0.1512605042016807,5.0,0.7563025210084033,543.0,82.1344537815126,0.46998919043796683,0.07109080191498657,-0.4341246579166036,-0.0656659146428476
6759,Roberto Soriano,1264,16,Left Center Midfield,MID,4.0,0.2848101265822785,21.0,1.4952531645569618,1393.0,99.18512658227849,1.9190414718700448,0.13664061112998735,4.730919753016147,0.3368534634267827
6761,Leonardo Carrilho Baptistão,517,9,Substitute,Unknown,0.0,0.0,11.0,1.9148936170212765,427.0,74.33268858800774,0.6766558550770213,0.1177930888915511,-1.1575461613974767,-0.20150706871522805
6762,Álvaro González Soberón,844,9,Right Center Back,DEF,0.0,0.0,1.0,0.1066350710900474,826.0,88.08056872037915,0.6676197352167305,0.07119167792595467,0.6503162630979205,0.06934652094646071
6764,Pablo Fornals Malla,318,7,Substitute,Unknown,0.0,0.0,3.0,0.8490566037735848,400.0,113.20754716981132,0.03266765059024673,0.009245561487805679,-0.08956089962483384,-0.02534742442212278
6766,Gerard Moreno Balaguero,562,8,Center Forward,FWD,3.0,0.4804270462633452,14.0,2.2419928825622777,479.0,76.70818505338077,0.27966048589460346,0.04478548706497208,0.3199414718692424,0.05123617876909575
6768,Diego López Rodríguez,285,3,Goalkeeper,GK,0.0,0.0,0.0,0.0,167.0,52.736842105263165,0.10025354770734589,0.03165901506547765,-0.5316694226348773,-0.16789560714785598
6771,Manuel Trigueros Muñoz,674,11,Right Defensive Midfield,MID,0.0,0.0,5.0,0.6676557863501484,704.0,94.0059347181009,0.4753107653163203,0.06346879655559173,0.48161159483424854,0.06431015361288185
6772,Mario Gaspar Pérez Martínez,1181,13,Right Back,DEF,1.0,0.07620660457239627,17.0,1.2955122777307366,1367.0,104.17442845046571,1.5172180938101927,0.1156220393250782,1.5096450014971197,0.11504491967378558
6775,Daniel García Carrillo,902,10,Left Defensive Midfield,MID,0.0,0.0,4.0,0.3991130820399113,1007.0,100.47671840354768,0.2101446563984367,0.02096787037234956,0.022792708484551893,0.0022742170328266856
6776,David Juncà Reñé,750,8,Left Back,DEF,1.0,0.12,1.0,0.12,731.0,87.72,1.130053965168841,0.13560647582026092,0.7503952942173928,0.09004743530608712
6777,Sidnei Rechel da Silva Júnior,1030,11,Left Center Back,DEF,0.0,0.0,2.0,0.17475728155339806,1066.0,93.14563106796116,0.3747877113741449,0.03274844079968257,1.5157605068088742,0.13244509282795988
6778,Iván Ramis Barrios,390,5,Left Center Back,DEF,0.0,0.0,0.0,0.0,304.0,70.15384615384616,0.240142158325536,0.05541742115204677,0.20108514226740226,0.046404263600169755
6783,Samuel García Sánchez,324,6,Substitute,Unknown,0.0,0.0,5.0,1.3888888888888888,355.0,98.61111111111111,0.252995919387501,0.07027664427430583,-0.35942345940566156,-0.09983984983490599
6784,Antonio García Aranda,469,5,Left Back,DEF,0.0,0.0,1.0,0.19189765458422176,575.0,110.3411513859275,0.7571520197346971,0.14529569675079476,0.7690158212935785,0.14757233244439671
6787,Pedro López Muñoz,359,4,Right Back,DEF,0.0,0.0,1.0,0.25069637883008355,414.0,103.78830083565458,0.45671368100370996,0.11449646598978802,0.517853319135611,0.12982395187243728
6788,Xabier Etxeita Gorritxategi,962,11,Right Center Back,DEF,0.0,0.0,4.0,0.37422037422037424,882.0,82.51559251559252,0.5043434280594359,0.047183896595997116,0.0357276360882679,0.0033425023367402405
6789,Mikel Balenziaga Oruesagasti,956,11,Left Back,DEF,1.0,0.09414225941422594,2.0,0.18828451882845187,975.0,91.7887029288703,1.3387371234742067,0.1260317375655634,1.5076683850638801,0.14193530821731087
6791,Javier López Rodríguez,582,7,Right Back,DEF,1.0,0.15463917525773196,1.0,0.15463917525773196,608.0,94.02061855670104,0.624827934265649,0.09662287643283232,0.7522038135502953,0.11632017735313846
6792,Pau López Sabata,705,8,Goalkeeper,GK,0.0,0.0,0.0,0.0,367.0,46.85106382978723,0.25661610567353554,0.03275950285194071,-0.4377901062835008,-0.05588809867448946
6794,Gustavo Daniel Cabral Cáceres,414,5,Right Center Back,DEF,0.0,0.0,2.0,0.43478260869565216,536.0,116.52173913043478,0.26525847073316894,0.05766488494199325,-0.81841462108423,-0.17791622197483262
6797,Daniel Wass,568,8,Right Defensive Midfield,MID,0.0,0.0,8.0,1.267605633802817,599.0,94.91197183098592,0.42551260036392363,0.06742277118442452,0.07876130895502866,0.012479784869634821
6800,Carles Gil de Pareja Vicent,485,7,Right Wing,FWD,0.0,0.0,3.0,0.5567010309278351,591.0,109.67010309278349,0.3049313833245568,0.05658520515301055,0.25193998727027794,0.04675175021510312
6801,Pedro Pablo Hernández,365,5,Center Attacking Midfield,MID,0.0,0.0,5.0,1.2328767123287672,414.0,102.08219178082192,0.24176218273509964,0.05961259300317526,-0.02665016576065682,-0.006571273749203051
6802,Jonathan Castro Otto,456,7,Left Back,DEF,0.0,0.0,0.0,0.0,506.0,99.86842105263158,0.558482012895302,0.11022671307144118,0.5837803106696811,0.11521979815848969
6804,Sergi Gómez Solà,563,6,Left Center Back,DEF,0.0,0.0,1.0,0.15985790408525755,634.0,101.34991119005328,0.33023601539312825,0.052790837274212334,0.4919798722694395,0.07864687123312533
6805,Hugo Mallo Novegil,657,7,Right Back,DEF,0.0,0.0,2.0,0.273972602739726,718.0,98.35616438356165,0.39006372620776253,0.05343338715174829,1.069477233599173,0.14650373063002367
6812,Vanessa DiBernardo,500,5,Right Defensive Midfield,MID,0.0,0.0,12.0,2.16,554.0,99.72000000000001,0.4490492977690143,0.08082887359842258,0.8091117185831536,0.14564010934496763
6818,Hayley Emma Raso,938,16,Substitute,Unknown,1.0,0.09594882729211088,23.0,2.20682302771855,810.0,77.71855010660981,1.0977225686116376,0.10532519315037035,0.24794579301343767,0.023790108071651803
6821,Jesús Navas González,815,11,Right Midfield,MID,1.0,0.11042944785276074,11.0,1.2147239263803682,1054.0,116.39263803680983,1.3531956102662153,0.14943264407847776,0.12592170276312392,0.01390546410881123
6822,Carlos Joaquín Correa,556,11,Substitute,Unknown,1.0,0.16187050359712232,15.0,2.4280575539568345,622.0,100.68345323741006,0.9127557476240302,0.14774823252906966,0.8277313749550377,0.13398529450711041
6823,Sergio Rico González,947,10,Goalkeeper,GK,0.0,0.0,0.0,0.0,531.0,50.464625131995774,0.25011030740037077,0.023769722984195746,-1.4021415998868179,-0.13325527348449165
6825,Daniel Filipe Martins Carriço,488,6,Left Center Back,DEF,0.0,0.0,3.0,0.5532786885245902,487.0,89.81557377049181,0.311301196418669,0.057412105896885675,-0.16257961015799083,-0.029983944496350765
6827,Daniele Bonera,344,4,Right Center Back,DEF,0.0,0.0,1.0,0.2616279069767442,387.0,101.25,0.49149247964349635,0.128588148743938,0.5994581054110313,0.1568349694389326
6828,Jaume Vicent Costa Jordá,478,6,Left Back,DEF,1.0,0.18828451882845187,2.0,0.37656903765690375,492.0,92.63598326359832,0.23329741920533834,0.04392629231899676,1.0622198407945689,0.19999955161404015
6829,Samuel Castillejo Azuaga,718,13,Substitute,Unknown,0.0,0.0,10.0,1.2534818941504178,673.0,84.35933147632312,1.1158634338153472,0.13987146106320508,-0.3752665037468541,-0.047038976792781156
6830,Facundo Sebastián Roncaglia,602,7,Right Back,DEF,0.0,0.0,2.0,0.29900332225913623,764.0,114.21926910299004,0.2842314582596227,0.042493075155093096,0.9748686504317448,0.14574448262268608
6832,Rubén Castro Martín,832,9,Center Forward,FWD,3.0,0.3245192307692308,30.0,3.2451923076923075,534.0,57.76442307692308,0.16240468179014123,0.017567814135952774,0.43582916601735633,0.04714498190091595
6837,Mauro Javier Dos Santos,750,8,Right Center Back,DEF,1.0,0.12,2.0,0.24,459.0,55.08,0.3650957416145714,0.04381148899374857,0.5979332046117634,0.0717519845534116
6838,Hernán Arsenio Pérez González,573,8,Right Wing,FWD,1.0,0.15706806282722513,14.0,2.1989528795811517,576.0,90.47120418848166,0.6470372349506787,0.10162888507078721,0.5728461006558501,0.08997582732814399
6841,Víctor Machín Pérez,437,6,Right Wing,FWD,1.0,0.20594965675057209,4.0,0.8237986270022883,444.0,91.441647597254,0.8232757642460367,0.16955336105753616,-0.1232353564701043,-0.025380279364552373
6842,Iker Muniain Goñi,407,8,Left Wing,FWD,2.0,0.44226044226044225,7.0,1.547911547911548,477.0,105.47911547911548,0.5561498304012866,0.12298153497817148,2.276334732887335,0.5033664028497793
6849,Lucas Digne,614,7,Left Back,DEF,0.0,0.0,4.0,0.5863192182410424,731.0,107.14983713355049,0.8200304224674562,0.12019989905874764,0.42098853255447466,0.0617084168239458
6852,Jozabed Sánchez Ruiz,563,6,Center Attacking Midfield,MID,3.0,0.47957371225577267,9.0,1.4387211367673178,562.0,89.84014209591474,0.34460054367698995,0.055087120658843865,3.3134562709245365,0.5296821747481497
6856,Carlos Martín Vigaray,524,6,Left Back,DEF,0.0,0.0,0.0,0.0,429.0,73.68320610687023,0.16049147240111655,0.02756532922919941,0.31034994969377294,0.05330438067259459
6861,Juan Torres Ruiz,653,7,Left Center Back,DEF,1.0,0.13782542113323124,3.0,0.41347626339969373,501.0,69.05053598774884,0.09873501916741248,0.013608195597346282,1.0180568737414433,0.14031411736099525
6862,Cédric Bakambu,802,14,Substitute,Unknown,5.0,0.5610972568578554,24.0,2.693266832917706,526.0,59.02743142144639,0.9603760945075102,0.10777287843600487,1.7318934676314033,0.19435213477160385
6867,Papa Kouly Diop,779,9,Left Defensive Midfield,MID,2.0,0.2310654685494223,8.0,0.9242618741976892,840.0,97.04749679075738,0.524947300394154,0.060648596964664785,2.429184608728974,0.2806503399045028
6869,Alejandro Arribas Garrido,839,9,Right Center Back,DEF,1.0,0.10727056019070322,5.0,0.5363528009535161,719.0,77.12753277711562,0.3955978167079638,0.04243599940848241,1.5271068520087283,0.1638136074860376
6870,José Manuel Jurado Marín,689,9,Left Midfield,MID,0.0,0.0,11.0,1.436865021770682,849.0,110.89985486211901,0.8591807462184013,0.11222970560182312,0.7096117905098945,0.09269239643815749
6871,Costel Fane Pantilimon,291,3,Goalkeeper,GK,0.0,0.0,0.0,0.0,160.0,49.48453608247423,0.09428795895208672,0.02916122441817115,-0.1499416655569803,-0.046373710997004214
6872,Bruno González Cabrera,653,7,Right Center Back,DEF,0.0,0.0,8.0,1.1026033690658499,608.0,83.7978560490046,0.27587437382106805,0.03802250175175517,-0.16065011487808079,-0.02214166973817346
6878,Miguel Torres Gómez,702,8,Left Back,DEF,1.0,0.12820512820512822,1.0,0.12820512820512822,514.0,65.8974358974359,0.9127241224817907,0.11701591313869111,0.996732626168523,0.12778623412416962
6880,Arnaldo Antonio Sanabria Ayala,790,9,Center Forward,FWD,5.0,0.569620253164557,18.0,2.050632911392405,540.0,61.51898734177215,1.0106626637532157,0.11513878447821445,2.67211858998237,0.3044185735422953
6884,Sergio Álvarez Conde,470,5,Goalkeeper,GK,0.0,0.0,0.0,0.0,274.0,52.46808510638297,0.2158274200482853,0.041328654902863145,-0.2338143920933362,-0.04477296869872396
6898,Jaume Doménech Sánchez,281,3,Goalkeeper,GK,0.0,0.0,0.0,0.0,160.0,51.24555160142349,0.08677314059806465,0.02779210908834811,-0.11416507820831612,-0.03656532754003007
6899,Rubén Pardo Gutiérrez,629,8,Left Defensive Midfield,MID,0.0,0.0,13.0,1.8600953895071541,685.0,98.01271860095389,0.7197536349669085,0.10298541676792013,1.1902925692389255,0.17031213232353465
6907,Pedro León Sánchez Gil,556,10,Right Wing,FWD,0.0,0.0,17.0,2.7517985611510793,532.0,86.11510791366906,0.707294286272914,0.11449008231036378,0.18964252990540403,0.030697531819220074
6909,Damián Emiliano Martínez,305,3,Goalkeeper,GK,0.0,0.0,0.0,0.0,133.0,39.24590163934426,0.04697856804701066,0.01386252827616708,-0.46454978157998994,-0.1370802634170462
6913,Fernando Navarro i Corbacho,878,11,Left Back,DEF,0.0,0.0,0.0,0.0,870.0,89.17995444191344,0.6621698044122172,0.06787617585091064,0.8319343968178146,0.08527801334123385
6914,Roberto Román Triguero,448,5,Left Back,DEF,1.0,0.20089285714285712,6.0,1.2053571428571428,403.0,80.95982142857143,0.4240291916790931,0.08518443582838924,1.3884514079254586,0.27892997034216804
6918,Isaac Ajayi Success,450,6,Right Wing,FWD,2.0,0.4,10.0,2.0,382.0,76.4,1.0185175081669835,0.2037035016333967,1.4248682878533145,0.2849736575706629
6926,Alen Halilović,494,8,Substitute,Unknown,0.0,0.0,10.0,1.8218623481781377,427.0,77.79352226720648,0.9281925293526093,0.16910390210877496,0.6394714817514178,0.1165029015336591
6927,David García Santana,408,5,Right Back,DEF,2.0,0.4411764705882353,1.0,0.22058823529411764,424.0,93.52941176470588,0.35225417553512534,0.07770312695627764,1.1720299347944092,0.25853601502817847
6928,Pedro Taunausú Domínguez Placeres,528,7,Center Attacking Midfield,MID,4.0,0.6818181818181819,8.0,1.3636363636363638,661.0,112.67045454545455,0.8402146422935572,0.1432184049364018,2.057899580225465,0.3507783375384315
6929,José Vicente Gómez Umpiérrez,543,7,Left Defensive Midfield,MID,0.0,0.0,4.0,0.6629834254143646,767.0,127.12707182320443,0.33556642074899234,0.05561874377055122,0.29867765435483307,0.04950458359472372
6932,Dani Castellano Betancor,601,7,Left Back,DEF,0.0,0.0,1.0,0.1497504159733777,832.0,124.59234608985025,0.7180642553414232,0.10753042093299181,1.0582176513271406,0.15846853347661008
6934,Jerónimo Figueroa Cabrera,712,9,Right Midfield,MID,0.0,0.0,7.0,0.8848314606741573,940.0,118.82022471910112,1.3264769161529528,0.1676726438957384,0.5394864968400216,0.0681935178589915
6935,Adrián Marín Gómez,314,4,Left Back,DEF,0.0,0.0,0.0,0.0,326.0,93.43949044585987,0.6775988191310512,0.19421622204393188,0.6498880534782074,0.18627364590139703
6938,Felipe Dias da Silva dal Belo,285,3,Left Center Back,DEF,0.0,0.0,3.0,0.9473684210526315,199.0,62.84210526315789,-0.15283200190011506,-0.0482627374421416,0.24225831346120685,0.076502625303539
6941,Jasmin Kurtič,597,8,Left Center Midfield,MID,0.0,0.0,11.0,1.6582914572864322,491.0,74.02010050251256,0.5527394557901513,0.08332755614926904,-0.5110334447672358,-0.07704021780410589
6943,Andrea Barzagli,619,7,Right Center Back,DEF,0.0,0.0,1.0,0.14539579967689822,722.0,104.9757673667205,0.5394907696538728,0.07843969187213012,0.983198760979576,0.14295297009396096
6944,Mattia De Sciglio,731,8,Right Back,DEF,0.0,0.0,4.0,0.49247606019151846,810.0,99.72640218878249,1.323380440427726,0.16293329635909076,1.3542699897079729,0.1667363872417477
6945,Alex Sandro Lobo Silva,460,6,Left Wing Back,DEF,2.0,0.391304347826087,9.0,1.7608695652173914,680.0,133.04347826086956,2.4796007782820553,0.4851392827073586,3.1153763421946206,0.6095301539076432
6947,Miralem Pjanić,607,7,Left Defensive Midfield,MID,2.0,0.29654036243822074,13.0,1.927512355848435,1096.0,162.50411861614498,0.859770115251399,0.12747827079510035,2.912630265831831,0.43185621733915114
6948,Sergio Floccari,545,7,Center Forward,FWD,2.0,0.3302752293577982,18.0,2.9724770642201834,367.0,60.60550458715596,0.011183785702079755,0.0018468636939214275,0.309654210388544,0.05113555767884213
6949,Gianluigi Buffon,656,7,Goalkeeper,GK,0.0,0.0,0.0,0.0,276.0,37.86585365853659,0.06475261991431278,0.008883743585805107,-0.8692587687983178,-0.11925806279245213
6950,Alberto Paloschi,741,9,Right Center Forward,FWD,4.0,0.48582995951417,20.0,2.4291497975708505,417.0,50.64777327935222,0.002893705176851959,0.0003514621672289829,-0.3024992646914356,-0.036740801379526594
6954,Giorgio Chiellini,789,9,Left Center Back,DEF,0.0,0.0,5.0,0.5703422053231939,1060.0,120.91254752851712,0.9564064115556513,0.10909578839037848,0.5570311016635969,0.06353966939128482
6962,Radja Nainggolan,595,7,Left Center Midfield,MID,2.0,0.3025210084033614,15.0,2.26890756302521,742.0,112.23529411764706,1.0333785930532196,0.15630936701645337,2.3410550373082515,0.3541091653071305
6964,Alessandro Florenzi,692,8,Right Back,DEF,4.0,0.5202312138728323,10.0,1.300578034682081,922.0,119.91329479768787,1.6560217261831185,0.21537854820300675,3.649938016269589,0.4747029211911315
6965,Bruno da Silva Peres,591,7,Right Wing Back,DEF,2.0,0.3045685279187817,14.0,2.1319796954314723,647.0,98.52791878172589,1.8415411857193904,0.2804377440181813,2.6478181413160637,0.40322103674863913
6973,Edin Džeko,413,7,Center Forward,FWD,3.0,0.6537530266343826,19.0,4.14043583535109,251.0,54.69733656174334,0.31336474632653427,0.06828771711716243,0.057558071886887774,0.012542921234430751
6979,Stephan El Shaarawy,537,8,Left Wing,FWD,4.0,0.6703910614525139,20.0,3.35195530726257,496.0,83.12849162011173,0.43028713515333766,0.07211516231620184,1.2984211960283574,0.2176124909544733
6982,Maxime Gonalons,471,5,Center Defensive Midfield,MID,0.0,0.0,6.0,1.1464968152866242,507.0,96.87898089171975,0.3373236358181497,0.06445674569773562,0.3189691932639107,0.06094952737526956
6983,Remo Freuler,381,4,Right Defensive Midfield,MID,2.0,0.47244094488188976,4.0,0.9448818897637795,401.0,94.7244094488189,0.5296551818025632,0.12511539727619603,1.6438284847536124,0.3883059412803809
6984,Danilo D''Ambrosio,492,6,Right Back,DEF,0.0,0.0,0.0,0.0,481.0,87.98780487804878,0.33732307510157133,0.06170544056736061,0.5658076270774473,0.103501395197094
6987,Mauro Emanuel Icardi Rivero,736,9,Center Forward,FWD,4.0,0.4891304347826087,17.0,2.078804347826087,294.0,35.95108695652174,0.3746603419384861,0.04581444398704313,2.418339059848222,0.2957208089488315
6992,Andrea Masiello,565,6,Right Back,DEF,1.0,0.1592920353982301,2.0,0.3185840707964602,518.0,82.51327433628319,0.4698098461010884,0.0748369666355716,0.7354552931938088,0.11715217059724388
6994,Marten de Roon,821,11,Center Defensive Midfield,MID,0.0,0.0,4.0,0.43848964677222896,739.0,81.0109622411693,0.25752950701785765,0.028231005641421666,0.758691262715729,0.08316956594934909
6997,Borja Valero Iglesias,1030,12,Left Wing,FWD,6.0,0.5242718446601942,14.0,1.2233009708737863,1504.0,131.41747572815532,1.2732063230214499,0.11125103793391311,4.890923527363222,0.42736224996377675
7000,Eder Citadin Martins,1039,13,Left Wing,FWD,5.0,0.43310875842155916,36.0,3.118383060635226,812.0,70.33686236766121,1.2331293455791004,0.10681582396739078,2.8150212204673615,0.24384206914539222
7001,Samir Handanovič,855,9,Goalkeeper,GK,0.0,0.0,0.0,0.0,398.0,41.89473684210526,0.19184203483334733,0.020193898403510248,-1.7148467821534723,-0.18051018759510237
7002,Rafael Tolói,476,6,Right Center Back,DEF,0.0,0.0,5.0,0.9453781512605043,324.0,61.260504201680675,0.18450255706318316,0.03488493725984555,-0.4406039766909089,-0.08330747458441554
7005,João Pedro Cavaco Cancelo,444,6,Right Back,DEF,0.0,0.0,0.0,0.0,548.0,111.08108108108108,0.538077645445311,0.10906979299567114,0.5119148205267265,0.10376651767433646
7006,Alejandro Darío Gómez,751,9,Left Wing,FWD,2.0,0.2396804260985353,20.0,2.396804260985353,723.0,86.6444740346205,1.5397618866817349,0.18452539254508143,1.596885955114267,0.191371153076277
7009,Édgar Osvaldo Barreto Cáceres,966,12,Left Center Midfield,MID,1.0,0.09316770186335405,4.0,0.3726708074534162,961.0,89.53416149068323,0.6143205984302859,0.05723483836307011,0.7948071559771197,0.07405035614693661
7011,Fabio Quagliarella,875,11,Center Forward,FWD,4.0,0.4114285714285715,39.0,4.011428571428572,480.0,49.371428571428574,0.3875202079924115,0.03985922139350519,0.26247741756378673,0.02699767723513235
7012,Vasco Regini,690,8,Left Back,DEF,0.0,0.0,5.0,0.6521739130434783,676.0,88.17391304347827,0.5780092549734092,0.07539251151827076,0.4671698104648385,0.06093519266932676
7013,Stefano Sturaro,378,6,Right Center Midfield,MID,0.0,0.0,4.0,0.9523809523809523,363.0,86.42857142857143,0.13840361400763224,0.03295324143038863,-0.193059977005003,-0.045966661191667375
7017,Duván Esteban Zapata Banguera,503,7,Right Center Forward,FWD,2.0,0.3578528827037773,21.0,3.757455268389662,333.0,59.58250497017893,0.5182641070225601,0.09273115234996104,-1.2767557730985573,-0.2284453669560043
7018,Emiliano Viviano,1511,16,Goalkeeper,GK,0.0,0.0,0.0,0.0,884.0,52.65387160820649,0.521601366466203,0.03106824816807298,-1.072087143722456,-0.0638569443646731
7019,Matías Agustín Silvestre,846,9,Right Center Back,DEF,0.0,0.0,3.0,0.3191489361702128,879.0,93.51063829787233,0.256801702649266,0.02731933006907085,0.38509462150977924,0.04096751292657226
7020,Jacopo Sala,469,6,Right Center Midfield,MID,0.0,0.0,3.0,0.5756929637526652,503.0,96.52452025586355,0.7573205374213973,0.14532803489962848,0.6940881784183439,0.13319389351311503
7024,Jorge Luiz Frello Filho,959,12,Center Defensive Midfield,MID,0.0,0.0,1.0,0.09384775808133472,2016.0,189.19708029197082,1.071316108326109,0.10054061496282565,1.428686413544463,0.1340790169124105
7025,Marek Hamšík,874,10,Left Center Midfield,MID,0.0,0.0,17.0,1.7505720823798627,1604.0,165.1716247139588,1.9017356858272447,0.1958309058632174,1.5043219979852438,0.15490729956369786
7026,Giacomo Bonaventura,896,10,Left Center Midfield,MID,2.0,0.20089285714285712,30.0,3.013392857142857,1088.0,109.28571428571428,1.1972083527814983,0.12025530329278443,2.668123949929606,0.268003521756322
7028,José Manuel Reina Páez,844,9,Goalkeeper,GK,0.0,0.0,0.0,0.0,432.0,46.06635071090047,0.21481543250112192,0.022906858915996413,-1.276776441722177,-0.1361491466291421
7029,José María Callejón Bueno,701,10,Right Wing,FWD,2.0,0.25677603423680456,16.0,2.0542082738944365,709.0,91.02710413694722,0.16647366774644903,0.021373224104394312,0.6822820201632567,0.08759683568429828
7030,Raúl Albiol i Tortajada,940,10,Right Center Back,DEF,0.0,0.0,5.0,0.4787234042553191,1356.0,129.82978723404256,1.3333903857501956,0.12766503693352937,0.8508542569034034,0.08146476927798543
7031,Elseid Hysaj,984,11,Right Back,DEF,0.0,0.0,3.0,0.27439024390243905,1338.0,122.37804878048782,1.013150502825393,0.09266620452671279,1.0315352714969777,0.09434773824667479
7033,Nikola Kalinić,898,11,Center Forward,FWD,4.0,0.40089086859688194,18.0,1.804008908685969,413.0,41.39198218262806,-0.10583941418437177,-0.010607513671039489,0.40561814345710445,0.04065215246229332
7034,Mateo Pablo Musacchio,296,4,Right Center Back,DEF,0.0,0.0,1.0,0.30405405405405406,311.0,94.5608108108108,0.2256987262928565,0.06862461272417934,0.007764407608192414,0.0023607996105990446
7035,Allan Marques Loureiro,843,10,Right Center Midfield,MID,3.0,0.32028469750889677,7.0,0.7473309608540925,1166.0,124.48398576512456,0.6707703617237116,0.07161249413420409,1.5634772929624887,0.16691928394617317
7036,Gianluigi Donnarumma,1135,12,Goalkeeper,GK,0.0,0.0,0.0,0.0,600.0,47.57709251101321,0.24501349247294568,0.01942838266305296,-1.9389609006466344,-0.15375020357550406
7037,Lorenzo Insigne,1001,12,Left Wing,FWD,8.0,0.7192807192807192,55.0,4.945054945054945,1353.0,121.64835164835165,3.0348436826097607,0.272863068366512,4.857999274172238,0.43678315152397745
7039,Hakan Çalhanoğlu,377,4,Center Attacking Midfield,MID,1.0,0.23872679045092837,6.0,1.4323607427055702,395.0,94.29708222811671,0.4483259338313963,0.10702741125948452,1.3000593881440583,0.31035900512722875
7041,Nicola Rigoni,815,10,Right Center Midfield,MID,0.0,0.0,13.0,1.4355828220858897,653.0,72.11042944785277,0.5430395462402317,0.05996755725352251,0.5430698361742543,0.059970902154212136
7042,Ivan Radovanović,852,11,Center Defensive Midfield,MID,0.0,0.0,9.0,0.9507042253521126,969.0,102.35915492957746,0.6296779331150845,0.06651527462483287,1.3495446598535636,0.14255753449157363
7043,Roberto Inglese,609,11,Right Center Forward,FWD,1.0,0.14778325123152708,10.0,1.477832512315271,329.0,48.62068965517241,-0.1152292676252235,-0.017028955806683274,-0.27150458841060754,-0.04012383079959717
7044,Patrik Schick,325,4,Center Forward,FWD,3.0,0.8307692307692308,10.0,2.769230769230769,182.0,50.400000000000006,0.08579317218816235,0.023758109221337267,1.6752974234714433,0.4639285172690151
7045,Valter Birsa,900,12,Center Attacking Midfield,MID,4.0,0.4,20.0,2.0,840.0,84.0,1.2489801416926338,0.12489801416926338,2.3822743007925626,0.23822743007925626
7046,Perparim Hetemaj,741,9,Left Center Midfield,MID,0.0,0.0,5.0,0.6072874493927126,813.0,98.74493927125506,0.4813043333587686,0.05845801619742129,0.1277174368700944,0.015512239295962882
7048,Konstantinos Manolas,753,8,Right Center Back,DEF,0.0,0.0,3.0,0.35856573705179284,775.0,92.62948207171314,0.3180591092924865,0.03801503298316571,0.3476691805408336,0.04155408532360561
7049,Lucas Nahuel Castro,798,9,Right Center Midfield,MID,0.0,0.0,6.0,0.6766917293233082,773.0,87.18045112781955,0.7900763473652765,0.08910635496600865,0.5983456492249388,0.06748259201785024
7050,Fabrizio Cacciatore,764,9,Right Back,DEF,0.0,0.0,1.0,0.11780104712041886,816.0,96.12565445026178,1.0820681917306711,0.1274687660415712,1.0729419887647964,0.1263936897759577
7051,Daniele De Rossi,474,5,Left Center Back,DEF,1.0,0.18987341772151897,4.0,0.7594936708860759,593.0,112.59493670886076,0.8297057907153313,0.15753907418645532,1.0929653537023114,0.20752506715866673
7052,Alessandro Gamberini,665,7,Right Center Back,DEF,0.0,0.0,1.0,0.13533834586466167,435.0,58.87218045112782,0.08551624279680296,0.0115736268446801,0.3202240201062523,0.043338589187312336
7054,Manuel Pucciarelli,938,10,Right Center Forward,FWD,3.0,0.2878464818763326,15.0,1.439232409381663,727.0,69.75479744136462,0.21559560691383917,0.02068614565271378,2.151794001838425,0.20646211105059514
7055,Stefano Sorrentino,566,6,Goalkeeper,GK,0.0,0.0,0.0,0.0,286.0,45.477031802120145,0.18134120438005694,0.02883517384135181,0.3587460634589661,0.05704442705177906
7056,Nenad Tomović,610,8,Right Center Back,DEF,0.0,0.0,3.0,0.4426229508196722,868.0,128.06557377049182,0.5358831099918433,0.07906472114633754,0.679635339678498,0.10027406650994233
7105,Fabián Ariel Orellana Valenzuela,564,6,Right Wing,FWD,1.0,0.1595744680851064,11.0,1.7553191489361701,743.0,118.56382978723404,1.0525834343754397,0.16796544165565527,1.2546516259801574,0.20021036584789745
7107,Danilo Cataldi,439,7,Right Center Midfield,MID,1.0,0.20501138952164008,7.0,1.4350797266514808,546.0,111.9362186788155,0.27811844516184686,0.05701744889422829,0.876681242464576,0.1797296396852206
7110,Bacary Sagna,760,8,Right Back,DEF,1.0,0.11842105263157894,1.0,0.11842105263157894,1036.0,122.6842105263158,1.0383444010536633,0.12296183696688119,0.870071825265768,0.10303482141305148
7113,Simone Missiroli,281,3,Center Defensive Midfield,MID,0.0,0.0,3.0,0.9608540925266904,339.0,108.57651245551601,0.3579662583214871,0.11465111476488911,-0.1533263655292103,-0.04910808860366166
7114,Gaetano Letizia,1230,14,Left Wing Back,DEF,1.0,0.07317073170731707,10.0,0.7317073170731708,1235.0,90.3658536585366,1.810135374364241,0.13244892983152984,2.4050133214329836,0.17597658449509637
7119,Francesco Acerbi,328,4,Left Center Back,DEF,1.0,0.27439024390243905,1.0,0.27439024390243905,385.0,105.64024390243902,0.09556459503027598,0.026221992538795237,1.5233549975091591,0.4179937493165376
7130,Cheick Tidiane Diabaté,520,8,Center Forward,FWD,2.0,0.34615384615384615,9.0,1.5576923076923077,274.0,47.42307692307693,0.028953541075672422,0.0050111898015586884,1.0673482596757822,0.18473335263619306
7132,Andrea Consigli,281,3,Goalkeeper,GK,0.0,0.0,0.0,0.0,178.0,57.01067615658363,0.0938572283392886,0.030061033987672504,-0.6321879524330143,-0.20248012711377683
7137,Ervin Zukanović,572,8,Left Back,DEF,2.0,0.3146853146853147,6.0,0.9440559440559441,725.0,114.07342657342657,0.7736586926508151,0.12172951457792545,1.429163266060641,0.22486834605849246
7139,Josip Iličić,795,11,Center Attacking Midfield,MID,9.0,1.0188679245283019,36.0,4.0754716981132075,956.0,108.22641509433961,0.8845108206408557,0.1001333004499082,3.9341325728412624,0.44537349881221844
7141,Giuseppe Rossi,357,6,Left Center Forward,FWD,0.0,0.0,13.0,3.2773109243697482,265.0,66.80672268907563,0.4629550743361712,0.11671136327802636,-0.30479704232129734,-0.0768395905011674
7142,Luca Rossettini,839,9,Right Back,DEF,1.0,0.10727056019070322,6.0,0.6436233611442193,820.0,87.96185935637664,0.6475408286824821,0.06946206743912203,0.9718749715248123,0.10425357263079035
7146,Goran Pandev,285,4,Center Forward,FWD,0.0,0.0,2.0,0.631578947368421,151.0,47.68421052631579,0.028822367229488742,0.009101800177733287,-0.7349710478447378,-0.23209612037202246
7147,Andrea Bertolacci,410,7,Left Defensive Midfield,MID,1.0,0.21951219512195122,4.0,0.8780487804878049,485.0,106.46341463414633,0.4322717686032097,0.09488892481533871,1.2873695669113658,0.28259331956590955
7148,Mattia Perin,378,4,Goalkeeper,GK,0.0,0.0,0.0,0.0,176.0,41.904761904761905,0.1006104369000142,0.023954865928574806,0.4252169815590605,0.10124213846644298
7149,Marco Benassi,621,9,Right Center Midfield,MID,2.0,0.2898550724637681,14.0,2.028985507246377,511.0,74.05797101449275,0.756476541334215,0.10963428135278479,2.5291588898366317,0.3665447666429901
7150,Riccardo Saponara,838,10,Center Attacking Midfield,MID,4.0,0.42959427207637235,21.0,2.2553699284009547,947.0,101.70644391408115,1.4551482360341792,0.1562808368055801,2.5864725104765967,0.2777834438459352
7151,Mário Rui Silva Duarte,938,10,Left Back,DEF,0.0,0.0,9.0,0.863539445628998,1209.0,116.00213219616204,1.1640300713206344,0.11168732027596705,1.825191682059085,0.17512500147688448
7153,Jordan Veretout,561,8,Right Center Midfield,MID,0.0,0.0,7.0,1.1229946524064172,683.0,109.57219251336899,0.20671486821674487,0.03316281308290025,1.3244935883925064,0.21248560241591014
7154,Sebastián Carlos Cristóforo Pepe,631,9,Right Defensive Midfield,MID,0.0,0.0,0.0,0.0,810.0,115.53090332805071,0.39670137537896927,0.056581812653101804,0.4234154839650728,0.06039206585872671
7155,Vincent Laurini,423,5,Right Back,DEF,1.0,0.2127659574468085,2.0,0.425531914893617,435.0,92.55319148936171,0.3078904113320191,0.06550859815574875,1.1810380632960005,0.251284694318298
7156,Federico Chiesa,292,4,Right Wing,FWD,0.0,0.0,13.0,4.006849315068493,243.0,74.8972602739726,0.38102546028175693,0.11743935419643194,0.1491132124873111,0.04595955179403425
7157,Marco Sportiello,756,8,Goalkeeper,GK,0.0,0.0,0.0,0.0,348.0,41.42857142857142,0.18146415643935612,0.021602875766590014,-0.25927982994471677,-0.03086664642199009
7158,Cristiano Biraghi,728,8,Left Back,DEF,0.0,0.0,2.0,0.24725274725274726,646.0,79.86263736263736,0.566750897287704,0.0700653581811722,0.723777244359022,0.08947795603339558
7160,Lorenzo Tonelli,466,5,Right Center Back,DEF,0.0,0.0,0.0,0.0,455.0,87.87553648068669,0.3288594836876178,0.06351363418859572,0.0266998152656015,0.005156616682197714
7161,Germán Alejandro Pezzella,451,5,Right Center Back,DEF,0.0,0.0,5.0,0.9977827050997784,451.0,90.0,0.28409812659306505,0.05669363945316154,-0.32199505844619125,-0.06425622008904039
7164,Ibrahima Mbaye,311,5,Right Back,DEF,0.0,0.0,3.0,0.8681672025723474,373.0,107.94212218649518,0.09544511058682945,0.027620771552458685,0.06156923127127811,0.0178174624257718
7165,Rodrigo Sebastián Palacio,344,5,Right Center Forward,FWD,2.0,0.5232558139534884,0.0,0.0,297.0,77.70348837209302,0.2526255048301698,0.06609388207766072,-0.09048259081062861,-0.02367277085161795
7166,Riccardo Montolivo,832,9,Center Defensive Midfield,MID,0.0,0.0,5.0,0.5408653846153847,1150.0,124.39903846153847,1.017259010546515,0.11004003719854127,1.5206859500322025,0.16449727824867577
7169,Adam Masina,863,11,Left Back,DEF,2.0,0.20857473928157588,3.0,0.3128621089223638,951.0,99.17728852838935,1.2939098456270706,0.13493845435276516,1.092366606768337,0.11392004010330282
7171,Fabio Borini,433,5,Left Wing,FWD,1.0,0.20785219399538105,5.0,1.0392609699769053,263.0,54.66512702078522,0.24216987202804202,0.0503355392206092,0.9416968044824898,0.1957337468901249
7172,Simone Romagnoli,954,10,Center Back,DEF,0.0,0.0,3.0,0.2830188679245283,518.0,48.86792452830189,0.20001366117667177,0.01886921331855394,-0.34437482815701514,-0.03248819133556746
7173,Leonardo Bonucci,943,11,Center Back,DEF,0.0,0.0,9.0,0.8589607635206787,1241.0,118.44114528101802,1.4595237466657227,0.13929707020139453,-0.6719299817632418,-0.06412905446308777
7174,Antonio Mirante,847,9,Goalkeeper,GK,0.0,0.0,0.0,0.0,493.0,52.3848878394333,0.2813969183806938,0.02990049900149049,-0.27499577213893645,-0.029220329979343894
7176,Sebastian De Maio,480,6,Left Center Back,DEF,0.0,0.0,4.0,0.75,457.0,85.6875,0.25426594530367436,0.047674864744438945,0.3933663054049248,0.0737561822634234
7179,Casey Marie Krueger,611,6,Left Back,DEF,0.0,0.0,5.0,0.7364975450081833,529.0,77.9214402618658,0.7704912098378776,0.11349297689919637,0.39052778875338845,0.057524551534869
7193,Paul Bernardoni,281,3,Goalkeeper,GK,0.0,0.0,0.0,0.0,131.0,41.95729537366548,0.05957456354878167,0.019080821065446087,0.3553255367442034,0.11380533205330358
7199,Vincent Le Goff,418,6,Left Back,DEF,0.0,0.0,1.0,0.21531100478468898,529.0,113.89952153110048,0.35213031328711447,0.07581753156899594,0.6241148210538086,0.13437878922211188
7200,Fabien Lemoine,661,9,Right Defensive Midfield,MID,1.0,0.1361573373676248,3.0,0.4084720121028744,781.0,106.33888048411498,0.6995026682456331,0.09524242078987441,0.8019017742335564,0.10918481041001524
7211,Zargo Touré,844,9,Left Center Back,DEF,2.0,0.2132701421800948,4.0,0.4265402843601896,669.0,71.3388625592417,0.43834353862365816,0.046742794402996724,2.2561282709939405,0.24058239856570454
7230,Grégory Bourillon,288,5,Center Defensive Midfield,MID,1.0,0.3125,2.0,0.625,232.0,72.5,0.2119772264856366,0.06624288327676144,1.277991096212645,0.3993722175664516
7237,Chaker Alhadhur,307,4,Left Back,DEF,0.0,0.0,0.0,0.0,221.0,64.78827361563518,0.07856132285362213,0.02303100669975893,0.2692742255749181,0.07894032671577403
7282,Jean-Louis Leca,468,5,Goalkeeper,GK,0.0,0.0,0.0,0.0,260.0,50.0,0.17772914622474606,0.03417868196629732,-0.5852196248888504,-0.11254223555554814
7301,Lossémy Karaboué,474,5,Right Back,DEF,0.0,0.0,3.0,0.569620253164557,604.0,114.68354430379746,0.6026415086290401,0.11442560290424811,0.4175004052667646,0.07927222884811985
7337,Mohamed Lamine Yattara,386,8,Substitute,Unknown,2.0,0.46632124352331605,8.0,1.8652849740932642,272.0,63.41968911917098,0.2206742339391846,0.05145254159203786,1.985838492459152,0.4630193376200095
7338,Romain Philippoteaux,643,9,Right Midfield,MID,1.0,0.13996889580093314,4.0,0.5598755832037325,594.0,83.14152410575427,0.6332067219827943,0.08862924568966017,-0.5241532071831171,-0.07336514563993864
7344,Jordan Adéoti,499,9,Substitute,Unknown,0.0,0.0,3.0,0.5410821643286573,328.0,59.15831663326653,0.2346663666453956,0.0423245951865443,-0.21968524590192828,-0.03962258944122955
7346,Lindsay Rose,282,3,Right Center Back,DEF,0.0,0.0,1.0,0.3191489361702128,259.0,82.65957446808511,0.1858954835220014,0.059328345804894066,0.008571615268010646,0.0027356218940459507
7349,Gaël Danic,599,7,Left Wing,FWD,2.0,0.3005008347245409,14.0,2.1035058430717863,607.0,91.20200333889815,0.8694061374519368,0.13062863500947297,2.496230150287738,0.37505962191301573
7350,Birama Touré,945,10,Left Defensive Midfield,MID,0.0,0.0,9.0,0.8571428571428572,1031.0,98.19047619047619,0.9866907121411689,0.09397054401344467,1.061741271696519,0.10111821635204944
7363,Diego Rigonato Rodrigues,507,8,Substitute,Unknown,3.0,0.5325443786982248,9.0,1.5976331360946745,478.0,84.85207100591717,0.7377173815748507,0.13095574820855338,2.4631005990092323,0.4372367927235324
7375,Theoson Jordan Siebatcheu,305,9,Substitute,Unknown,2.0,0.5901639344262295,9.0,2.655737704918033,201.0,59.31147540983607,0.3207365763374192,0.094643579902845,1.121767800359521,0.3310134492864161
7389,Amos Youga,466,7,Right Center Midfield,MID,0.0,0.0,4.0,0.7725321888412017,427.0,82.46781115879828,0.48110183227597547,0.092916662885918,0.4827158554835478,0.0932283841062646
7415,Jessy Pi,404,5,Left Defensive Midfield,MID,1.0,0.22277227722772278,9.0,2.004950495049505,412.0,91.78217821782178,0.26908284515354575,0.059944198177770094,1.3848294014751446,0.3085015993385223
7428,Alexandre Coeff,661,7,Right Back,DEF,0.0,0.0,1.0,0.1361573373676248,680.0,92.58698940998488,0.6243434819045661,0.08500894609895757,0.9431833212584024,0.12842132967209716
7435,Anthony Weber,592,7,Left Center Back,DEF,0.0,0.0,2.0,0.30405405405405406,419.0,63.69932432432432,0.1742173476385578,0.026485745418023992,0.2528911290864926,0.03844628651652759
7442,Jérémy Clément,806,9,Left Defensive Midfield,MID,0.0,0.0,1.0,0.11166253101736973,842.0,94.0198511166253,0.2865889651169131,0.0320012492066032,0.572601321619004,0.06393811283586893
7444,Alaeddine Yahia,468,5,Right Center Back,DEF,0.0,0.0,3.0,0.5769230769230769,327.0,62.88461538461538,0.37064649634186636,0.07127817237343584,0.35505012091016397,0.06827886940580076
7456,Diego Perotti,274,5,Center Attacking Midfield,MID,4.0,1.313868613138686,5.0,1.6423357664233575,367.0,120.54744525547446,0.7707440659194259,0.25316410924360705,2.3964684941406595,0.7871611842067859
7458,Alessio Romagnoli,951,10,Left Center Back,DEF,0.0,0.0,4.0,0.3785488958990536,1002.0,94.82649842271294,0.7890775574679991,0.07467610953955828,0.3400896901730448,0.032185144180414335
7460,Isaac Cofie,936,11,Center Defensive Midfield,MID,0.0,0.0,8.0,0.7692307692307693,714.0,68.65384615384615,0.3805498812952745,0.036591334739930245,1.1519931687653298,0.11076857391974324
7461,Luca Rigoni,361,4,Right Center Midfield,MID,1.0,0.24930747922437674,7.0,1.745152354570637,269.0,67.06371191135734,0.186601992047035,0.0465212722554935,0.705089558090549,0.1757841003549845
7462,Aleandro Rosi,757,9,Right Back,DEF,0.0,0.0,8.0,0.9511228533685601,648.0,77.04095112285337,1.1503388731038877,0.13676419891591796,1.0951628627371974,0.13020430336373548
7463,Ignazio Abate,475,5,Right Back,DEF,0.0,0.0,0.0,0.0,663.0,125.62105263157895,0.9993530990642018,0.1893511135069014,1.4172081749711651,0.26852365420506286
7465,Daniele Baselli,547,9,Left Center Midfield,MID,0.0,0.0,7.0,1.1517367458866545,541.0,89.01279707495429,0.8461264332157824,0.13921641497151813,0.8051588142465335,0.1324758560917514
7467,Nicolás Andrés Burdisso,473,5,Center Back,DEF,0.0,0.0,2.0,0.3805496828752643,284.0,54.038054968287526,0.17773981476912054,0.03381941507234852,-0.016860570409335196,-0.0032081423611842867
7471,Andrea Belotti,820,12,Right Center Forward,FWD,7.0,0.7682926829268293,23.0,2.524390243902439,411.0,45.109756097560975,0.48571235481851693,0.053309892602032345,3.2087597349586225,0.3521809465198488
7472,Nicolas Alexis Julio N'Koulou Ndoubena,767,8,Right Center Back,DEF,0.0,0.0,6.0,0.7040417209908736,783.0,91.877444589309,0.2561987427671064,0.030062433962241952,0.5349439811107004,0.06277048018248114
7473,Lorenzo De Silvestri,476,5,Right Wing Back,DEF,1.0,0.18907563025210083,5.0,0.9453781512605043,417.0,78.84453781512605,0.3678200510366675,0.0695458079691178,0.3692139274789952,0.06980935603594446
7474,Afriyie Acquah,350,7,Right Center Midfield,MID,0.0,0.0,4.0,1.0285714285714285,281.0,72.25714285714285,0.8488070003054379,0.21826465722139832,0.8185806976074819,0.21049217938478104
7475,Tomás Eduardo Rincón Hernández,473,5,Right Wing Back,DEF,1.0,0.19027484143763215,6.0,1.1416490486257929,642.0,122.15644820295984,0.9368837226259495,0.1782654017681511,1.0670231921540108,0.20302766869738048
7476,Emiliano Moretti,945,10,Left Center Back,DEF,0.0,0.0,4.0,0.380952380952381,1269.0,120.85714285714285,0.7933789609956018,0.07555990104720016,1.7390149867133005,0.16562047492507626
7479,Cristian Molinaro,594,7,Left Wing Back,DEF,0.0,0.0,3.0,0.4545454545454546,650.0,98.48484848484848,1.0776975266597137,0.16328750403935058,1.1110051756193862,0.16833411751808883
7498,Mickaël Tacalfred,348,4,Right Center Back,DEF,0.0,0.0,1.0,0.25862068965517243,251.0,64.91379310344827,0.17618890698111717,0.045566096633047545,0.296353779733181,0.07664321889651232
7552,Clément Chantôme,873,10,Left Defensive Midfield,MID,0.0,0.0,6.0,0.6185567010309279,1168.0,120.41237113402062,0.6737641008084767,0.06946021657819348,0.8409568508213852,0.08669658255890568
7567,Maxime Barthelmé,372,6,Left Midfield,MID,1.0,0.24193548387096775,3.0,0.7258064516129032,403.0,97.5,0.6899142020061891,0.16691472629181994,0.38786250906786884,0.09383770380674246
7577,Carles Planas Antolínez,367,5,Left Back,DEF,0.0,0.0,0.0,0.0,400.0,98.09264305177112,0.14035149833413987,0.034418623569680076,0.29848319001030177,0.07319751253658627
7603,Jérémie Bréchet,504,6,Left Center Back,DEF,0.0,0.0,1.0,0.17857142857142855,382.0,68.21428571428571,0.2830549360076428,0.05054552428707908,0.6024950959981652,0.10758840999967235
7615,Abdul Majeed Waris,531,7,Center Forward,FWD,3.0,0.5084745762711864,12.0,2.0338983050847457,323.0,54.74576271186441,0.08536337783772906,0.014468369125038823,1.498744400263627,0.25402447462095373
7635,Gaëtan Charbonnier,390,6,Center Attacking Midfield,MID,2.0,0.46153846153846156,9.0,2.076923076923077,347.0,80.07692307692307,0.367187226674367,0.08473551384793084,1.7092020307754865,0.3944312378712661
7641,Johann Carrasso,281,3,Goalkeeper,GK,0.0,0.0,0.0,0.0,151.0,48.36298932384342,0.10678085228176515,0.034200272972807345,-0.580889913457213,-0.1860501502176127
7693,Bruno Petković,365,7,Center Forward,FWD,0.0,0.0,5.0,1.2328767123287672,250.0,61.64383561643835,-0.04295508842563072,-0.010591665639196616,-0.9445029093330959,-0.23289112832870856
7695,Samuel Souprayen,381,5,Left Back,DEF,0.0,0.0,2.0,0.47244094488188976,432.0,102.04724409448819,0.6187215253048467,0.14615469101689293,0.15981439629103988,0.03775143219473383
7696,Ryder Matos Santos,592,9,Substitute,Unknown,2.0,0.30405405405405406,12.0,1.8243243243243243,515.0,78.29391891891892,0.936785997368083,0.14241679014041803,1.6071497870434541,0.2443302041113359
7702,Alessio Cerci,388,6,Right Wing,FWD,2.0,0.4639175257731959,12.0,2.783505154639175,322.0,74.69072164948454,0.7427975324287791,0.17229839669739722,0.7798655297197197,0.18089664349168755
7704,Alex Ferrari,289,5,Right Back,DEF,0.0,0.0,3.0,0.9342560553633218,303.0,94.3598615916955,0.3840921737455242,0.11961347971313901,0.33319817821029574,0.10376413854299867
7766,Walid Mesloub,498,7,Center Attacking Midfield,MID,1.0,0.18072289156626503,4.0,0.7228915662650601,676.0,122.16867469879519,0.40024255892131916,0.07233299257614201,1.644261862356565,0.2971557582572105
7770,Federico Viviani,401,5,Right Defensive Midfield,MID,0.0,0.0,8.0,1.795511221945137,584.0,131.07231920199501,0.34614841204951285,0.0776891697866737,1.324828213862842,0.2973429906425331
7771,Dario Dainelli,473,5,Right Center Back,DEF,0.0,0.0,1.0,0.19027484143763215,317.0,60.317124735729394,0.11769232409812876,0.02239388830619786,0.2750047453446314,0.052326484315046135
7775,Emanuele Giaccherini,748,9,Left Wing,FWD,1.0,0.12032085561497326,16.0,1.9251336898395721,815.0,98.06149732620321,1.3838195015004435,0.16650234643721915,1.3031396546051837,0.15679487822789642
7776,Antonio Candreva,601,8,Right Wing,FWD,5.0,0.7487520798668885,27.0,4.043261231281198,740.0,110.81530782029951,1.661187520781981,0.24876352224688567,1.1109454630975348,0.16636454522259259
7777,Federico Bernardeschi,829,12,Right Wing,FWD,1.0,0.10856453558504221,14.0,1.519903498190591,857.0,93.03980699638119,1.009440625145367,0.10958945266958145,0.13284335044643375,0.014422076646778092
7778,Ştefan Daniel Radu,460,5,Left Back,DEF,0.0,0.0,5.0,0.9782608695652174,636.0,124.43478260869566,0.7526197262158074,0.14725168556396231,-0.23235796972585376,-0.04546134190288443
7780,Lucas Pezzini Leiva,487,5,Center Defensive Midfield,MID,0.0,0.0,4.0,0.7392197125256674,577.0,106.6324435318275,0.5024920153653667,0.0928630007862074,0.5809312313358532,0.10735895445631785
7781,Felipe Salvador Caicedo Corozo,354,6,Center Forward,FWD,2.0,0.5084745762711864,5.0,1.271186440677966,186.0,47.288135593220346,0.0048921152309718535,0.0012437581095691153,1.3781884446216282,0.35038689270041395
7782,Luis Alberto Romero Alconchel,617,8,Center Attacking Midfield,MID,3.0,0.4376012965964344,22.0,3.2090761750405186,574.0,83.72771474878444,0.8542147993233614,0.12460183458525531,1.6908413101158803,0.24663811654850767
7785,Senad Lulić,617,8,Left Back,DEF,0.0,0.0,5.0,0.7293354943273905,803.0,117.13128038897894,1.4569920299108203,0.2125272004732153,0.7934451301698573,0.11573753924681872
7787,Stefan de Vrij,292,3,Right Center Back,DEF,1.0,0.3082191780821918,1.0,0.3082191780821918,386.0,118.97260273972603,0.21398636043254834,0.0659547001333197,1.5832440579833928,0.4879861822551554
7788,Ciro Immobile,436,7,Substitute,Unknown,4.0,0.8256880733944955,20.0,4.128440366972478,351.0,72.45412844036697,0.3806612133951089,0.07857685597605459,-0.7509075346133149,-0.15500384888806962
7791,Seko Fofana,520,7,Left Center Midfield,MID,1.0,0.17307692307692307,8.0,1.3846153846153846,595.0,102.98076923076923,0.28179657644123907,0.04877248438406061,1.5147207683185115,0.26216320990128084
7793,Kevin Lasagna,561,14,Substitute,Unknown,2.0,0.32085561497326204,12.0,1.9251336898395721,347.0,55.66844919786096,0.07958873767650587,0.012768246686070461,0.5477332796144765,0.08787164913601227
7796,Silvan Widmer,387,4,Right Wing Back,DEF,1.0,0.23255813953488372,0.0,0.0,338.0,78.6046511627907,0.6401381753347954,0.14886934310111521,1.1775115063646808,0.27383988520108854
7799,Danilo Larangeira,573,6,Center Back,DEF,0.0,0.0,3.0,0.47120418848167545,402.0,63.1413612565445,0.40340224777968947,0.0633616095989041,0.35199706711864565,0.05528749745319042
7803,Albano Benjamín Bizzarri,1047,11,Goalkeeper,GK,0.0,0.0,0.0,0.0,567.0,48.73925501432665,0.3389521022607887,0.029136283861958916,-0.18093160714488477,-0.015552860213027342
7808,Roderic Filippi,410,5,Right Center Back,DEF,2.0,0.43902439024390244,5.0,1.0975609756097562,309.0,67.82926829268293,0.13571822471924372,0.029791805426175454,1.905622213787865,0.4183073152217265
7815,Antoine Devaux,869,10,Center Attacking Midfield,MID,1.0,0.10356731875719218,12.0,1.242807825086306,720.0,74.56846950517837,0.49419494174993134,0.05118244506040716,0.5163787560231867,0.05347996322449575
7817,Frédéric Bulot,414,6,Right Midfield,MID,0.0,0.0,11.0,2.391304347826087,364.0,79.1304347826087,0.15597253288656782,0.033907072366645176,-0.49930532146664336,-0.10854463510144421
7900,Tiago Manuel Dias Correia,451,7,Left Wing,FWD,2.0,0.3991130820399113,12.0,2.3946784922394677,335.0,66.85144124168515,1.0046143777298595,0.20047737027868592,1.4802686600742163,0.29539729358465516
7905,Raúl Lizoáin Cruz,278,3,Goalkeeper,GK,0.0,0.0,0.0,0.0,186.0,60.21582733812949,0.10838789684750524,0.03508960689307724,-0.7842529786576051,-0.2538948492056995
7906,David Simón Rodríguez Santana,682,9,Right Back,DEF,0.0,0.0,2.0,0.26392961876832843,843.0,111.24633431085044,0.5317456454719819,0.07017171274556945,0.37035195843456314,0.048873425599869035
7907,Pedro Bigas Rigo,732,8,Left Center Back,DEF,1.0,0.12295081967213115,5.0,0.6147540983606558,851.0,104.63114754098359,0.3115172182447712,0.038301297325176786,1.4380983558221487,0.1768153716174773
7949,Artur Ioniţă,398,5,Center Attacking Midfield,MID,1.0,0.22613065326633167,8.0,1.8090452261306533,334.0,75.52763819095478,0.20832378742263968,0.04710839414079792,0.4996733452571789,0.11299145998277915
7962,Andrea Ranocchia,625,9,Center Back,DEF,0.0,0.0,1.0,0.14400000000000002,569.0,81.93599999999999,0.37420488932062984,0.0538855040621707,-0.1208172568003647,-0.017397684979252516
7966,Filip Helander,477,5,Left Center Back,DEF,0.0,0.0,0.0,0.0,373.0,70.37735849056604,0.2291221210865412,0.04323058888425306,0.1777455804985948,0.033536901980866944
8102,Edoardo Goldaniga,312,4,Right Center Back,DEF,0.0,0.0,3.0,0.8653846153846154,175.0,50.48076923076923,0.047157913592831106,0.013603244305624358,-0.4154190074186772,-0.11983240598615688
8103,Mattia Destro,725,8,Center Forward,FWD,5.0,0.6206896551724138,21.0,2.6068965517241383,411.0,51.02068965517241,0.5974039805739573,0.07416049414021539,2.1731057480519897,0.269764851482316
8118,Frenkie de Jong,299,3,Left Defensive Midfield,MID,1.0,0.3010033444816054,0.0,0.0,377.0,113.47826086956522,0.24111514097575157,0.072576463838855,0.4317819799762219,0.12996782005973234
8125,Denzel Dumfries,493,5,Right Wing Back,DEF,0.0,0.0,0.0,0.0,402.0,73.38742393509128,0.49634521393293807,0.09061068814191567,-0.1744593828334473,-0.03184856887426016
8167,Sergio Ezequiel Araújo,489,6,Center Forward,FWD,0.0,0.0,17.0,3.128834355828221,379.0,69.75460122699387,0.09991464966785474,0.01838919932537204,-0.7452696120744804,-0.13716618627137675
8172,Felipe Anderson Pereira Gomes,429,8,Substitute,Unknown,2.0,0.4195804195804196,13.0,2.7272727272727275,552.0,115.8041958041958,0.8189843882736589,0.17181490663083754,0.8523750687906286,0.1788199445015305
8173,Marco Parolo,642,7,Left Center Midfield,MID,0.0,0.0,16.0,2.2429906542056073,705.0,98.83177570093459,0.3841633040786778,0.053854668796076324,0.1899526896562893,0.026628881727517192
8187,Marcel Büchel,387,6,Left Center Midfield,MID,0.0,0.0,15.0,3.488372093023256,452.0,105.11627906976744,0.1759605525387838,0.04092105872994972,0.01905342808458954,0.004431029787113847
8191,Ali Adnan Kadhim Al Tameemi,358,4,Left Wing Back,DEF,1.0,0.25139664804469275,6.0,1.5083798882681565,365.0,91.75977653631284,0.9441651047090657,0.23735994252462544,2.1109101319791517,0.5306757315031386
8193,Maximiliano Gastón López,348,6,Substitute,Unknown,3.0,0.7758620689655172,9.0,2.3275862068965516,169.0,43.706896551724135,0.14075463170109206,0.036402059922696225,-0.20238575085929777,-0.0523411424636115
8234,Ignacio Camacho Barnola,563,6,Right Defensive Midfield,MID,0.0,0.0,7.0,1.119005328596803,634.0,101.34991119005328,0.6889419745580928,0.11013282008921556,0.38129024239606224,0.06095225899759432
8251,Marco van Ginkel,280,5,Right Defensive Midfield,MID,0.0,0.0,4.0,1.2857142857142856,238.0,76.5,0.164912293335347,0.0530075228577901,-0.23581642958743032,-0.07579813808167403
8272,Cyril Théréau,615,7,Left Center Forward,FWD,2.0,0.2926829268292683,15.0,2.1951219512195124,504.0,73.7560975609756,0.9674102802136101,0.141572236128821,0.9189848961541429,0.13448559455914288
8274,Pierluigi Gollini,377,4,Goalkeeper,GK,0.0,0.0,0.0,0.0,214.0,51.08753315649867,0.16058098920935868,0.03833498416138536,0.28330657252809033,0.06763286877328416
8275,Davide Astori,1064,12,Left Center Back,DEF,0.0,0.0,3.0,0.2537593984962406,1520.0,128.57142857142858,1.1588675824647976,0.0980245135543532,1.5457827790087322,0.13075230273570104
8277,Wallace Fortuna dos Santos,749,8,Right Center Back,DEF,0.0,0.0,7.0,0.8411214953271028,691.0,83.03070761014686,0.374723966632062,0.0450269118783519,-0.4389348549884744,-0.05274250593987009
8278,Nicolás Federico Spolli,661,7,Right Center Back,DEF,0.0,0.0,2.0,0.2723146747352496,459.0,62.496217851739786,0.21541828555914605,0.029330780182031987,-0.28163096333446447,-0.03834612208789985
8280,Godfred Donsah,385,5,Right Center Midfield,MID,1.0,0.23376623376623376,8.0,1.87012987012987,345.0,80.64935064935065,0.3766455520368637,0.08804701216446163,0.6732321902236436,0.15737895355877382
8284,Amadou Diawara,767,10,Center Defensive Midfield,MID,1.0,0.11734028683181225,6.0,0.7040417209908736,960.0,112.64667535853977,0.5124642793632486,0.060132705531541555,1.0970916983205825,0.12873305456173717
8291,Arlind Afrim Ajeti,380,4,Right Center Back,DEF,0.0,0.0,3.0,0.7105263157894737,198.0,46.89473684210526,0.023766991780107376,0.0056290243689728,-0.10283986787544563,-0.02435681081260555
8294,Claudio Marchisio,537,6,Center Defensive Midfield,MID,0.0,0.0,8.0,1.3407821229050279,786.0,131.731843575419,0.43373148972675957,0.07269242844582563,0.9666508430462564,0.1620085211809368
8296,Alessandro Matri,293,6,Substitute,Unknown,2.0,0.6143344709897611,4.0,1.2286689419795223,160.0,49.14675767918089,0.12368293139278339,0.037991344113824245,0.925426171743311,0.2842605988290034
8297,Adriana Kristina Leon,815,13,Right Wing,FWD,2.0,0.22085889570552147,20.0,2.208588957055215,555.0,61.28834355828221,1.2974936430541038,0.14328150659493172,1.8577201994821662,0.20514701589373613
8298,Megan Anna Rapinoe,345,5,Left Wing,FWD,0.0,0.0,7.0,1.826086956521739,316.0,82.43478260869566,0.3210130553032716,0.08374253616607086,0.18063360691280106,0.04712181049899158
8385,Ludovic Lamine Sané,339,4,Right Center Back,DEF,0.0,0.0,1.0,0.2654867256637168,347.0,92.12389380530975,0.1276330264036975,0.033884874266468364,-0.12012061098357663,-0.03189042769475486
8419,Duje Čop,596,8,Right Center Forward,FWD,5.0,0.7550335570469798,20.0,3.0201342281879193,421.0,63.57382550335571,0.3088776451532342,0.04664259742246825,2.7998244020582437,0.4227922754785938
8420,Luca Cigarini,400,5,Left Defensive Midfield,MID,1.0,0.225,7.0,1.5750000000000002,513.0,115.425,0.47866739665154096,0.10770016424659672,1.9754245839591604,0.4444705313908111
8423,Pedro Miguel Almeida Lopes Pereira,402,5,Right Back,DEF,0.0,0.0,1.0,0.22388059701492538,431.0,96.49253731343283,0.4578583163287866,0.1025055932079373,0.8722013258666266,0.19526895355222984
8440,Aythami Artiles Oliva,506,6,Right Center Back,DEF,0.0,0.0,0.0,0.0,620.0,110.27667984189723,0.47914535415111703,0.08522348196363741,0.6672774359176401,0.11868570994582531
8443,Dušan Basta,569,6,Right Back,DEF,0.0,0.0,2.0,0.3163444639718805,787.0,124.48154657293496,0.6020292605715709,0.09522431186545058,0.9583791397890309,0.15158896762919644
8469,Jean-Christophe Bahebeck,279,5,Left Wing,FWD,1.0,0.3225806451612903,11.0,3.5483870967741935,219.0,70.64516129032258,0.2361107112197892,0.07616474555477071,0.5490483612528188,0.17711237459768348
8515,Benjamin Stambouli,377,7,Center Defensive Midfield,MID,0.0,0.0,2.0,0.47745358090185674,706.0,168.54111405835542,0.3354726138309642,0.08008630038404982,0.5049729363527149,0.12055056836006457
8522,Armindo Tué Na Bangna,469,10,Substitute,Unknown,1.0,0.19189765458422176,16.0,3.070362473347548,520.0,99.7867803837953,0.908048045772116,0.1742522902334551,1.1881205744605976,0.22799755160224688
8523,Yevhen Konoplyanka,514,9,Left Wing,FWD,2.0,0.35019455252918286,13.0,2.2762645914396886,527.0,92.27626459143968,1.6521235947430706,0.28928234149197735,2.7817739704004487,0.4870810454008567
8552,Robin Quaison,291,5,Substitute,Unknown,1.0,0.30927835051546393,4.0,1.2371134020618557,249.0,77.0103092783505,0.5614837210685979,0.1736547590933808,0.018854140320094304,0.005831177418585866
8572,Karim Rekik,373,4,Left Center Back,DEF,0.0,0.0,1.0,0.24128686327077747,513.0,123.78016085790885,0.22481413108750292,0.054244696509048965,0.525406514381757,0.1267736897972068
8584,Jonathas Cristian de Jesus,633,10,Center Forward,FWD,4.0,0.5687203791469194,14.0,1.9905213270142181,438.0,62.27488151658768,0.6251202342796829,0.08887965416298808,2.425315385306021,0.34483157137052434
8645,Massimo Gobbi,994,12,Left Back,DEF,0.0,0.0,4.0,0.3621730382293763,1005.0,90.99597585513078,1.4124432004955372,0.1278872113124732,0.9239101044950075,0.08365383239894435
8661,Daniel Pavlovic,564,6,Left Back,DEF,1.0,0.1595744680851064,4.0,0.6382978723404256,514.0,82.02127659574468,0.8164029348803704,0.13027706407665485,0.9035200386226643,0.14417872956744643
8662,Vid Belec,1145,12,Goalkeeper,GK,0.0,0.0,0.0,0.0,549.0,43.1528384279476,0.22984239678020252,0.018066214594077052,-0.8357535731629469,-0.06569242059796089
8664,Andrea Costa,580,7,Left Center Back,DEF,0.0,0.0,3.0,0.46551724137931033,736.0,114.20689655172414,0.5394043564908847,0.08370067600720624,-0.34152769669890404,-0.05299567707396787
8672,Gélson da Conceição Tavares Fernandes,497,6,Right Defensive Midfield,MID,0.0,0.0,0.0,0.0,469.0,84.92957746478874,0.18165766127248487,0.03289575355034937,0.44916616824048106,0.0813379379107511
8677,Marcel Tisserand,837,9,Left Center Back,DEF,0.0,0.0,2.0,0.2150537634408602,824.0,88.60215053763442,0.7138415202237437,0.0767571527122305,0.40043677083705553,0.043057717294307046
8697,Andrés Eduardo Fernández Moreno,746,8,Goalkeeper,GK,0.0,0.0,0.0,0.0,427.0,51.514745308311,0.27899065217370744,0.03365838967243119,-0.9906593803898431,-0.11951654723201861
8818,Jorge Meré Pérez,566,6,Left Center Back,DEF,0.0,0.0,1.0,0.15901060070671377,442.0,70.2826855123675,0.19461818848134196,0.030946355058870632,0.16044321471417788,0.025512171951017685
8847,Santiago Juan Gentiletti Selak,383,4,Left Center Back,DEF,0.0,0.0,2.0,0.4699738903394256,468.0,109.9738903394256,0.3537359172636621,0.08312332259459423,0.008154434195603244,0.0019161855812122506
8848,Paolo Cannavaro,281,3,Right Center Back,DEF,0.0,0.0,0.0,0.0,175.0,56.04982206405694,0.2491697830247738,0.07980526858444713,0.038501123955938965,0.012331320839980451
8849,Domenico Maietta,472,5,Left Center Back,DEF,0.0,0.0,0.0,0.0,478.0,91.14406779661017,0.4039647860126006,0.0770271837735891,0.7487270295678172,0.14276574716335497
8851,Saphir Sliti Taïder,640,9,Right Center Midfield,MID,0.0,0.0,12.0,1.6875,721.0,101.39062499999999,0.8250225695756336,0.11601879884657347,0.5464393897822593,0.07684303918813021
8852,Thomas Heurtaux,433,5,Right Center Back,DEF,0.0,0.0,1.0,0.20785219399538105,356.0,73.99538106235565,0.4340360376175415,0.09021534269186775,-0.028393536777002737,-0.005901658914388559
8871,Marco Borriello,475,8,Center Forward,FWD,3.0,0.5684210526315789,10.0,1.894736842105263,325.0,61.578947368421055,0.4010227762190007,0.07598326286254749,1.5427414331788896,0.2923089031286317
8873,Marios Oikonomou,662,7,Right Center Back,DEF,0.0,0.0,4.0,0.5438066465256798,624.0,84.83383685800605,0.34511298495563825,0.04691868375529825,0.4909446264937287,0.06674473774083925
8874,Luca Antonelli,762,8,Left Back,DEF,0.0,0.0,5.0,0.5905511811023622,869.0,102.63779527559055,0.6731322315439879,0.07950380687527417,0.9760797835479025,0.11528501380487037
8876,Faouzi Ghoulam,869,10,Left Back,DEF,0.0,0.0,4.0,0.4142692750287687,1346.0,139.40161104718067,1.128978525188051,0.1169252787881756,0.6865433700731955,0.0711034560490076
8877,Boštjan Cesar,711,8,Left Center Back,DEF,1.0,0.12658227848101267,6.0,0.7594936708860759,489.0,61.898734177215196,0.015846399503170926,0.002005873354831763,0.8888578682963271,0.11251365421472495
9014,Declan Rudd,385,4,Goalkeeper,GK,0.0,0.0,0.0,0.0,196.0,45.81818181818181,0.17086423838118114,0.03994228949170468,-1.1677721198066138,-0.27298569034440323
9411,Daichi Kamada,275,3,Center Attacking Midfield,MID,0.0,0.0,5.0,1.6363636363636362,201.0,65.78181818181818,0.11607502482049775,0.03798818994125381,-0.046666544270468874,-0.015272687215789813
9452,Gary O''Neil,603,7,Left Defensive Midfield,MID,0.0,0.0,2.0,0.2985074626865672,649.0,96.86567164179105,0.4829010954080232,0.07207479035940643,0.6486457583910087,0.09681279975985203
9461,Timm Klose,290,3,Right Center Back,DEF,1.0,0.3103448275862069,2.0,0.6206896551724138,201.0,62.379310344827594,0.14179090691994367,0.044004074561361836,1.3553993912937585,0.42064119040151127
9463,Alexander Banor Tettey,576,6,Right Defensive Midfield,MID,0.0,0.0,6.0,0.9375,583.0,91.09374999999999,0.16742867428121339,0.02616073035643959,0.4681861907851417,0.07315409231017839
9467,Timothy Michael Krul,482,5,Goalkeeper,GK,0.0,0.0,0.0,0.0,269.0,50.22821576763486,0.13177049146017134,0.024604448612895066,-1.1603787620842922,-0.21666823358420392
9485,Craig Gardner,712,10,Substitute,Unknown,2.0,0.25280898876404495,22.0,2.7808988764044944,542.0,68.51123595505618,0.5282847424440792,0.0667775657583808,1.8011266368746293,0.2276705018521301
9528,Steven Naismith,520,9,Substitute,Unknown,4.0,0.6923076923076923,12.0,2.076923076923077,379.0,65.59615384615384,0.5894200908812148,0.10201501572944102,3.1060043789912015,0.5375776809792464
9533,Leandro Bacuna,574,7,Left Back,DEF,0.0,0.0,11.0,1.724738675958188,760.0,119.1637630662021,1.0894560525226709,0.17082063541296233,1.2067785723062698,0.18921615245220258
9539,Vito Mannone,383,4,Goalkeeper,GK,0.0,0.0,0.0,0.0,188.0,44.177545691906005,0.10170766678319527,0.02389997391772213,-0.1649453324789647,-0.03875999979923452
9554,Steven Fletcher,313,7,Substitute,Unknown,1.0,0.2875399361022364,5.0,1.4376996805111821,215.0,61.82108626198083,-0.06359470980620009,-0.018286018794115042,-0.625774927510065,-0.17993528267062572
9578,Jonathan Howson,837,10,Right Midfield,MID,2.0,0.2150537634408602,5.0,0.5376344086021506,631.0,67.8494623655914,0.42045935112589455,0.04521068291676286,0.979278280425584,0.10529873983070796
9625,Glenn Whelan,955,10,Left Defensive Midfield,MID,0.0,0.0,1.0,0.0942408376963351,1125.0,106.02094240837697,0.49415914680787015,0.046569971950479905,0.8699335346868029,0.08198326504901807
9627,Neil Taylor,675,7,Left Back,DEF,0.0,0.0,2.0,0.26666666666666666,568.0,75.73333333333333,0.49293115635684365,0.06572415418091249,0.6236561140103731,0.08315414853471642
9628,James Grant Chester,411,5,Left Back,DEF,0.0,0.0,0.0,0.0,348.0,76.2043795620438,0.09410342915680857,0.020606590326308447,0.30785321482107975,0.06741311273454301
9642,Alan Hutton,578,6,Right Back,DEF,0.0,0.0,2.0,0.31141868512110726,508.0,79.10034602076125,0.8622727169176473,0.13426391785914923,1.0191001430503093,0.1586834132777298
9649,Jack Colback,718,8,Left Defensive Midfield,MID,0.0,0.0,2.0,0.25069637883008355,763.0,95.64066852367688,0.4740398244088306,0.05942003370027124,0.6742894598393468,0.08452096293250866
9884,Niklas Moisander,961,12,Left Center Back,DEF,0.0,0.0,0.0,0.0,920.0,86.16024973985432,0.6991347802094362,0.0654756818094165,0.5451435387221863,0.051054025478664694
9887,Rafael de Andrade Bittencourt Pinheiro,285,3,Goalkeeper,GK,0.0,0.0,0.0,0.0,112.0,35.36842105263158,0.05200146341519943,0.016421514762694555,0.06377911372692324,0.0201407727558705
9898,Aleksandar Tonev,391,6,Right Wing,FWD,0.0,0.0,9.0,2.071611253196931,239.0,55.012787723785166,0.46130435620790156,0.1061825883854505,0.09647635091096163,0.02220683269050268
9903,Yussif Raman Chibsah,507,7,Left Defensive Midfield,MID,1.0,0.1775147928994083,6.0,1.0650887573964496,443.0,78.63905325443787,0.4659126011713712,0.08270637890616056,0.611168837727746,0.1084915096558129
9914,Danny Ward,286,3,Goalkeeper,GK,0.0,0.0,0.0,0.0,164.0,51.60839160839161,0.11472635362024411,0.036102698691685205,-0.4175953383964952,-0.13141112047442158
9930,Ryan Bennett,584,7,Right Center Back,DEF,0.0,0.0,3.0,0.46232876712328763,313.0,48.236301369863014,0.13085964281514875,0.02016672577630717,0.4618980220693629,0.07118291436000455
9931,Hélder Wander Sousa Azevedo Costa,476,7,Left Wing,FWD,1.0,0.18907563025210083,11.0,2.0798319327731094,386.0,72.98319327731093,0.9523646657968763,0.18006894941537577,0.07368659824714996,0.013932340004713226
9939,Maurício dos Santos Nascimento,524,6,Right Center Back,DEF,0.0,0.0,2.0,0.34351145038167935,607.0,104.2557251908397,0.2825032565901193,0.048521551704409804,-0.03282465593656525,-0.005637822584524567
9940,Armando Izzo,538,6,Right Center Back,DEF,0.0,0.0,3.0,0.5018587360594795,555.0,92.84386617100373,0.321658431235274,0.05380903124753654,0.15997172228526324,0.026761068783780095
9981,Peter Hartley,474,5,Left Center Back,DEF,0.0,0.0,1.0,0.18987341772151897,226.0,42.91139240506329,0.14200572739978645,0.02696311279742781,0.30383363892906345,0.05768993144222724
9989,Carl Gerard McHugh,382,6,Left Defensive Midfield,MID,0.0,0.0,6.0,1.413612565445026,527.0,124.16230366492147,0.20719887379664234,0.04881648859083197,0.12981820679851808,0.030585441392321014
10032,Achraf Lazaar,493,6,Left Back,DEF,0.0,0.0,3.0,0.5476673427991886,534.0,97.48478701825557,0.7744696018733465,0.14138390297890704,0.6349952392047271,0.11592205178179603
10036,Jacques-Alaixys Romao,322,5,Right Defensive Midfield,MID,1.0,0.2795031055900621,3.0,0.8385093167701864,440.0,122.98136645962732,0.4381579294525566,0.12246650202090091,1.4026561175123788,0.39204674091960895
10037,Danilo Barbosa da Silva,355,5,Center Defensive Midfield,MID,0.0,0.0,1.0,0.2535211267605634,335.0,84.92957746478874,0.12297656049480701,0.03117715618178206,-0.2715603153919801,-0.06884627714162876
10088,Katrine Veje,672,8,Left Back,DEF,0.0,0.0,3.0,0.40178571428571425,829.0,111.02678571428571,1.1288290729096842,0.1511824651218327,0.7300910886953352,0.09778005652169669
10093,Yana Daniëls,579,10,Substitute,Unknown,1.0,0.15544041450777202,4.0,0.6217616580310881,411.0,63.8860103626943,0.3840535183387951,0.059697438083750526,0.21100743555219378,0.032799083246454995
10097,Frederikke Thøgersen,500,6,Right Back,DEF,1.0,0.18,0.0,0.0,429.0,77.22,0.370791003219201,0.06674238057945618,0.5713056543027051,0.1028350177744869
10100,Janice Cayman,432,6,Left Back,DEF,0.0,0.0,3.0,0.625,343.0,71.45833333333334,0.14936386685209738,0.031117472260853624,-0.02848571582906878,-0.005934524131055996
10102,Stine Larsen,523,7,Center Forward,FWD,0.0,0.0,11.0,1.892925430210325,335.0,57.64818355640535,0.4753265452791143,0.08179615501935045,-0.15724341638269834,-0.02705909650945096
10105,Davina Philtjens,329,4,Left Back,DEF,0.0,0.0,2.0,0.547112462006079,383.0,104.77203647416414,0.4566547079604694,0.12492074077945972,0.6552045766729861,0.1792352945306041
10108,Pernille Mosegaard Harder,1039,14,Substitute,Unknown,8.0,0.6929740134744947,30.0,2.598652550529355,837.0,72.50240615976901,1.8247136692625463,0.1580598943538298,5.152970352878075,0.44635931834362536
10111,Simone Boye-Sørensen,314,4,Left Center Back,DEF,0.0,0.0,1.0,0.28662420382165604,322.0,92.29299363057325,0.13885044751329895,0.03979789896877995,-0.11115224976674654,-0.03185892509237958
10119,Glódís Perla Viggósdóttir,525,6,Right Center Back,DEF,0.0,0.0,5.0,0.8571428571428572,587.0,100.62857142857142,0.39957306729962383,0.06849824010850694,0.4533886540157255,0.07772376925983865
10124,Dagný Brynjarsdóttir,317,4,Center Defensive Midfield,MID,0.0,0.0,4.0,1.135646687697161,198.0,56.214511041009466,0.2899687226356777,0.08232550484924603,0.05697665782645345,0.016176338184166594
10135,Ingibjörg Sigurðardóttir,414,5,Right Center Back,DEF,0.0,0.0,2.0,0.43478260869565216,217.0,47.17391304347826,0.05689898939395936,0.012369345520425947,0.28927447836031206,0.06288575616528523
10139,Sara Björk Gunnarsdóttir,519,7,Center Attacking Midfield,MID,1.0,0.17341040462427745,10.0,1.7341040462427744,388.0,67.28323699421965,0.014161907054735348,0.002455822032613066,0.6488493929500692,0.11251723577168829
10141,Ana Borges,297,3,Left Back,DEF,0.0,0.0,0.0,0.0,342.0,103.63636363636364,0.5044980297822443,0.15287819084310433,0.603933961072471,0.18301029123408213
10142,Sandra Paños García-Villamil,391,4,Goalkeeper,GK,0.0,0.0,0.0,0.0,170.0,39.130434782608695,0.13081142381571872,0.0301100464025951,0.12639597165980376,0.02909370191657887
10143,Alexia Putellas Segura,513,9,Substitute,Unknown,0.0,0.0,14.0,2.4561403508771926,560.0,98.24561403508771,0.7123567820571862,0.12497487404512038,-0.732959812390618,-0.12858944077028386
10148,Marta Torrejón Moya,522,9,Right Back,DEF,1.0,0.17241379310344826,8.0,1.379310344827586,809.0,139.48275862068965,0.6750206364717185,0.11638286835719285,0.9672222898516338,0.16676246376752307
10151,Jennifer Hermoso Fuentes,372,4,Left Center Midfield,MID,1.0,0.24193548387096775,10.0,2.4193548387096775,485.0,117.33870967741935,1.032347993552185,0.2497616113432706,0.36542674940333514,0.08840969743629076
10154,Amanda Sampedro Bustos,430,6,Right Wing,FWD,2.0,0.41860465116279066,4.0,0.8372093023255813,477.0,99.83720930232559,0.28068504515568093,0.05874803270700298,2.0552029198423263,0.43015875066467296
10158,María Victoria Losada Gómez,301,3,Right Defensive Midfield,MID,2.0,0.5980066445182725,1.0,0.29900332225913623,396.0,118.40531561461793,0.31738655446735176,0.09489963422611847,1.1002517507150564,0.3289789287852328
10159,Diana Micaela Abreu de Sousa e Silva,338,6,Substitute,Unknown,0.0,0.0,2.0,0.5325443786982248,198.0,52.72189349112426,0.04969651446326512,0.013232799709153434,-0.5640379484684672,-0.15018761941468062
10161,María Francesca Caldentey Oliver,758,13,Substitute,Unknown,2.0,0.23746701846965698,20.0,2.37467018469657,1357.0,161.12137203166228,2.0278291514551556,0.24077127128095513,1.549315952865852,0.18395571999726476
10162,Carole da Silva Costa,286,3,Left Center Back,DEF,0.0,0.0,3.0,0.9440559440559441,296.0,93.14685314685315,0.12481549554456306,0.03927760349304432,0.12932832905789837,0.04069772592731068
10163,Leila Ouahabi El Ouahabi,329,4,Left Back,DEF,0.0,0.0,2.0,0.547112462006079,418.0,114.34650455927051,0.5976274815028597,0.16348472138376102,0.5703104534768499,0.15601197815476137
10165,Irene Paredes Hernandez,1104,12,Right Center Back,DEF,0.0,0.0,16.0,1.3043478260869565,2050.0,167.11956521739128,2.2907944379532443,0.18674954657227533,0.2857436732883798,0.02329432119198748
10167,Tatiana Vanessa Ferreira Pinto,614,7,Center Attacking Midfield,MID,2.0,0.2931596091205212,7.0,1.0260586319218241,568.0,83.257328990228,0.27164567860287664,0.03981777047924902,1.9897738745461684,0.29166066565008986
10172,Jill Scott,382,5,Right Center Midfield,MID,1.0,0.23560209424083772,12.0,2.827225130890052,408.0,96.12565445026178,0.11745808344411086,0.027673370444947585,0.20345759505289607,0.04793503548366661
10178,Lucy Bronze,1626,18,Right Back,DEF,3.0,0.16605166051660517,24.0,1.3284132841328413,2447.0,135.44280442804427,3.9473261041524306,0.21848668473168434,4.8852216170489555,0.2703997205008647
10179,Lisa Evans,531,9,Substitute,Unknown,0.0,0.0,5.0,0.847457627118644,422.0,71.52542372881355,0.7762140000037517,0.13156169491589012,0.742682372730691,0.12587836825943916
10180,Ellen White,434,7,Center Forward,FWD,2.0,0.4147465437788018,10.0,2.0737327188940093,197.0,40.85253456221198,-0.21376693220168613,-0.04432954815242339,1.3279359264997765,0.27537841793774165
10185,Stephanie Houghton,711,9,Right Center Back,DEF,1.0,0.12658227848101267,7.0,0.8860759493670887,1245.0,157.59493670886076,1.2168273477936231,0.15402877820172445,0.4646596589300316,0.05881767834557362
10188,Caroline Weir,534,7,Left Center Midfield,MID,3.0,0.5056179775280899,15.0,2.528089887640449,631.0,106.34831460674158,0.6628730308127166,0.11172017373248033,1.6883498525918694,0.2845533459424499
10192,Jordan Nobbs,723,10,Right Center Midfield,MID,1.0,0.12448132780082988,12.0,1.4937759336099585,847.0,105.4356846473029,0.5825086980588695,0.07251145618990076,1.2970255715674721,0.16145546534034924
10193,Chloe Arthur,563,7,Center Defensive Midfield,MID,1.0,0.15985790408525755,5.0,0.7992895204262876,448.0,71.61634103019539,0.29758780654997075,0.0475717630364074,0.8541081811287441,0.13653594369731256
10196,Kirsty Smith,778,8,Left Wing Back,DEF,0.0,0.0,1.0,0.11568123393316194,611.0,70.68123393316196,0.6309617480240155,0.07299043357604293,0.3535504196705297,0.04089914880507413
10203,Cristiana Girelli,581,10,Substitute,Unknown,6.0,0.9294320137693632,29.0,4.492254733218588,440.0,68.15834767641996,-0.20580757412051068,-0.031880691343968946,-0.10338951215992298,-0.016015587081571546
10208,Elena Linari,1158,12,Left Center Back,DEF,1.0,0.07772020725388601,7.0,0.5440414507772021,1416.0,110.05181347150258,0.9010132057755705,0.07002693309136558,1.4886665194499074,0.11569947042356793
10211,Barbara Bonansea,698,12,Substitute,Unknown,4.0,0.5157593123209169,22.0,2.836676217765043,549.0,70.78796561604584,1.2689640503543187,0.1636200064926772,2.3284087483935085,0.3002246237183607
10213,Alia Guagni,509,7,Right Back,DEF,1.0,0.1768172888015717,2.0,0.3536345776031434,508.0,89.82318271119843,0.6493119590112594,0.11480958017880814,0.6651788390590809,0.1176151188906037
10215,Fridolina Rolfö,802,11,Left Wing,FWD,8.0,0.8977556109725685,28.0,3.1421446384039897,880.0,98.75311720698255,2.044595909509372,0.22944343124170008,4.710960834112909,0.5286614402371094
10218,Laura Giuliani,916,9,Goalkeeper,GK,0.0,0.0,0.0,0.0,623.0,61.211790393013096,0.25814244414598986,0.025363340582029572,-1.205464703059988,-0.1184408551041473
10220,Kosovare Asllani,1211,15,Center Attacking Midfield,MID,7.0,0.5202312138728323,24.0,1.7836498761354251,996.0,74.02146985962014,1.7118600258018155,0.12722328845760808,5.021760531655609,0.37321093959455387
10222,Jonna Ann-Charlotte Andersson,1104,12,Left Back,DEF,1.0,0.08152173913043478,5.0,0.40760869565217395,1062.0,86.57608695652175,1.3420384330809452,0.10940530704464227,2.7834025444684083,0.226907816125142
10224,Sara Caroline Seger,319,4,Left Defensive Midfield,MID,0.0,0.0,4.0,1.128526645768025,397.0,112.00626959247649,0.3208688938577047,0.09052727412913299,0.08879383667954244,0.025051552668209465
10225,Aurora Galli,563,6,Left Defensive Midfield,MID,0.0,0.0,3.0,0.47957371225577267,420.0,67.14031971580816,0.22533267611405802,0.036021209325515495,0.252278813321027,0.04032876234261532
10228,Manuela Giugliano,1096,12,Right Center Midfield,MID,3.0,0.24635036496350365,29.0,2.3813868613138687,1080.0,88.68613138686132,1.7614607258619026,0.1446454975616526,3.942293798470616,0.3237285053488645
10229,Emma Stina Blackstenius,982,14,Center Forward,FWD,5.0,0.45824847250509165,44.0,4.032586558044806,601.0,55.08146639511202,1.2539991988105024,0.11492864347550429,1.7832747502980055,0.16343658607619194
10230,Linda Brigitta Sembrant,386,6,Left Center Back,DEF,0.0,0.0,1.0,0.23316062176165803,363.0,84.63730569948187,0.2171522207421162,0.05063134680515663,0.4395471610769164,0.10248508937026549
10236,Sarah Zadrazil,475,5,Right Defensive Midfield,MID,0.0,0.0,1.0,0.18947368421052632,504.0,95.49473684210527,0.2550830482732948,0.0483315249359927,0.576106274034828,0.10915697823817792
10237,Manuela Zinsberger,870,9,Goalkeeper,GK,0.0,0.0,0.0,0.0,776.0,80.27586206896552,0.2637074281773337,0.02728007877696556,-2.6010987581394147,-0.26907918187649116
10248,Verena Hanshaw,458,5,Left Back,DEF,0.0,0.0,4.0,0.7860262008733624,610.0,119.86899563318778,0.9324888089838466,0.18324015897062487,1.3967508897278458,0.27447069885481684
10252,Alex Greenwood,1443,15,Left Center Back,DEF,0.0,0.0,8.0,0.498960498960499,2542.0,158.54469854469855,2.8840823987809823,0.17988039909236897,3.506489618381369,0.21869997619842216
10258,Linda Dallmann,330,7,Substitute,Unknown,1.0,0.2727272727272727,6.0,1.6363636363636362,287.0,78.27272727272728,0.2678221484569475,0.07304240412462205,1.3683646740504773,0.3731903656501302
10259,Lina Magull,438,7,Center Attacking Midfield,MID,3.0,0.6164383561643836,12.0,2.4657534246575343,487.0,100.06849315068494,0.2651707864998225,0.054487147910922434,2.724543635163922,0.5598377332528607
10260,Lena Petermann,313,4,Center Forward,FWD,0.0,0.0,3.0,0.8626198083067093,197.0,56.64536741214057,-0.0644453844785352,-0.01853062173504207,-0.6785529042535927,-0.19511105873106502
10261,Sara Doorsoun-Khajeh,570,6,Right Center Back,DEF,0.0,0.0,0.0,0.0,843.0,133.10526315789474,0.7522419907046624,0.11877505116389406,0.8710883754247334,0.13754026980390527
10274,Nicoline Sørensen,768,11,Left Wing,FWD,2.0,0.234375,8.0,0.9375,492.0,57.65625,1.1650397046097667,0.13652809038395705,1.6174813730174211,0.18954859840047902
10330,Gadji Celi Carmen Junior Tallo,407,7,Center Forward,FWD,0.0,0.0,9.0,1.99017199017199,296.0,65.45454545454545,0.013878525286830127,0.003068961365638111,-0.46744871512055397,-0.10336703774164584
10366,Sara Gama,295,5,Right Center Back,DEF,1.0,0.30508474576271183,6.0,1.830508474576271,302.0,92.13559322033899,0.6014736934386335,0.1835004488456848,0.6504091338720173,0.19842990524909002
10370,Cecilia Salvai,743,8,Left Center Back,DEF,0.0,0.0,2.0,0.24226110363391656,818.0,99.08479138627187,0.711994720448303,0.0862443133786639,0.7245032931677997,0.08775948369461907
10371,Elisa Bartoli,443,7,Right Back,DEF,0.0,0.0,7.0,1.4221218961625284,586.0,119.05191873589166,0.4889104612389321,0.09932718174154376,0.8411744944896782,0.1708932381581739
10374,Svenja Huth,830,10,Right Center Midfield,MID,0.0,0.0,20.0,2.168674698795181,934.0,101.27710843373495,2.9965217982114436,0.3249240504084698,2.3886599526926875,0.25901132017149625
10379,Hasret Kayikci,649,8,Center Attacking Midfield,MID,1.0,0.13867488443759632,21.0,2.912172573189522,534.0,74.05238828967643,0.6414068568615295,0.08894702175275448,1.469114776174887,0.20372932181161763
10382,Ingrid Moe Wold,628,7,Right Back,DEF,0.0,0.0,5.0,0.7165605095541401,556.0,79.68152866242039,0.40562719391880137,0.05813128575269446,1.2147746864065994,0.17409191365699672
10386,Caroline Graham Hansen,1009,12,Right Wing,FWD,15.0,1.3379583746283448,52.0,4.638255698711595,1339.0,119.43508424182359,5.991932738025333,0.5344637724700495,9.3686632272624,0.835658761599223
10390,Anja Sønstevold,297,5,Right Back,DEF,0.0,0.0,0.0,0.0,274.0,83.03030303030303,0.13016592894130116,0.03944422089130339,0.49055668199434876,0.1486535399982875
10392,Emilie Haavi,577,7,Left Wing,FWD,1.0,0.1559792027729636,15.0,2.339688041594454,516.0,80.48526863084922,1.8539672707032966,0.28918033685146743,1.3685900168056833,0.21347157974438735
10395,Maren Nævdal Mjelde,760,8,Right Back,DEF,1.0,0.11842105263157894,4.0,0.47368421052631576,999.0,118.30263157894736,0.6258858313616923,0.07411805897704252,1.5486966043293737,0.1833982820916364
10398,Valentina Cernoia,586,8,Right Center Midfield,MID,0.0,0.0,5.0,0.7679180887372014,580.0,89.07849829351535,0.9891380089320546,0.15191539386328484,0.487890311850817,0.0749319591579753
10399,Kathrin Julia Hendrich,713,9,Right Center Back,DEF,0.0,0.0,1.0,0.12622720897615708,882.0,111.33239831697055,0.8457343923080715,0.10675469187619416,0.7545482604473364,0.09524452095408173
10400,Gaëlle Thalmann,295,3,Goalkeeper,GK,0.0,0.0,0.0,0.0,197.0,60.10169491525424,0.058146276702224824,0.017739542044746554,-1.0524940765462816,-0.3210998877598825
10404,Noelle Maritz,834,9,Right Back,DEF,1.0,0.1079136690647482,3.0,0.32374100719424465,1164.0,125.61151079136691,1.2369124486617387,0.13347976064695022,1.9919309855580796,0.21495658117533234
10405,Lia Wälti,1100,12,Center Defensive Midfield,MID,0.0,0.0,1.0,0.08181818181818182,1444.0,118.14545454545454,0.368886509933645,0.030181623540025505,1.7738669232930988,0.14513456645125355
10407,Eseosa Aigbogun,487,6,Right Back,DEF,2.0,0.3696098562628337,0.0,0.0,691.0,127.70020533880903,0.768414222346182,0.14200673513584472,1.0354566189053003,0.1913574860399939
10408,Ana-Maria Crnogorčević,393,5,Center Forward,FWD,1.0,0.22900763358778628,5.0,1.1450381679389312,284.0,65.0381679389313,0.3424225426761018,0.07841737618536682,0.13364536500012036,0.03060580877865352
10417,Viola Calligaris,472,6,Right Center Back,DEF,0.0,0.0,3.0,0.5720338983050848,491.0,93.62288135593221,0.2508045022998195,0.04782289238767744,0.5008395744953305,0.09549907140800792
10418,Eve Perisset,350,5,Substitute,Unknown,0.0,0.0,1.0,0.2571428571428571,599.0,154.02857142857144,1.526419340695835,0.3925078304646433,1.35181845503347,0.34761045986574945
10419,Géraldine Reuteler,549,7,Right Center Midfield,MID,1.0,0.16393442622950818,2.0,0.32786885245901637,681.0,111.63934426229508,0.4624877873537978,0.07581767005799965,0.8622432682604995,0.14135135545254088
10476,Timothée Kolodziejczak,708,8,Left Center Back,DEF,0.0,0.0,0.0,0.0,769.0,97.7542372881356,0.8307827825361062,0.10560798083086095,0.758955137382145,0.09647734797230657
10499,Ivo Daniel Ferreira Mendonca Pinto,290,4,Right Back,DEF,0.0,0.0,0.0,0.0,337.0,104.58620689655173,0.2950912346856456,0.09158003835071758,0.3243575784872519,0.10066269677190574
10503,Billy Jones,483,5,Right Back,DEF,0.0,0.0,4.0,0.7453416149068324,316.0,58.881987577639755,0.1501162523648081,0.027971972490336915,0.08961977693252265,0.01669933731661913
10514,Guro Reiten,1077,15,Left Wing,FWD,5.0,0.41782729805013924,22.0,1.8384401114206128,892.0,74.54038997214484,2.477767597514228,0.20705578809311098,2.783065964373486,0.23256818643789576
10522,Mehdi Mostefa Sbaa,383,5,Left Defensive Midfield,MID,0.0,0.0,4.0,0.9399477806788512,416.0,97.75456919060053,0.29032288761449815,0.06822208847338077,0.3042954893608112,0.07150546747381986
10530,Jules Olivier Ntcham,319,5,Substitute,Unknown,0.0,0.0,8.0,2.25705329153605,388.0,109.46708463949842,0.44549194687563337,0.12568738313105643,0.19166022922983394,0.05407341890496883
10612,Yoel Rodríguez Oterino,282,3,Goalkeeper,GK,0.0,0.0,0.0,0.0,209.0,66.70212765957447,0.09880395489895569,0.03153317709541139,-0.26628666746546514,-0.0849851066379144
10616,Mohamed Larbi,558,7,Center Attacking Midfield,MID,4.0,0.6451612903225806,13.0,2.096774193548387,551.0,88.87096774193549,0.4529761130823678,0.0730606634003819,3.4166606492557126,0.5510742982670505
10645,Sherida Spitse,550,6,Center Defensive Midfield,MID,0.0,0.0,7.0,1.1454545454545455,726.0,118.80000000000001,0.38223690169872393,0.06254785664160938,1.4075347161701648,0.23032386264602697
10646,Sari van Veenendaal,410,5,Goalkeeper,GK,0.0,0.0,0.0,0.0,174.0,38.19512195121951,0.10369316870396626,0.02276191508135845,-0.5185869789565913,-0.11383616611242248
10647,Stephanie van der Gragt,385,4,Right Center Back,DEF,1.0,0.23376623376623376,1.0,0.23376623376623376,450.0,105.19480519480518,0.4000399258987315,0.0935158268334697,1.347687369066989,0.31504380056111436
10648,Shanice van de Sanden,344,5,Right Wing,FWD,0.0,0.0,5.0,1.3081395348837208,305.0,79.79651162790698,0.8634106796154077,0.22589232896914738,-0.1734190902498085,-0.045371273611868504
10649,Lieke Martens,465,5,Left Wing,FWD,2.0,0.3870967741935484,13.0,2.5161290322580645,489.0,94.64516129032258,0.4141935136716291,0.0801664865170895,0.7314951977769174,0.1415797156987582
10650,Jill Roord,965,14,Left Center Midfield,MID,7.0,0.6528497409326425,23.0,2.145077720207254,899.0,83.84455958549223,-0.3764183912251419,-0.03510637845623085,6.811637993622222,0.6352822999233161
10654,Jackie Groenen,762,8,Right Center Midfield,MID,1.0,0.11811023622047244,5.0,0.5905511811023622,781.0,92.24409448818899,0.5766650077356467,0.0681100402837378,1.2469273909227923,0.14727488869166838
10656,Lineth Beerensteyn,631,12,Substitute,Unknown,6.0,0.8557844690966719,24.0,3.4231378763866878,434.0,61.901743264659274,0.9909771774081904,0.14134381294253112,3.1322305228968617,0.446752372520947
10657,Desiree van Lunteren,389,4,Right Back,DEF,1.0,0.2313624678663239,2.0,0.4627249357326478,566.0,130.95115681233932,1.048682173802944,0.24262569573847032,1.3759513400145806,0.31834349768974873
10658,Danielle van de Donk,874,12,Left Center Midfield,MID,0.0,0.0,14.0,1.4416475972540046,890.0,91.64759725400457,0.569714030775952,0.05866620454214608,0.6032968162326142,0.06212438611090994
10665,Mimmi Wahlström,348,7,Substitute,Unknown,1.0,0.25862068965517243,7.0,1.8103448275862069,182.0,47.068965517241374,0.32472002026643093,0.08397931558614594,0.05812973916181363,0.015033553231503525
10666,Dominique Johanna Anna Petrone Janssen,1320,14,Left Center Back,DEF,2.0,0.13636363636363635,13.0,0.8863636363636362,1800.0,122.72727272727272,1.4363701686593282,0.09793432968131782,1.1872399174354096,0.08094817618877792
10746,Ermir Lenjani,502,8,Left Back,DEF,0.0,0.0,12.0,2.151394422310757,440.0,78.88446215139442,0.6039249030054971,0.10827338898504928,0.3531811146528926,0.0633193233441441
10755,Jonathan Viera Ramos,719,8,Center Attacking Midfield,MID,5.0,0.6258692628650905,19.0,2.3783031988873433,1083.0,135.5632823365786,1.6801301965097772,0.21030836952139073,2.9785279569607024,0.37283381936921167
10763,Asier Riesgo Unamuno,842,9,Goalkeeper,GK,0.0,0.0,0.0,0.0,417.0,44.572446555819475,0.39362353588766086,0.04207377461982123,-0.2937284153304063,-0.03139614890705055
10783,Lee Cattermole,574,7,Left Center Midfield,MID,0.0,0.0,3.0,0.47038327526132406,449.0,70.4006968641115,0.322550513093422,0.05057412226203481,0.7866656839323696,0.12334479364793251
10802,André Filipe Tavares Gomes,645,7,Left Center Midfield,MID,2.0,0.27906976744186046,6.0,0.8372093023255813,826.0,115.25581395348837,1.618403219340978,0.2258237050243225,2.661813672981225,0.37141586134621746
10805,Ricardo Alberto Silveira de Carvalho,834,9,Left Center Back,DEF,0.0,0.0,1.0,0.1079136690647482,783.0,84.49640287769785,0.632232620810022,0.06822654181403115,0.37333312243572436,0.04028774702543788
10919,Juraj Kucka,474,6,Right Center Midfield,MID,0.0,0.0,8.0,1.5189873417721518,548.0,104.05063291139241,0.3539411104916302,0.06720400832119561,-0.053473095380468294,-0.010153119376038284
10931,Joe Allen,288,5,Substitute,Unknown,0.0,0.0,1.0,0.3125,249.0,77.8125,0.15620782345116443,0.04881494482848888,0.052316360612167045,0.0163488626913022
10936,Lorik Agim Cana,562,6,Left Center Back,DEF,0.0,0.0,2.0,0.32028469750889677,487.0,77.98932384341637,0.47316640569865365,0.07577397956028262,-0.2897776777681429,-0.04640567793440011
10955,Harry Kane,1510,16,Center Forward,FWD,8.0,0.4768211920529801,60.0,3.576158940397351,1042.0,62.105960264900666,1.8876261272011987,0.11250751751530323,4.7160258413322325,0.28108763292708666
10956,Eric Dier,1075,12,Right Defensive Midfield,MID,2.0,0.16744186046511628,15.0,1.255813953488372,1139.0,95.35813953488372,0.7788674197070375,0.06520750490570547,2.2264042501192307,0.18639663489370303
10958,Chris Smalling,761,8,Right Center Back,DEF,0.0,0.0,2.0,0.23653088042049936,764.0,90.35479632063075,0.4762972368091111,0.056329502382155054,0.5829695915454067,0.06894515537330698
10960,Jamie Vardy,904,10,Left Center Forward,FWD,5.0,0.497787610619469,31.0,3.0862831858407076,450.0,44.80088495575221,1.295091582002618,0.1289361088276943,2.0662801836414317,0.20571373509704519
10966,Wes Hoolahan,336,7,Center Attacking Midfield,MID,3.0,0.8035714285714285,5.0,1.3392857142857142,427.0,114.375,0.559568393333072,0.14988439107135856,1.3004686554650338,0.34833981842813405
10967,Robert Brady,934,10,Left Midfield,MID,1.0,0.09635974304068523,13.0,1.2526766595289078,863.0,83.15845824411134,0.9969694052122993,0.09606771570568194,0.7244460127690109,0.06980743163727086
11012,Jonathan Grant Evans,763,8,Left Back,DEF,0.0,0.0,3.0,0.3538663171690694,609.0,71.8348623853211,0.4320751242028938,0.0509656109806821,0.8062072159340605,0.09509652612590493
11062,Graziano Pellè,1115,12,Center Forward,FWD,6.0,0.484304932735426,43.0,3.47085201793722,860.0,69.4170403587444,0.4353795031340648,0.03514274016328774,0.5203842717746738,0.042004111623067844
11117,Scott Sinclair,297,5,Right Wing,FWD,0.0,0.0,1.0,0.30303030303030304,146.0,44.24242424242424,0.040883653994391866,0.012388986058906626,-0.12421555176842958,-0.037641076293463506
11183,Alex Nicolao Telles,406,5,Left Back,DEF,0.0,0.0,4.0,0.8866995073891626,522.0,115.71428571428572,0.45399462523223627,0.10063920263768786,0.5474012682125904,0.12134510871707668
11332,Ibrahim Amadou,576,8,Center Defensive Midfield,MID,1.0,0.15625,7.0,1.09375,493.0,77.03125,0.3029106637048953,0.047329791203889894,1.0167437123600394,0.15886620505625615
11338,Caitlin Jade Foord,1051,14,Left Wing,FWD,6.0,0.5137963843958135,26.0,2.226450999048525,783.0,67.05042816365366,1.1312606388698743,0.09687293767677325,1.916045393689652,0.1640761992693327
11339,Paweł Wszołek,323,6,Right Wing,FWD,0.0,0.0,4.0,1.1145510835913313,264.0,73.56037151702786,0.9900729532907967,0.27587172073118177,0.5520783354262822,0.1538298767441653
11342,Eros Pisano,436,5,Right Back,DEF,0.0,0.0,4.0,0.8256880733944955,480.0,99.08256880733946,1.1159018462831132,0.230346711388716,0.7984836866671685,0.16482461422028707
11386,Santiago Cazorla González,314,4,Right Defensive Midfield,MID,0.0,0.0,5.0,1.4331210191082802,567.0,162.51592356687897,1.2006748622211274,0.3441424764328072,1.4784021274385741,0.4237458327053238
11427,Filip Đorđević,332,6,Center Forward,FWD,1.0,0.27108433734939763,4.0,1.0843373493975905,224.0,60.722891566265055,-0.12028743120447419,-0.032608038579526134,-0.21113586085266434,-0.05723562492993913
11456,Lautaro Javier Martínez,271,3,Left Center Forward,FWD,2.0,0.6642066420664207,7.0,2.3247232472324724,107.0,35.535055350553506,0.06542019642971121,0.021726264496952065,1.3382805783185177,0.444447424533825
11499,Riccardo Gagliolo,884,11,Left Center Back,DEF,0.0,0.0,5.0,0.5090497737556561,710.0,72.28506787330318,0.631746257929397,0.06431805793398837,0.4668624715995975,0.04753124710855631
11502,Antonio Di Gaudio,515,9,Substitute,Unknown,2.0,0.34951456310679613,10.0,1.7475728155339805,383.0,66.93203883495146,1.3646604306647687,0.23848434710646446,1.7280388313098811,0.30198736857842584
11508,Łukasz Skorupski,657,7,Goalkeeper,GK,0.0,0.0,0.0,0.0,295.0,40.410958904109584,0.08463483497434467,0.0115938130101842,-0.4742396241053939,-0.06496433206923204
11539,Adrián Embarba Blázquez,409,5,Left Wing,FWD,0.0,0.0,7.0,1.5403422982885084,363.0,79.87775061124695,0.5366158946837759,0.1180817372164788,-0.3298153641745448,-0.07257550800906855
11540,Óscar Guido Trejo,736,11,Substitute,Unknown,1.0,0.12228260869565218,14.0,1.7119565217391306,1081.0,132.1875,1.4300220767071452,0.17486683003212372,2.256151580085978,0.275888100825731
11541,Tomáš Vaclík,385,4,Goalkeeper,GK,0.0,0.0,0.0,0.0,208.0,48.62337662337662,0.08928904421672847,0.02087276358313133,-0.4042552494793199,-0.09450122715100985
11542,Javier Guerra Rodríguez,470,7,Center Forward,FWD,1.0,0.19148936170212766,11.0,2.106382978723404,308.0,58.97872340425531,-0.017568726778524803,-0.0033642242767387923,-0.09780494193546474,-0.018728605902535802
11603,Mario Pašalić,470,9,Substitute,Unknown,1.0,0.19148936170212766,11.0,2.106382978723404,417.0,79.85106382978724,0.4199378633732054,0.0804136334118904,0.15235143385909033,0.029173678824081128
11608,Danilo Soddimo,618,9,Left Midfield,MID,0.0,0.0,20.0,2.9126213592233006,655.0,95.3883495145631,0.7659164159971656,0.11154122563065519,0.14025164641451557,0.020424997050657607
11634,Cristiano Piccini,467,5,Right Back,DEF,0.0,0.0,7.0,1.3490364025695931,566.0,109.07922912205568,1.0521952648357094,0.20277853069638938,1.544382616059389,0.2976326240799679
11643,Riccardo Meggiorini,514,8,Substitute,Unknown,7.0,1.2256809338521402,14.0,2.4513618677042803,325.0,56.90661478599222,0.7890255011713087,0.13815621615840035,3.7449841327616014,0.6557365213006695
11722,Boukary Dramé,470,5,Left Back,DEF,0.0,0.0,3.0,0.5744680851063829,531.0,101.68085106382979,0.5737731457813812,0.10987145344749852,1.084530198975699,0.2076759955485381
11729,Luca Rizzo,439,7,Right Wing,FWD,0.0,0.0,6.0,1.2300683371298406,445.0,91.23006833712984,0.6071824336286752,0.1244793144113457,0.10259736591251567,0.021033628546984987
11813,Emiliano Buendía,489,8,Substitute,Unknown,0.0,0.0,4.0,0.736196319018405,462.0,85.03067484662577,0.19505761538182032,0.03590017461015098,0.21526915073301645,0.03962008909196622
12021,Óliver Torres Muñoz,284,7,Substitute,Unknown,0.0,0.0,2.0,0.6338028169014085,372.0,117.88732394366197,0.3720071028008753,0.11788957483126329,-0.0827947001995053,-0.026237757105477034
12293,Kaan Ayhan,272,4,Right Center Back,DEF,0.0,0.0,2.0,0.6617647058823529,280.0,92.6470588235294,0.06675183672442696,0.022087004798523623,0.09287430386757478,0.030730468191476953
12351,Alejandro Bedoya,504,7,Center Attacking Midfield,MID,2.0,0.3571428571428571,12.0,2.142857142857143,451.0,80.53571428571429,0.35087877300120035,0.06265692375021435,0.8034947201893665,0.14348120003381545
12475,Angelo Esmael da Costa Júnior,285,3,Goalkeeper,GK,0.0,0.0,0.0,0.0,156.0,49.26315789473684,0.07476634921123448,0.023610426066705627,-0.7521243642549962,-0.23751295713315668
12491,Federico Marchetti,756,8,Goalkeeper,GK,0.0,0.0,0.0,0.0,359.0,42.73809523809524,0.14888343940823665,0.01772421897717103,-0.9747393309371546,-0.11604039654013744
12608,Bradley Guzan,578,6,Goalkeeper,GK,0.0,0.0,0.0,0.0,299.0,46.557093425605544,0.24557748024569342,0.038238707996734275,-0.18246609513880685,-0.028411675713655046
13042,Tim Howard,674,7,Goalkeeper,GK,0.0,0.0,0.0,0.0,357.0,47.6706231454006,0.21933878775110097,0.029288562162609923,-0.3935168182651978,-0.052546756148171815
13107,Sergio Álvarez Díaz,558,6,Right Defensive Midfield,MID,1.0,0.16129032258064516,1.0,0.16129032258064516,523.0,84.35483870967742,0.36988112031477866,0.059658245212061076,1.3020922672585584,0.21001488181589653
13197,Tomáš Kalas,385,4,Left Center Back,DEF,1.0,0.23376623376623376,1.0,0.23376623376623376,368.0,86.02597402597402,0.17506773880671053,0.04092492595481545,0.04790983148268424,0.011199700866082029
13286,Lamine Koné,522,6,Right Center Back,DEF,0.0,0.0,4.0,0.689655172413793,344.0,59.310344827586206,0.16538779063152506,0.028515136315780183,-0.05570973039721139,-0.009605125930553687
13322,Greg Stewart,463,5,Center Attacking Midfield,MID,0.0,0.0,13.0,2.526997840172786,503.0,97.77537796976243,0.4186255573736773,0.0813742984095701,0.33515409227029885,0.06514874363785507
13607,Airam López Cabrera,293,3,Center Forward,FWD,1.0,0.30716723549488056,8.0,2.4573378839590445,202.0,62.04778156996588,0.027017485660530645,0.008298886380367776,0.12361983834461132,0.03797196399663829
13613,Daniel Ciofani,703,9,Right Center Forward,FWD,1.0,0.12802275960170698,18.0,2.3044096728307255,309.0,39.559032716927454,0.13432184874486786,0.017196253751121063,-0.5571572552144062,-0.07132880934466082
13730,Matthieu Saunier,272,3,Left Center Back,DEF,0.0,0.0,0.0,0.0,271.0,89.66911764705883,0.1362258017892544,0.04507471382732682,0.20034550632408354,0.06629079253370412
13861,Nora Heroum,469,9,Substitute,Unknown,0.0,0.0,9.0,1.727078891257996,285.0,54.6908315565032,0.2624789083292984,0.05036908688621931,-0.1296670402516611,-0.02488280090117164
13865,Natalia Kuikka,490,5,Right Back,DEF,0.0,0.0,6.0,1.1020408163265305,583.0,107.08163265306123,0.09295645192564088,0.01707363402715853,-0.03263422677991912,-0.005994041653454531
13881,Eva Sofia Jakobsson,551,9,Left Wing,FWD,2.0,0.32667876588021777,12.0,1.9600725952813067,370.0,60.43557168784029,2.134735063634487,0.3486863080346712,1.4250410437831889,0.23276532475587475
15178,Alexandra Popp,606,9,Center Forward,FWD,6.0,0.8910891089108911,27.0,4.00990099009901,449.0,66.68316831683168,0.400332440494226,0.05945531294468703,2.6089136993396096,0.3874624305949915
15179,Joelle Wedemeyer,411,7,Right Back,DEF,0.0,0.0,6.0,1.313868613138686,599.0,131.16788321167886,0.7617957245454811,0.16681658201725863,0.6431709316384513,0.14084034999382145
15180,Sophie Schmidt,638,7,Left Defensive Midfield,MID,0.0,0.0,5.0,0.7053291536050156,541.0,76.3166144200627,0.32361068646096486,0.045650410315810096,0.36275176191702485,0.05117187864033266
15214,Ewa Pajor,701,9,Center Forward,FWD,2.0,0.25677603423680456,24.0,3.081312410841655,514.0,65.99144079885878,1.1416361727732438,0.1465724044929985,-0.01354549711686559,-0.0017390795157174082
15227,Verónica Boquete Giadáns,472,5,Center Attacking Midfield,MID,0.0,0.0,11.0,2.097457627118644,484.0,92.28813559322033,0.9778136188609208,0.18644751207093826,0.6166773906087037,0.11758679058216807
15257,Saki Kumagai,804,9,Center Defensive Midfield,MID,3.0,0.33582089552238803,13.0,1.4552238805970148,832.0,93.13432835820895,0.6575278659519825,0.07360386559163984,2.80732899645227,0.31425324587152276
15284,Aitana Bonmati Conca,1142,14,Right Center Midfield,MID,9.0,0.7092819614711033,34.0,2.679509632224168,1547.0,121.91768826619966,2.0485987022747363,0.16144823397962021,10.042157100169105,0.791413431712101
15287,Patricia Guijarro Gutiérrez,652,8,Center Defensive Midfield,MID,3.0,0.4141104294478528,13.0,1.7944785276073618,1462.0,201.80981595092027,1.9450965981581692,0.2684949291936123,3.930618102211156,0.5425699834340553
15288,Gema Gili Giner,388,6,Center Attacking Midfield,MID,2.0,0.4639175257731959,7.0,1.6237113402061853,320.0,74.22680412371133,0.6667837012787221,0.15466632246155923,2.2231357732831967,0.5156758236997107
15290,Ashley Elizabeth Marie Lawrence,628,7,Right Back,DEF,1.0,0.14331210191082802,3.0,0.42993630573248404,777.0,111.35350318471338,0.7018694879338652,0.10058639158287877,0.739205346177565,0.1059370719044281
15357,Kadeisha Buchanan,286,4,Right Center Back,DEF,0.0,0.0,0.0,0.0,421.0,132.4825174825175,0.38536078345012703,0.12126737940738262,0.660155097808456,0.2077411146949687
15421,Kenza Dali,832,9,Left Center Midfield,MID,1.0,0.10817307692307693,23.0,2.487980769230769,1092.0,118.125,1.7116971188052124,0.18515954410152535,2.678524625905769,0.2897442503984606
15443,Merle Frohms,672,7,Goalkeeper,GK,0.0,0.0,0.0,0.0,400.0,53.57142857142857,0.16262306009834124,0.02177987412031356,-1.2465264145284891,-0.16694550194577978
15549,Sophie Louise Ingle,755,10,Left Defensive Midfield,MID,0.0,0.0,11.0,1.3112582781456954,802.0,95.60264900662251,0.8192790983917316,0.09766240907980905,0.8430035557507072,0.10049049008948827
15550,Bethany England,601,10,Substitute,Unknown,5.0,0.7487520798668885,26.0,3.8935108153078204,382.0,57.204658901830285,0.04579670385754221,0.006858075452876538,0.7138037150434684,0.10689240325110176
15554,Gemma Bonner,462,5,Center Back,DEF,1.0,0.19480519480519481,3.0,0.5844155844155845,521.0,101.49350649350649,0.19019376795783394,0.03705073401775986,0.8635137956298422,0.1682169731746446
15555,Lauren Hemp,1174,14,Left Wing,FWD,7.0,0.5366269165247018,38.0,2.9131175468483814,1123.0,86.09028960817717,2.9793846646498476,0.22840257224743293,3.9437843506101053,0.30233440507232495
15557,Emma Follis,276,5,Substitute,Unknown,1.0,0.32608695652173914,2.0,0.6521739130434783,248.0,80.8695652173913,0.6148696353674464,0.2005009680546021,0.06870928663783707,0.022405202164512087
15559,Simone Magill,315,9,Substitute,Unknown,1.0,0.2857142857142857,6.0,1.7142857142857144,198.0,56.57142857142857,-0.026071896843828907,-0.007449113383951116,0.13362724013859406,0.03817921146816973
15560,Ann-Katrin Berger,989,10,Goalkeeper,GK,0.0,0.0,0.0,0.0,736.0,66.97674418604652,0.40268703503170206,0.036644927353744375,-2.983236608764855,-0.27147754781479977
15563,Charlie Wellings,504,7,Center Forward,FWD,1.0,0.17857142857142855,9.0,1.607142857142857,296.0,52.85714285714286,-0.04838346588783592,-0.008639904622827843,-0.12013536517042667,-0.021452743780433332
15564,Lucy Quinn,351,7,Substitute,Unknown,1.0,0.25641025641025644,4.0,1.0256410256410258,245.0,62.82051282051282,0.21451714165332372,0.055004395295724026,0.9407764216819778,0.24122472350819943
15565,Marisa Ewers,507,8,Center Defensive Midfield,MID,0.0,0.0,5.0,0.8875739644970414,439.0,77.92899408284023,0.2821176462151703,0.050080055541154495,0.4923742171635386,0.08740370718879382
15570,Chloe Kelly,1309,17,Right Wing,FWD,7.0,0.48128342245989303,39.0,2.6814362108479757,1303.0,89.58747135217723,4.025906405385958,0.2768002876124799,5.504210597687147,0.3784407591992691
15571,Danielle Turner,706,8,Left Back,DEF,0.0,0.0,5.0,0.6373937677053825,843.0,107.46458923512748,0.6794481249173333,0.08661520006028328,0.7841305086913053,0.09995997986149785
15572,Siri Worm,325,4,Left Back,DEF,1.0,0.27692307692307694,4.0,1.1076923076923078,314.0,86.95384615384616,0.3756220055073311,0.10401840152510708,1.0485301488237457,0.29036219505888344
15573,Abbey-Leigh Stringer,471,6,Left Defensive Midfield,MID,0.0,0.0,4.0,0.7643312101910827,455.0,86.94267515923568,0.05287159281922391,0.010102852131061895,0.4526424909417983,0.08649219572136273
15574,Georgia Brougham,479,5,Right Center Back,DEF,0.0,0.0,1.0,0.1878914405010438,453.0,85.11482254697286,0.14502784902348223,0.02724949146578998,0.7477411706495332,0.14049416567527762
15577,Angharad James,474,5,Center Defensive Midfield,MID,0.0,0.0,9.0,1.7088607594936709,546.0,103.67088607594935,0.7541106953182336,0.14318557506042412,0.7612142722355202,0.144534355487757
15579,Inessa Kaagman,283,3,Left Center Midfield,MID,2.0,0.6360424028268551,9.0,2.862190812720848,256.0,81.41342756183745,0.21344850619034636,0.06788115037855538,2.0509337421711535,0.6522404127046072
15580,Claudia Walker,466,5,Center Forward,FWD,3.0,0.5793991416309013,10.0,1.9313304721030042,285.0,55.042918454935624,0.23095783781403967,0.04460559099412783,2.1311835127708036,0.4116019659857775
15613,Rinsola Omowunmiajike Babajide,593,9,Left Wing,FWD,0.0,0.0,16.0,2.4283305227655987,446.0,67.68971332209107,1.0636520277924917,0.16143116779312688,0.2229901872066548,0.033843367366945924
15615,Pauline Peyraud Magnin,676,7,Goalkeeper,GK,0.0,0.0,0.0,0.0,314.0,41.80473372781065,0.13873085357499965,0.018470084055843147,-1.3635180712444708,-0.18153347102367212
15616,Kim Little,932,10,Center Attacking Midfield,MID,3.0,0.28969957081545067,7.0,0.6759656652360515,923.0,89.13090128755364,0.3319872351930364,0.032058853183876905,2.924468825331985,0.28240578785394704
15618,Jasmine Matthews,563,6,Left Center Back,DEF,0.0,0.0,1.0,0.15985790408525755,473.0,75.61278863232681,0.32314117171923956,0.05165667043469194,0.04451203701319173,0.007115600943494237
15619,Bethany Mead,1247,15,Right Wing,FWD,7.0,0.5052125100240578,28.0,2.020850040096231,1244.0,89.78348035284684,3.280374228322041,0.23675515681554424,4.935480275337468,0.35620948258249563
15620,Katie McCabe,1159,12,Left Back,DEF,3.0,0.2329594477998274,23.0,1.7860224331320103,1491.0,115.78084555651424,2.0146368363045197,0.15644289496756408,5.304009256464778,0.411873022503736
15623,Vivianne Miedema,1229,15,Center Forward,FWD,9.0,0.6590724165988608,48.0,3.515052888527258,911.0,66.71277461350692,1.8413977813814484,0.13484605396609467,6.303172841577558,0.46158303965986996
15628,Christie Murray,479,5,Left Center Midfield,MID,1.0,0.1878914405010438,1.0,0.1878914405010438,366.0,68.76826722338204,0.29309512275439364,0.0550700648181533,0.8144978710723604,0.15303717828081928
15631,Niamh Charles,1050,15,Left Back,DEF,2.0,0.17142857142857143,11.0,0.9428571428571428,1444.0,123.77142857142856,2.1193034476539014,0.18165458122747727,3.6297312245878857,0.31111981925039023
15648,Melanie Leupolz,760,12,Substitute,Unknown,2.0,0.23684210526315788,13.0,1.5394736842105263,948.0,112.26315789473685,0.47444246718991046,0.056183976377752555,1.9125035646866309,0.22648068529183787
15689,Floyd Ayité,660,7,Center Forward,FWD,0.0,0.0,17.0,2.3181818181818183,512.0,69.81818181818181,0.32878916410992476,0.044834886014989736,-0.8620432463649195,-0.11755135177703448
15709,Megan Walsh,290,3,Goalkeeper,GK,0.0,0.0,0.0,0.0,233.0,72.3103448275862,0.11529534617393696,0.0357813143298425,-0.9118806543992832,-0.2829974444687431
15716,Emily Syme,399,13,Substitute,Unknown,0.0,0.0,3.0,0.6766917293233082,218.0,49.17293233082707,0.38245593311134213,0.08626825558902454,0.6614887519034092,0.14920798915114494
15719,Grace Moloney,385,4,Goalkeeper,GK,0.0,0.0,0.0,0.0,272.0,63.58441558441559,0.11009896456368505,0.025737420287614686,-0.9091410881374031,-0.2125264881360163
15720,Sophie Howard,445,5,Right Center Back,DEF,0.0,0.0,0.0,0.0,469.0,94.85393258426967,0.3043258491110736,0.06154904813482387,0.5507570079935249,0.11138905779644324
15724,Mayumi Pacheco,685,10,Left Back,DEF,0.0,0.0,9.0,1.1824817518248176,833.0,109.44525547445257,0.4093377883190309,0.053781607224398224,0.4714438135204837,0.061941522944297125
15725,Natasha Harding,385,4,Right Back,DEF,2.0,0.4675324675324675,11.0,2.571428571428571,271.0,63.35064935064935,0.29531441064824987,0.06903453755413634,0.6648923072320176,0.15542937052177036
15788,Amalie Grønbak Thestrup,579,6,Center Forward,FWD,2.0,0.31088082901554404,6.0,0.9326424870466321,219.0,34.04145077720207,0.5607719819259477,0.08716662931491415,1.868968621653039,0.29051325725176774
15789,Rikke Læntver Sevecke,796,8,Left Center Back,DEF,0.0,0.0,1.0,0.11306532663316583,863.0,97.57537688442211,0.4494962299764219,0.05082243806266077,0.8142473000189057,0.09206313693681094
15805,Hernán Daniel Santana Trujillo,736,10,Right Center Back,DEF,1.0,0.12228260869565218,9.0,1.1005434782608696,684.0,83.6413043478261,0.32989404423288227,0.04034030432195571,0.9900962743428536,0.12107155528649026
15818,Gervais Lombe Yao Kouassi,285,3,Center Forward,FWD,2.0,0.631578947368421,6.0,1.894736842105263,190.0,60.0,0.1965818693516178,0.06207848505840562,1.7333627759944648,0.5473777187350942
15893,Víctor Rodríguez Romero,644,11,Substitute,Unknown,0.0,0.0,5.0,0.6987577639751553,642.0,89.72049689440995,0.8730964946005751,0.12201659086032883,0.5063046908908291,0.07075686673940158
15996,Éderzito António Macedo Lopes,446,8,Center Forward,FWD,5.0,1.0089686098654709,11.0,2.219730941704036,314.0,63.36322869955157,0.07985400251744826,0.016114036382444717,1.2284528034815825,0.24789406348283055
16003,Fernando Francisco Reges,551,7,Right Defensive Midfield,MID,0.0,0.0,5.0,0.8166969147005445,564.0,92.12341197822141,0.010855489666257979,0.001773128983599307,-0.09343590241041966,-0.01526176264417018
16072,Vurnon Anita,757,10,Right Center Midfield,MID,0.0,0.0,4.0,0.47556142668428003,746.0,88.69220607661823,0.5702735474391873,0.06780002545512134,0.5998368941218359,0.07131482228661193
16181,Jordy Clasie,558,8,Left Center Midfield,MID,0.0,0.0,5.0,0.8064516129032258,536.0,86.45161290322581,0.3019177485024311,0.04869641104877921,0.5633941125089769,0.09087001814660917
16202,Nikola Maksimović,282,3,Right Center Back,DEF,1.0,0.3191489361702128,0.0,0.0,310.0,98.93617021276594,0.5082121313232584,0.16219536106061438,0.5664187780348584,0.18077195043665695
16308,Leandro Daniel Paredes,834,10,Center Defensive Midfield,MID,1.0,0.1079136690647482,14.0,1.5107913669064748,1419.0,153.1294964028777,1.3120624983553721,0.14158947823978835,1.2276872686384972,0.1324842376228594
16309,Joel Robles Blázquez,289,3,Goalkeeper,GK,0.0,0.0,0.0,0.0,162.0,50.44982698961938,0.10123552705860389,0.031526634724132696,-0.31234038481488824,-0.09726863194927315
16332,Ognjen Vranješ,367,4,Right Back,DEF,0.0,0.0,0.0,0.0,281.0,68.91008174386921,0.14611006741155072,0.03583080672217865,0.10108424475765787,0.024789051847926995
16334,Graham Dorrans,383,5,Right Center Midfield,MID,0.0,0.0,3.0,0.7049608355091384,438.0,102.9242819843342,0.6288492337892195,0.14777136042044323,0.5658838851377368,0.13297532548928542
16374,Aileen Whelan,498,7,Substitute,Unknown,1.0,0.18072289156626503,6.0,1.0843373493975905,331.0,59.81927710843374,0.02839480622864338,0.0051315914871042255,1.077972034647246,0.19481422312902033
16376,Sophie Baggaley,1075,11,Goalkeeper,GK,0.0,0.0,0.0,0.0,752.0,62.95813953488372,0.365444360213066,0.030595341785279943,-2.9079510839364957,-0.24345636981793917
16381,Gemma Evans,872,12,Left Center Back,DEF,0.0,0.0,1.0,0.10321100917431193,658.0,67.91284403669725,0.26840996109115983,0.02770286295665641,1.3991768302512355,0.14441045266354494
16382,Heather Payne,572,6,Right Wing Back,DEF,0.0,0.0,4.0,0.6293706293706294,488.0,76.78321678321679,0.9664055805912533,0.15205682212100138,1.093344272871036,0.17202969328390427
16384,Carla Humphrey,579,7,Right Defensive Midfield,MID,0.0,0.0,7.0,1.0880829015544042,328.0,50.98445595854922,0.04705276571544003,0.007313901406545083,0.09497281833318993,0.014762614248682372
16386,Lucy Hope,810,10,Center Attacking Midfield,MID,3.0,0.33333333333333337,9.0,1.0,636.0,70.66666666666667,0.11774935895243763,0.013083262105826403,2.3180191050520893,0.257557678339121
16392,Felicity Gibbons,287,3,Left Back,DEF,0.0,0.0,0.0,0.0,306.0,95.95818815331009,0.2935745939139168,0.09206171934582758,0.3136215460835956,0.09834822002621464
16418,Adrien Regattin,488,10,Substitute,Unknown,0.0,0.0,14.0,2.581967213114754,612.0,112.8688524590164,0.7725476198637741,0.1424780446470075,0.8205008771228604,0.15132188307593736
16426,Wanderson Maciel Sousa Campos,362,10,Substitute,Unknown,0.0,0.0,9.0,2.2375690607734806,373.0,92.73480662983425,0.4842043853546393,0.12038230575115341,0.1748451418534387,0.043469786648644974
16453,Gary Alexis Medel Soto,724,9,Center Defensive Midfield,MID,0.0,0.0,1.0,0.12430939226519336,914.0,113.61878453038675,0.499036627342365,0.062034939863001175,1.1941519014362711,0.14844429713986795
16456,Enzo Pablo Roco Roco,752,8,Left Center Back,DEF,0.0,0.0,2.0,0.23936170212765956,609.0,72.88563829787235,0.28785125427697933,0.03445028309165976,0.03573939517082181,0.004277321230550482
16457,Jeremain Lens,341,6,Substitute,Unknown,0.0,0.0,9.0,2.375366568914956,290.0,76.53958944281526,0.7557636444854996,0.19946841056802045,0.23230021916946864,0.061310908285197
16462,Hatem Ben Arfa,601,7,Right Center Forward,FWD,3.0,0.4492512479201331,18.0,2.695507487520799,743.0,111.26455906821964,1.3115774239306697,0.19640926481490892,2.5534075397443754,0.3823738412262792
16469,Tomáš Holeš,379,5,Right Center Midfield,MID,2.0,0.47493403693931396,6.0,1.424802110817942,296.0,70.29023746701847,0.2954749842766352,0.07016556354854134,1.6221576987300068,0.3852089522050148
16503,Pedro Henrique Konzen Medina da Silva,272,6,Substitute,Unknown,0.0,0.0,15.0,4.963235294117647,250.0,82.72058823529412,0.25451877898174896,0.08421577245719634,-0.7484325872922781,-0.24764313550112146
16522,Tongo Hamed Doumbia,669,9,Right Center Midfield,MID,2.0,0.26905829596412556,12.0,1.6143497757847534,731.0,98.34080717488789,0.6692574592922709,0.09003463577922925,0.900308699492598,0.12111776226357819
16531,Dominik Livaković,745,7,Goalkeeper,GK,0.0,0.0,0.0,0.0,378.0,45.66442953020134,0.2184586012812397,0.02639097196686117,-0.913937789213378,-0.11040859198550876
16539,Diego Antonio Reyes Rosales,834,10,Right Center Back,DEF,1.0,0.1079136690647482,1.0,0.1079136690647482,718.0,77.4820143884892,0.3683881855844212,0.03975412074652028,1.7519951583817601,0.18906422572465037
16554,Joakim Mæhle,366,4,Left Back,DEF,1.0,0.2459016393442623,4.0,0.9836065573770492,442.0,108.68852459016394,0.44873591037634913,0.11034489599418422,0.33728953084209934,0.08294004856772935
16570,Vladimír Coufal,485,5,Right Back,DEF,1.0,0.18556701030927836,3.0,0.5567010309278351,571.0,105.95876288659794,1.3552611896942823,0.25149176715976373,1.3339866958493367,0.24754392294111405
16586,Fernando Lucas Martins,1193,14,Center Defensive Midfield,MID,3.0,0.22632020117351215,18.0,1.3579212070410729,1643.0,123.94803017602682,1.3293377419766845,0.10028532839723521,4.957642015013843,0.3740048460613964
16622,Mikel González de Martín Martínez,381,5,Right Center Back,DEF,0.0,0.0,3.0,0.7086614173228346,315.0,74.40944881889763,0.15505830219298894,0.03662794539991865,0.34965130349155515,0.08259479610036737
16890,John O''Shea,558,6,Center Back,DEF,0.0,0.0,2.0,0.3225806451612903,291.0,46.935483870967744,0.46882984648864673,0.07561771717558818,-0.049788621690822765,-0.00803042285335851
17033,Mohammed Kudus,281,3,Center Attacking Midfield,MID,4.0,1.281138790035587,11.0,3.5231316725978647,203.0,65.01779359430606,0.1978427495396835,0.06336600519064596,4.092684490868123,1.3108242141570503
17054,Emiliano Daniel Velázquez Maldonado,278,3,Right Center Back,DEF,2.0,0.6474820143884893,4.0,1.2949640287769786,237.0,76.72661870503597,0.1928522255947558,0.06243417375369792,0.3613085178512847,0.11697038347703462
17274,Poppy Pattinson,346,4,Left Back,DEF,0.0,0.0,3.0,0.7803468208092484,402.0,104.5664739884393,0.058361927158594444,0.015180848104836706,0.580268867653329,0.15093698869595262
17275,Hannah Jayne Blundell,933,10,Left Back,DEF,0.0,0.0,5.0,0.48231511254019294,1401.0,135.14469453376208,0.4966873369340659,0.047911961762128544,1.8660005280835321,0.18000005094053362
17520,Federico Barba,271,3,Left Center Back,DEF,0.0,0.0,1.0,0.33210332103321033,274.0,90.99630996309963,0.03706574053349423,0.01230965552772871,0.40880642511183396,0.13576597143935445
17524,Jennifer Patricia Beattie,286,3,Left Center Back,DEF,0.0,0.0,2.0,0.6293706293706294,453.0,142.55244755244755,0.14975495831608998,0.04712568618338497,0.19404262339230627,0.0610623640045719
18027,Matteo Brighi,466,8,Substitute,Unknown,0.0,0.0,6.0,1.1587982832618027,448.0,86.52360515021459,0.045268484248254054,0.008742840305456792,0.09215830653556623,0.01779881456695485
18145,Ria Percival,487,5,Right Back,DEF,0.0,0.0,1.0,0.18480492813141686,467.0,86.30390143737166,0.16679766564625578,0.030825030612244397,1.0604036720873555,0.19596782441039423
18147,Kate Longhurst,497,6,Left Defensive Midfield,MID,0.0,0.0,4.0,0.7243460764587526,387.0,70.0804828973843,0.07273007370342018,0.013170435881907075,0.1691259166400414,0.030626423536426008
18151,Gilly Louise Scarlett Flaherty,486,5,Center Back,DEF,0.0,0.0,2.0,0.3703703703703704,367.0,67.96296296296296,0.37548204838859595,0.06953371266455481,0.6386738282744773,0.11827293116194024
18153,Alisha Lehmann,282,7,Substitute,Unknown,1.0,0.3191489361702128,5.0,1.595744680851064,182.0,58.08510638297873,0.1045545968294975,0.033368488349839624,0.43595051203737967,0.13913314213958924
18158,Rebecca Leigh Spencer,982,10,Goalkeeper,GK,0.0,0.0,0.0,0.0,644.0,59.0224032586558,0.2399753394079682,0.021993666544518474,-2.183440668450203,-0.20011167022456033
18254,Megan Finnigan,1188,12,Center Back,DEF,0.0,0.0,7.0,0.5303030303030303,1250.0,94.69696969696969,0.5226057473259704,0.0395913444943917,-1.1403984699896537,-0.08639382348406467
18398,Omar Mascarell González,457,7,Right Defensive Midfield,MID,0.0,0.0,4.0,0.787746170678337,455.0,89.60612691466083,0.12258087360698998,0.024140653445577896,0.06926943348010539,0.013641682742252702
18404,José Ángel Crespo Rincón,280,3,Left Center Back,DEF,0.0,0.0,0.0,0.0,254.0,81.64285714285714,0.1424070561676276,0.04577369662530887,0.36906172923045233,0.11862698439550254
18414,Bastian Schweinsteiger,345,5,Left Center Midfield,MID,1.0,0.2608695652173913,5.0,1.3043478260869565,593.0,154.69565217391303,0.25587212343144816,0.06674924959081256,1.1381160077726236,0.2968998281145975
18617,Mykola Matvienko,287,3,Left Center Back,DEF,0.0,0.0,0.0,0.0,425.0,133.27526132404182,0.35632213773375443,0.1117386494635467,0.1655341858859174,0.05190967501648978
18672,Mark Bunn,284,3,Goalkeeper,GK,0.0,0.0,0.0,0.0,117.0,37.07746478873239,0.09182113856598212,0.029098248137107006,0.0806650810118299,0.025562877785439052
18724,Sofiane Feghouli,372,6,Right Wing,FWD,0.0,0.0,8.0,1.935483870967742,332.0,80.3225806451613,0.5821160421909835,0.14083452633652827,-0.3852664001478115,-0.09320961293898665
18867,Matías Nahuel Leiva Esquivel,286,6,Right Midfield,MID,0.0,0.0,1.0,0.3146853146853147,253.0,79.61538461538461,0.1977800050418579,0.06223846312506017,0.014541482164757327,0.004575990891007551
18872,Martin Škrtel,388,4,Right Center Back,DEF,0.0,0.0,2.0,0.4639175257731959,396.0,91.85567010309278,0.3649089444715614,0.08464382732587765,0.40997102853725664,0.09509637259884819
18874,Mauricio Aníbal Isla Isla,320,4,Right Defensive Midfield,MID,1.0,0.28125,2.0,0.5625,419.0,117.84375,0.38499799028289344,0.10828068476706378,1.2733739511750173,0.3581364237679736
18925,Ignacio Cases Mora,510,6,Left Defensive Midfield,MID,0.0,0.0,7.0,1.2352941176470589,525.0,92.6470588235294,0.20128335807567563,0.035520592601589816,0.39510532581736335,0.06972446926188765
18946,Paul-José M''Poku Ebunge,364,9,Substitute,Unknown,0.0,0.0,9.0,2.2252747252747254,405.0,100.13736263736264,0.5932268152990282,0.1466769598266828,-0.08181136435875669,-0.020228084594198083
18999,Leah Williamson,1077,13,Right Center Back,DEF,2.0,0.1671309192200557,6.0,0.5013927576601671,1729.0,144.48467966573816,2.1440391438723236,0.17916761647958135,0.9043694438005332,0.07557404822845681
19047,Fábio Alexandre da Silva Coentrão,361,5,Left Back,DEF,1.0,0.24930747922437674,4.0,0.997229916897507,492.0,122.65927977839335,0.8583244943560042,0.2139867160444332,1.7008435942665674,0.4240330290415265
19286,Miroslav Klose,437,7,Center Forward,FWD,1.0,0.20594965675057209,5.0,1.0297482837528604,219.0,45.10297482837529,0.15203119608779325,0.03131077264965994,0.11034194016247056,0.02272488470165298
19362,Rudy Gestede,536,8,Substitute,Unknown,1.0,0.16791044776119401,17.0,2.8544776119402986,289.0,48.526119402985074,0.4272987495048215,0.07174792435715287,-1.152368493290851,-0.19349470969435928
19416,Laura Coombs,546,9,Left Center Midfield,MID,1.0,0.16483516483516483,9.0,1.4835164835164836,481.0,79.28571428571428,-0.2279172072170711,-0.03756877042039634,1.0800666088762227,0.17803295750706966
19417,Amy Rodgers,601,6,Right Defensive Midfield,MID,0.0,0.0,4.0,0.5990016638935108,409.0,61.24792013311148,0.1130429783793768,0.016928233035181216,0.2670433482853696,0.03998985248865767
19422,Jessica Carter,1131,14,Left Center Back,DEF,1.0,0.07957559681697612,3.0,0.23872679045092837,1664.0,132.41379310344828,1.0163467396687704,0.08087639838213027,2.125341270395438,0.16912530003146722
19498,Jessica Park,404,7,Substitute,Unknown,0.0,0.0,6.0,1.3366336633663365,369.0,82.20297029702971,0.7948083228418091,0.1770612600390169,0.4757274113330059,0.10597887876230329
19499,Shania Hayles,529,11,Substitute,Unknown,3.0,0.5103969754253308,12.0,2.041587901701323,224.0,38.109640831758036,0.43003062307668566,0.0731621097862036,1.2345117111399304,0.21003034783099006
19500,Sarah Emma Mayling,779,9,Right Back,DEF,0.0,0.0,3.0,0.3465982028241335,801.0,92.54172015404365,0.5721728965887344,0.06610469922077804,1.0582957174869954,0.12226779791248983
19501,Hayley Ladd,389,7,Substitute,Unknown,0.0,0.0,3.0,0.6940874035989717,301.0,69.6401028277635,0.0195809460801861,0.004530296008269277,0.3499510453370167,0.08096553748157198
19592,Harriet Scott,476,5,Right Back,DEF,0.0,0.0,4.0,0.7563025210084033,462.0,87.3529411764706,0.4841841417534284,0.091547421760102,0.7547647356081288,0.14270761807716723
19668,Augusto Matías Fernández,319,4,Left Defensive Midfield,MID,0.0,0.0,1.0,0.28213166144200624,348.0,98.18181818181817,0.1496914177154964,0.042232688383682375,0.33791976256179623,0.09533786404564784
19688,Jason Puncheon,296,4,Center Attacking Midfield,MID,0.0,0.0,5.0,1.5202702702702704,337.0,102.46621621621622,0.14278531295446686,0.043414453263182495,0.04954986369132533,0.015065836933173243
19777,Niamh Fahey,281,3,Right Center Back,DEF,0.0,0.0,1.0,0.32028469750889677,181.0,57.97153024911032,0.10656593407194159,0.03413143795898485,0.14544618743821047,0.04658418814746955
19779,Rhiannon Roberts,305,4,Right Center Back,DEF,0.0,0.0,2.0,0.5901639344262295,197.0,58.131147540983605,0.0723572448328956,0.021351318147411816,0.16965375575819053,0.05006176399422015
19813,Rolando Jorge Pires da Fonseca,287,3,Left Center Back,DEF,0.0,0.0,0.0,0.0,258.0,80.90592334494774,0.13870077059605787,0.0434950151694955,0.32370728300884366,0.10151099467176282
19847,Alessandro Diamanti,351,5,Center Attacking Midfield,MID,2.0,0.5128205128205129,10.0,2.5641025641025643,524.0,134.35897435897436,0.9850909655043406,0.252587427052395,1.6928071013886947,0.4340531029201781
19850,Antonio Cassano,592,10,Substitute,Unknown,1.0,0.15202702702702703,10.0,1.5202702702702704,774.0,117.66891891891892,1.6550487467749837,0.25161214055700765,0.4696785114482045,0.07140382775395
20004,Paul Pogba,847,9,Left Center Midfield,MID,4.0,0.42502951593860683,34.0,3.612750885478158,1141.0,121.2396694214876,1.6378069155129398,0.17402907012534188,3.2194082963105757,0.34208588744740476
20005,Toby Alderweireld,1726,18,Right Center Back,DEF,1.0,0.05214368482039397,16.0,0.8342989571263035,2198.0,114.61181923522595,2.0086687831958265,0.10473939193952746,2.688289692552644,0.14017733043437888
20008,Patrice Evra,317,5,Left Wing Back,DEF,2.0,0.5678233438485805,0.0,0.0,325.0,92.27129337539432,0.31673032441436205,0.08992343595360436,0.4520362159528304,0.1283383578414976
20016,Kléper Laveran Lima Ferreira,558,6,Right Center Back,DEF,2.0,0.3225806451612903,4.0,0.6451612903225806,793.0,127.9032258064516,0.8748387129202304,0.14110301821294038,1.316123853539466,0.21227804089346225
20039,Anthony Martial,480,6,Center Forward,FWD,3.0,0.5625,9.0,1.6875,432.0,81.0,0.7065165041449516,0.13247184452717842,1.4659908232974121,0.2748732793682648
20045,Ryan Bertrand,1057,11,Left Back,DEF,1.0,0.08514664143803216,2.0,0.17029328287606432,976.0,83.10312204351939,1.1399100385302343,0.09705951132234729,1.8189638804821298,0.1548786653201435
20046,Phil Jagielka,678,7,Left Center Back,DEF,0.0,0.0,2.0,0.2654867256637168,563.0,74.73451327433628,0.2728407613895869,0.03621780018445844,0.8282595455966657,0.10994595738008836
20048,Gregory van der Wiel,356,4,Right Back,DEF,2.0,0.5056179775280899,2.0,0.5056179775280899,464.0,117.30337078651687,0.3581273658960493,0.09053781722091135,1.2839187373610912,0.3245861976474669
20057,Nigel de Jong,285,3,Center Defensive Midfield,MID,0.0,0.0,3.0,0.9473684210526315,244.0,77.05263157894737,0.030973239347676394,0.00978102295189781,0.11244673663168214,0.03550949577842594
20061,Deanna Cooper,385,4,Right Center Back,DEF,0.0,0.0,1.0,0.23376623376623376,418.0,97.71428571428571,0.3336035953165796,0.07798525604803161,0.5877958662167657,0.13740682586885433
20064,Hugo Miguel Almeida Costa Lopes,663,8,Right Back,DEF,0.0,0.0,5.0,0.6787330316742082,670.0,90.9502262443439,0.8349150152695417,0.11333687990084276,0.8173022299451986,0.1109460040649591
20074,Artur Boruc,478,5,Goalkeeper,GK,0.0,0.0,0.0,0.0,227.0,42.74058577405857,0.1349288566937459,0.025405014858655088,-0.6629973415692803,-0.12483213544191468
20169,Seydou Kéita,468,5,Center Defensive Midfield,MID,1.0,0.19230769230769232,7.0,1.3461538461538463,560.0,107.6923076923077,0.1788902326455155,0.03440196781644529,1.1458417167013977,0.22035417628873033
20199,Lars Christian Jacobsen,752,9,Right Back,DEF,0.0,0.0,0.0,0.0,576.0,68.93617021276596,0.8277408302110804,0.09906472701994314,0.5132138665649109,0.061421872328247314
20201,Maarten Stekelenburg,770,8,Goalkeeper,GK,0.0,0.0,0.0,0.0,356.0,41.61038961038961,0.30604308584063183,0.03577126977358035,-1.1752774656633846,-0.1373700933892268
20252,Luca Toni,356,4,Left Center Forward,FWD,0.0,0.0,13.0,3.286516853932584,158.0,39.9438202247191,-0.20589661220857566,-0.052052514322392725,-1.211485872976482,-0.3062745184491106
20253,Samir Nasri,326,7,Substitute,Unknown,2.0,0.5521472392638037,7.0,1.932515337423313,580.0,160.12269938650306,0.5283914187457982,0.14587493155558848,2.4494597860998475,0.6762312292913689
20285,Joleon Lescott,905,10,Left Center Back,DEF,1.0,0.0994475138121547,5.0,0.49723756906077343,688.0,68.41988950276243,0.23155351961240375,0.023027421839907553,0.8624797445372678,0.0857714663075736
20287,John Terry,575,6,Left Center Back,DEF,0.0,0.0,3.0,0.4695652173913044,517.0,80.92173913043479,0.22098888639711894,0.03458956482737514,-0.0046988572721602395,-0.0007354733121642113
20302,Gaël Clichy,271,4,Left Back,DEF,0.0,0.0,0.0,0.0,328.0,108.92988929889299,0.18177039296783656,0.06036655117013022,0.45652549687656574,0.15161363364904398
20521,Bafétimbi Gomis,423,9,Substitute,Unknown,2.0,0.425531914893617,16.0,3.404255319148936,305.0,64.8936170212766,0.17512902911282613,0.037261495555920454,0.41830612933156364,0.08900130411309864
20527,Jonas Olsson,413,7,Left Center Back,DEF,0.0,0.0,1.0,0.2179176755447942,230.0,50.12106537530266,0.12240550936929542,0.026674324075633388,0.094420577341225,0.020575912737797214
20636,Mirko Gori,356,5,Center Defensive Midfield,MID,0.0,0.0,2.0,0.5056179775280899,233.0,58.90449438202247,0.14225786142445893,0.0359640660904531,0.33645625971257687,0.08505916678126943
20641,Connor Wickham,332,5,Center Forward,FWD,2.0,0.5421686746987953,10.0,2.710843373493976,212.0,57.46987951807228,0.05999025113684015,0.01626241747685426,0.9979806901828852,0.2705369340857219
20750,Cody Mathès Gakpo,370,4,Left Wing,FWD,2.0,0.4864864864864865,5.0,1.2162162162162162,212.0,51.56756756756757,0.5880035415318792,0.14302788848072737,2.0388438025981888,0.49593497901037026
20837,Marko Lešković,494,5,Left Center Back,DEF,0.0,0.0,3.0,0.5465587044534413,466.0,84.89878542510121,0.42122095309982593,0.07674065947162821,0.519505532211042,0.09464675688055421
21021,Molly Bartrip,687,7,Left Center Back,DEF,0.0,0.0,1.0,0.13100436681222707,773.0,101.26637554585152,0.4497376673295894,0.058917598340120884,0.2940685175675899,0.03852425994335239
21023,Amanda Nildén,336,6,Left Back,DEF,0.0,0.0,4.0,1.0714285714285714,398.0,106.60714285714286,1.111746869974344,0.2977893401716993,1.337802683223039,0.3583400044347426
21048,Rosella Ayane,290,5,Substitute,Unknown,0.0,0.0,3.0,0.9310344827586207,190.0,58.96551724137931,0.09149496890294923,0.02839499034919114,-0.20895932192797773,-0.06484944473626895
21057,DiDi Haracic,301,3,Goalkeeper,GK,0.0,0.0,0.0,0.0,231.0,69.06976744186046,0.08527396928081399,0.025497200117186907,-0.6245724065229297,-0.18674922454173978
21059,Katie Robinson,404,5,Right Wing,FWD,2.0,0.44554455445544555,6.0,1.3366336633663365,240.0,53.46534653465346,0.6951634687790996,0.15486314898544298,0.8760475496819708,0.19515910760241925
21062,Alexandra Riley,336,4,Right Back,DEF,0.0,0.0,2.0,0.5357142857142857,316.0,84.64285714285714,0.5714442236054441,0.15306541703717252,0.7159817320061848,0.19178082107308522
21210,Mariano Ferreira Filho,493,6,Right Back,DEF,0.0,0.0,3.0,0.5476673427991886,554.0,101.13590263691684,1.0405122476741695,0.18995152594457457,1.434947636196739,0.2619579863239483
21212,Russell Martin,568,6,Right Center Back,DEF,0.0,0.0,2.0,0.31690140845070425,502.0,79.54225352112677,0.6301759279860972,0.09985181957526189,0.8582838895817986,0.13599568672951035
21254,Carl Jenkinson,397,5,Right Back,DEF,0.0,0.0,3.0,0.6801007556675063,390.0,88.41309823677582,0.40295104088798644,0.09134910246830928,0.7326220420072787,0.16608560146260726
21272,Luiz Adriano de Souza da Silva,403,7,Substitute,Unknown,2.0,0.4466501240694789,8.0,1.7866004962779156,203.0,45.334987593052105,-0.037198299213673104,-0.008307312479480347,0.1293259624202997,0.028881728580215815
21556,Connie Scofield,357,5,Left Center Midfield,MID,1.0,0.25210084033613445,0.0,0.0,276.0,69.57983193277312,0.08520408786868,0.021480022151768068,0.23523273854516447,0.05930237106180617
22027,Anne Moorhouse,301,3,Goalkeeper,GK,0.0,0.0,0.0,0.0,151.0,45.14950166112956,0.09381915565063279,0.028052239231086216,-0.11672508862102404,-0.03490118928867829
22032,Hannah Hampton,1243,12,Goalkeeper,GK,0.0,0.0,0.0,0.0,1053.0,76.24296057924376,0.6068338145793832,0.04393808794219187,-4.589159090843168,-0.3322802237939543
22111,Dennis Appiah,1026,11,Right Back,DEF,0.0,0.0,3.0,0.2631578947368421,804.0,70.52631578947368,1.2550870928489388,0.11009535902183673,0.8923480544730555,0.0782761451292154
22130,Mauro Daniel Goicoechea Furia,281,3,Goalkeeper,GK,0.0,0.0,0.0,0.0,133.0,42.59786476868327,0.10201560848187664,0.03267403830380391,-0.17776424318435602,-0.05693516685619943
22337,Maya Le Tissier,1012,10,Right Center Back,DEF,2.0,0.17786561264822134,5.0,0.44466403162055335,1365.0,121.39328063241108,0.9913286327261089,0.08816163729777649,3.2123289099690737,0.28568142479962116
22587,Didier Ndong Ibrahim,844,9,Right Defensive Midfield,MID,1.0,0.1066350710900474,7.0,0.7464454976303319,951.0,101.40995260663507,0.21552613921363062,0.022982645176808952,1.579210507828975,0.1683992247684926
22594,Matt Jarvis,396,7,Left Midfield,MID,1.0,0.2272727272727273,3.0,0.6818181818181819,264.0,60.0,0.9262366950720038,0.21050833978909175,0.21341108363238165,0.04850251900735947
22798,So-Hyun Cho,271,4,Left Center Back,DEF,0.0,0.0,0.0,0.0,178.0,59.11439114391144,0.10735128471318256,0.03565171817042963,0.08777881268179044,0.029151635207974688
22819,Bruno Soriano Llido,1050,12,Left Defensive Midfield,MID,3.0,0.2571428571428571,13.0,1.1142857142857143,1373.0,117.6857142857143,1.2599230029357744,0.1079934002516378,2.7450897654526223,0.23529340846736763
22911,Zakaria Diallo,290,3,Left Center Back,DEF,0.0,0.0,0.0,0.0,220.0,68.27586206896551,0.24378071214542227,0.0756560830796138,0.1897013872221578,0.05887284431032483
23324,Nicolas Sebastian Frey,557,7,Right Back,DEF,0.0,0.0,0.0,0.0,488.0,78.85098743267504,0.2952442904214071,0.047705540642597195,-0.11094075132859871,-0.017925794649145215
23329,Abdelhamid El Kaoutari,397,5,Left Center Back,DEF,0.0,0.0,0.0,0.0,339.0,76.8513853904282,0.19436296361469788,0.044062132809377354,0.5309916705009528,0.12037594545361649
23349,Paolo Sammarco,666,8,Right Center Midfield,MID,1.0,0.13513513513513514,4.0,0.5405405405405406,568.0,76.75675675675676,0.5066230905938253,0.06846257980997639,1.2620071851365502,0.1705415115049392
23412,Abigail Harrison,448,11,Substitute,Unknown,1.0,0.20089285714285712,6.0,1.2053571428571428,272.0,54.64285714285714,0.19884322019701656,0.03994618262886493,0.9258759652730078,0.1860018680235953
23413,Megan Connolly,889,9,Center Back,DEF,3.0,0.30371203599550056,4.0,0.4049493813273341,529.0,53.554555680539934,0.28509736576751843,0.028862500471402312,2.412277975874371,0.24421261847997008
23416,Stefan Šćepović,721,11,Center Forward,FWD,2.0,0.24965325936199723,9.0,1.1234396671289875,399.0,49.80582524271844,0.36577797251244537,0.04565883152027751,0.016999703002511524,0.002122015631381466
23470,Luca Paganini,285,4,Right Midfield,MID,1.0,0.3157894736842105,5.0,1.5789473684210527,214.0,67.57894736842105,0.23842314111286508,0.07529151824616792,0.9688459280587267,0.3059513457027558
23488,Mario Suárez Mata,377,7,Substitute,Unknown,0.0,0.0,5.0,1.193633952254642,420.0,100.26525198938991,0.34363894649524357,0.08203582277074781,0.40020508496672846,0.09553967545624817
23615,Gideon Mensah,294,3,Left Back,DEF,0.0,0.0,0.0,0.0,243.0,74.38775510204081,0.18313264436810672,0.056061013582073486,0.23276338417781517,0.07125409719729035
23635,John Ruddy,673,7,Goalkeeper,GK,0.0,0.0,0.0,0.0,367.0,49.07875185735512,0.3086701649342574,0.04127832814871198,-0.9866193872585427,-0.13194018551748715
23663,Dieumerci Mbokani Bezua,531,7,Center Forward,FWD,3.0,0.5084745762711864,6.0,1.0169491525423728,356.0,60.33898305084746,0.5358511881967682,0.09082223528758783,1.5388373001187574,0.2608198813760606
23721,Wataru Endo,328,3,Right Defensive Midfield,MID,0.0,0.0,6.0,1.646341463414634,388.0,106.46341463414633,0.3895356348426853,0.10688477785317584,0.3686517941823695,0.10115445572077211
23761,Alhassane Bangoura,312,6,Substitute,Unknown,1.0,0.28846153846153844,9.0,2.5961538461538463,303.0,87.40384615384615,0.6898242168308557,0.19898775485505452,0.22124751220364125,0.06382139775105036
23800,Laureano Sanabria Ruiz,499,8,Right Back,DEF,0.0,0.0,0.0,0.0,542.0,97.75551102204409,0.5269152793886827,0.09503481992982252,1.2312058460956905,0.22206117464651734
23806,Alejandro Bergantiños García,497,6,Right Center Midfield,MID,1.0,0.18108651911468815,4.0,0.7243460764587526,430.0,77.8672032193159,0.2193428165671754,0.039720027144961347,1.4160698191262782,0.25643115436894376
23816,José Antonio Reyes Calderón,355,7,Right Wing,FWD,2.0,0.5070422535211268,6.0,1.52112676056338,422.0,106.98591549295774,1.4407497373727358,0.36526049679872175,1.5737673338474707,0.3989832677359785
23843,Diego Mariño Villar,375,4,Goalkeeper,GK,0.0,0.0,0.0,0.0,257.0,61.68,0.1623401513456561,0.03896163632295747,-0.021207011974183843,-0.005089682873804122
23850,Mathieu Peybernes,286,3,Left Center Back,DEF,0.0,0.0,0.0,0.0,240.0,75.52447552447552,0.11072073811214045,0.03484219031500923,0.06695148389553651,0.021068648778315685
23933,Abdelaziz Barrada,358,5,Center Attacking Midfield,MID,1.0,0.25139664804469275,6.0,1.5083798882681565,433.0,108.85474860335196,0.7061813109397785,0.17753161448206722,1.2702725531685866,0.3193422619697564
23943,Rubén García Santos,300,5,Left Midfield,MID,0.0,0.0,3.0,0.9,314.0,94.2,0.23309536226456734,0.0699286086793702,-0.07688621011213399,-0.0230658630336402
24035,Álvaro Vázquez García,1068,18,Substitute,Unknown,5.0,0.4213483146067416,30.0,2.528089887640449,577.0,48.623595505617985,0.6611841245345452,0.05571776330347292,1.755414966175545,0.14792822748670323
24061,Aljaž Struna,529,6,Right Back,DEF,0.0,0.0,3.0,0.5103969754253308,535.0,91.02079395085067,0.6790165984849147,0.1155226727100989,0.3740632074768655,0.06364024323803004
24070,Saúl Berjón Pérez,497,9,Substitute,Unknown,1.0,0.18108651911468815,14.0,2.535211267605634,480.0,86.9215291750503,0.6776086228336367,0.12270578683104084,0.18852839066738092,0.03413995002025006
24132,Francisco Miguel Varela Martín,419,5,Left Back,DEF,0.0,0.0,3.0,0.6443914081145585,462.0,99.23627684964201,0.586622197083533,0.1260047678699713,0.5396383302818285,0.11591276784096555
24138,Joaquín José Marín Ruiz,559,6,Right Back,DEF,0.0,0.0,7.0,1.1270125223613596,516.0,83.07692307692308,0.3956783925717895,0.06370492903660295,0.4318235205428209,0.06952435930027527
24149,José Antonio García Rabasco,361,7,Substitute,Unknown,0.0,0.0,4.0,0.997229916897507,429.0,106.95290858725761,0.5165986416406603,0.12879190511817015,0.9451409223349765,0.2356307008591354
24235,Federico Dionisi,723,9,Left Center Forward,FWD,1.0,0.12448132780082988,20.0,2.4896265560165975,476.0,59.25311203319502,0.3769781085949733,0.04692673550974771,0.21729287228663452,0.027048905263896413
24239,Jemma Elizabeth Purfield,679,7,Left Back,DEF,1.0,0.1325478645066274,4.0,0.5301914580265096,646.0,85.62592047128129,0.9049440199359043,0.11994839734054696,0.4696334280901356,0.062248907994274225
24255,Juan Carlos Martín Corral,277,3,Goalkeeper,GK,0.0,0.0,0.0,0.0,197.0,64.0072202166065,0.05681444977715623,0.01845956851965365,-0.5275125994812697,-0.17139398539102627
24263,Ismael López Blanco,472,6,Left Back,DEF,0.0,0.0,3.0,0.5720338983050848,444.0,84.66101694915254,0.659148845006021,0.12568516112402942,0.8361512560335687,0.15943562085385843
24281,Danielle Carter,344,4,Left Center Forward,FWD,2.0,0.5232558139534884,13.0,3.4011627906976742,249.0,65.1453488372093,0.8074944281935421,0.21126307714365927,1.9840188997186488,0.519074712135693
24303,Joni Ensio Kauko,562,7,Center Attacking Midfield,MID,3.0,0.4804270462633452,12.0,1.9217081850533808,565.0,90.48042704626334,0.6773060654692556,0.10846538414988079,1.9833860581293496,0.317624101835661
24366,Natasa Andonova,459,6,Center Attacking Midfield,MID,1.0,0.19607843137254904,7.0,1.3725490196078431,440.0,86.27450980392157,0.4984519777928557,0.09773568192016778,0.5375269100635778,0.10539743334579957
24373,Synne Skinnes Hansen,448,9,Substitute,Unknown,1.0,0.20089285714285712,6.0,1.2053571428571428,364.0,73.125,0.23085364674402414,0.046376848676254856,-0.12874145169917028,-0.02586323806456546
24374,Ingrid Syrstad Engen,964,11,Left Center Back,DEF,0.0,0.0,4.0,0.37344398340248963,1683.0,157.1265560165975,1.4834859857111868,0.13849972895643858,-0.008127230845275335,-0.0007587663652228009
24380,Tetchi Jores Charlemagne Ulrich Okore,481,5,Right Center Back,DEF,0.0,0.0,0.0,0.0,304.0,56.881496881496886,0.16279379256453944,0.03046037698712796,-0.08912421815330163,-0.016676049134713402
24392,Dominika Škorvánková,486,5,Center Attacking Midfield,MID,2.0,0.3703703703703704,8.0,1.4814814814814816,363.0,67.22222222222221,-0.1504414503800006,-0.027859527848148255,1.3017730497294107,0.24106908328322418
24399,Kamila Dubcová,305,4,Left Center Midfield,MID,0.0,0.0,6.0,1.7704918032786887,332.0,97.9672131147541,0.5428672010447102,0.16019032161975055,0.3595964764794335,0.10611043568245579
24460,Signe Kallesøe Bruun,420,9,Substitute,Unknown,2.0,0.4285714285714286,9.0,1.9285714285714286,203.0,43.5,0.21982800506205255,0.04710600108472555,0.5321776230994146,0.1140380620927317
24461,Shuang Wang,394,6,Right Midfield,MID,0.0,0.0,9.0,2.0558375634517767,365.0,83.37563451776649,0.19932785376785422,0.04553174324646416,-0.22433026568312198,-0.05124295409005324
24646,Rafidine Abdullah,322,4,Left Defensive Midfield,MID,0.0,0.0,1.0,0.2795031055900621,433.0,121.0248447204969,0.17379611052085808,0.048576552630053504,-0.014416810910915956,-0.004029543422305702
24686,Roberto Canella Suárez,334,4,Left Back,DEF,0.0,0.0,0.0,0.0,294.0,79.22155688622755,0.2011879391287,0.05421231892689521,0.22215227311244234,0.05986139095844255
24693,Hanna Erica Maria Glas,398,4,Right Back,DEF,0.0,0.0,0.0,0.0,431.0,97.46231155778895,0.23165284138478126,0.05238380835334249,0.3103843165154103,0.07018740825725359
24694,Alana Cook,467,5,Right Center Back,DEF,0.0,0.0,0.0,0.0,469.0,90.38543897216275,0.5209932061373104,0.10040554293866795,-0.019254895189078525,-0.003710793505389866
24695,Pia-Sophie Wolter,373,4,Right Back,DEF,0.0,0.0,2.0,0.48257372654155495,503.0,121.36729222520107,0.5888528538867134,0.14208245804237052,0.30512220453238115,0.07362197964588285
24706,Sophie Roman Haug,290,3,Left Center Forward,FWD,0.0,0.0,13.0,4.0344827586206895,187.0,58.03448275862068,0.37426527806561577,0.11615129319277731,-1.03246538201347,-0.3204202909696976
24722,Emmanuel Agyemang-Badu,324,4,Right Center Midfield,MID,1.0,0.2777777777777778,6.0,1.6666666666666665,205.0,56.94444444444445,0.29203480763815703,0.08112077989948806,0.9119183218135731,0.25331064494821476
24783,Javier Márquez Moreno,372,4,Center Attacking Midfield,MID,0.0,0.0,8.0,1.935483870967742,364.0,88.06451612903226,0.24668780836236842,0.05968253428121817,0.3207011229209602,0.07758898135184521
24883,Sydney Lohmann,285,7,Substitute,Unknown,0.0,0.0,2.0,0.631578947368421,257.0,81.15789473684211,0.16771085401290153,0.05296132231986364,-0.0075305916761863045,-0.0023780815819535697
24922,Florence Allen,450,7,Right Back,DEF,0.0,0.0,1.0,0.2,284.0,56.8,0.3439166601243847,0.06878333202487694,0.4508510174928233,0.09017020349856467
25116,Edenílson Andrade dos Santos,497,6,Right Wing Back,DEF,0.0,0.0,5.0,0.9054325955734407,576.0,104.30583501006036,1.036210669211952,0.1876437831570939,0.0931655766388867,0.016871029974848697
25134,Deyverson Brum Silva Acosta,484,8,Right Center Forward,FWD,5.0,0.9297520661157025,15.0,2.7892561983471076,322.0,59.87603305785124,0.04365200693263953,0.008117108727143713,2.9434277435357217,0.5473316052029235
25144,Diego Alves Carreira,279,3,Goalkeeper,GK,0.0,0.0,0.0,0.0,160.0,51.61290322580645,0.0782362445934371,0.02523749825594745,-0.5904899653396569,-0.1904806339805345
25199,Lucas Silva Borges,282,5,Left Defensive Midfield,MID,0.0,0.0,3.0,0.9574468085106382,418.0,133.40425531914894,-0.011137195925640796,-0.0035544242315874884,0.15088707480754238,0.04815544940666246
25377,Rémy Riou,944,10,Goalkeeper,GK,0.0,0.0,0.0,0.0,574.0,54.72457627118644,0.4237660466574111,0.040401423939795546,-1.084692665754119,-0.10341349567571048
25430,Felipe Melo de Carvalho,383,5,Center Defensive Midfield,MID,1.0,0.2349869451697128,3.0,0.7049608355091384,407.0,95.63968668407311,0.0811777946329267,0.01907572197640575,0.9800176961434772,0.23029136462901553
25450,Young-Ju Lee,371,9,Substitute,Unknown,1.0,0.24258760107816713,1.0,0.24258760107816713,407.0,98.733153638814,0.43944767831574266,0.1066045580819861,0.3750783504219726,0.09098935724522245
25453,Geum-Min Lee,397,7,Center Forward,FWD,3.0,0.6801007556675063,6.0,1.3602015113350125,368.0,83.42569269521411,0.46386816020160004,0.10515902876106802,2.8294572388986126,0.6414386687679474
25466,Vilde Bøe Risa,792,10,Right Defensive Midfield,MID,1.0,0.11363636363636365,17.0,1.9318181818181817,993.0,112.8409090909091,0.5590863799013671,0.0635325431706099,2.078071294568479,0.23614446529187258
25476,Lea Schüller,543,8,Center Forward,FWD,4.0,0.6629834254143646,22.0,3.6464088397790055,329.0,54.530386740331494,0.10794133488440061,0.01789082898636474,2.606156944981194,0.431959714637767
25478,Lena Oberdorf,525,7,Center Defensive Midfield,MID,1.0,0.17142857142857143,10.0,1.7142857142857144,467.0,80.05714285714285,0.5215874555719574,0.08941499238376412,0.9858851552708074,0.16900888376070985
25491,Marina Hegering,490,8,Left Center Back,DEF,0.0,0.0,9.0,1.653061224489796,658.0,120.85714285714285,0.47974919725991716,0.08811719949671948,-0.41241572037688456,-0.07574982619167268
25492,Giulia Gwinn,595,7,Right Back,DEF,1.0,0.1512605042016807,8.0,1.2100840336134455,682.0,103.15966386554621,1.0365442443175337,0.15678820502282023,0.7876640907649417,0.11914246751066344
25505,José Rodolfo Pires Ribeiro,635,7,Left Wing Back,DEF,1.0,0.14173228346456693,6.0,0.8503937007874016,582.0,82.48818897637796,1.449177734982474,0.20539526952507503,0.9423375752165448,0.133559656329904
25510,Nahikari García Pérez,813,11,Center Forward,FWD,1.0,0.11070110701107011,16.0,1.7712177121771218,448.0,49.594095940959406,0.20879260548054654,0.02311357256242213,-0.2545118377780309,-0.028174742189449917
25513,Lucía García Córdoba,460,8,Substitute,Unknown,2.0,0.391304347826087,12.0,2.3478260869565215,356.0,69.65217391304347,0.5556445251302333,0.10871305926461086,1.4502414725939161,0.28374289681185316
25514,Noko Matlou,276,5,Left Center Back,DEF,0.0,0.0,1.0,0.32608695652173914,216.0,70.43478260869566,0.06591757939162454,0.02149486284509496,-0.06485005473950878,-0.021146756980274604
25535,Tiffany Cameron,383,6,Right Center Forward,FWD,0.0,0.0,5.0,1.1749347258485638,210.0,49.347258485639685,0.05517030617312677,0.012964301711700807,-0.4914067920472007,-0.11547418089882001
25541,Valentina Giacinti,720,12,Center Forward,FWD,1.0,0.125,24.0,3.0,320.0,40.0,-0.07035949801788717,-0.008794937252235896,-0.6228997180733131,-0.07786246475916414
25542,Ludmila da Silva,350,4,Center Forward,FWD,1.0,0.2571428571428571,12.0,3.085714285714286,204.0,52.457142857142856,0.46504975351798017,0.1195842223331949,-0.4713585323170032,-0.12120647973865797
25543,Geyse da Silva Ferreira,287,5,Center Forward,FWD,1.0,0.313588850174216,5.0,1.5679442508710801,222.0,69.61672473867596,0.7109104605261513,0.22293359389321818,1.392249529508641,0.436593929114208
25544,Valentina Bergamaschi,744,8,Left Back,DEF,3.0,0.3629032258064516,6.0,0.7258064516129032,670.0,81.04838709677419,1.3227820810011326,0.16001396141142735,2.1865302807855187,0.26449963074018373
25545,Allyson Swaby,596,7,Right Center Back,DEF,1.0,0.15100671140939598,3.0,0.4530201342281879,548.0,82.75167785234899,0.2701888834541248,0.040800334749783944,1.182160473545082,0.17851416546821708
25547,Chloe Logarzo,488,5,Left Center Midfield,MID,2.0,0.36885245901639346,4.0,0.7377049180327869,314.0,57.90983606557377,0.323928785263432,0.059740964495305075,1.526909954382086,0.2816022456852208
25554,Khadija Monifa Shaw,422,5,Center Forward,FWD,5.0,1.066350710900474,24.0,5.118483412322274,256.0,54.59715639810427,0.742300135638208,0.15831045546786426,2.387305497744819,0.5091409829313595
25556,Kathellen Sousa Feitoza,780,8,Left Center Back,DEF,1.0,0.11538461538461539,4.0,0.46153846153846156,917.0,105.8076923076923,0.4784228572352599,0.05520263737329922,1.0984182040265296,0.1267405620030611
25604,Saori Takarada,284,4,Center Defensive Midfield,MID,0.0,0.0,0.0,0.0,213.0,67.5,0.12135748973639181,0.038458359423504444,0.44231225676776376,0.14016937714471386
25610,Mana Iwabuchi,387,6,Left Center Forward,FWD,2.0,0.46511627906976744,5.0,1.1627906976744184,315.0,73.25581395348837,0.28430638350229964,0.06611776360518597,1.0718047621485312,0.24925692142989095
25612,Jessie Alexandra Fleming,575,11,Substitute,Unknown,1.0,0.1565217391304348,7.0,1.0956521739130434,570.0,89.21739130434783,0.44771234062195353,0.07007671418430576,1.1982582229149994,0.1875534609779999
25613,Narumi Miura,852,9,Left Defensive Midfield,MID,0.0,0.0,7.0,0.7394366197183099,901.0,95.17605633802818,0.39519965441368127,0.041746442367642383,0.3542873718440533,0.037424722377892954
25624,Risa Shimizu,884,9,Right Center Back,DEF,0.0,0.0,3.0,0.3054298642533937,860.0,87.55656108597285,0.712378772569975,0.07252725060101554,1.3119200980581809,0.13356652582040304
25627,Ayaka Yamashita,291,3,Goalkeeper,GK,0.0,0.0,0.0,0.0,111.0,34.329896907216494,0.04763393297732305,0.014732144219790634,-0.2949802293733228,-0.09123099877525447
25629,Agustina Barroso Basualdo,688,7,Right Center Back,DEF,2.0,0.2616279069767442,4.0,0.5232558139534884,486.0,63.57558139534884,0.23025506804497006,0.030120575761696664,1.9273328779963776,0.25212203345882844
25632,Yui Hasegawa,800,9,Center Defensive Midfield,MID,1.0,0.1125,7.0,0.7875000000000001,937.0,105.4125,-0.0947170072720521,-0.01065566331810586,1.8184439702243544,0.20457494665023987
25634,Aldana Cometti,780,8,Right Center Back,DEF,3.0,0.34615384615384615,7.0,0.8076923076923076,783.0,90.34615384615384,0.531515168210069,0.06132867325500796,2.973586436273763,0.3431061272623573
25635,Hina Sugita,588,7,Right Wing,FWD,1.0,0.15306122448979592,11.0,1.683673469387755,670.0,102.55102040816327,1.265653320365489,0.1937224469947177,1.3808057925893227,0.2113478253963249
25638,Moeka Minami,611,7,Right Center Back,DEF,0.0,0.0,1.0,0.14729950900163666,819.0,120.63829787234043,0.536335802822849,0.07900200041580427,0.5173313178820536,0.0762026491151961
25659,Merel van Dongen,306,4,Left Back,DEF,0.0,0.0,1.0,0.29411764705882354,431.0,126.76470588235296,0.9011280659098441,0.2650376664440718,0.8554575631860644,0.2516051656429601
25662,Catherine Joan Bott,580,6,Right Back,DEF,0.0,0.0,0.0,0.0,584.0,90.62068965517241,0.5902369430171308,0.09158849115783063,1.1330374990066048,0.17581616363895594
25687,Camila Alejandra Saez Oyaneder,909,10,Center Back,DEF,0.0,0.0,3.0,0.297029702970297,868.0,85.94059405940594,0.45136124911999237,0.04468923258613786,-0.24249759786645883,-0.024009663155094937
25690,Francisca Alejandra Lara Lara,405,6,Center Attacking Midfield,MID,1.0,0.2222222222222222,4.0,0.8888888888888888,250.0,55.55555555555555,0.11345067856802081,0.025211261904004623,0.8352574439923046,0.18561276533162324
25693,Karen Araya,818,10,Right Defensive Midfield,MID,0.0,0.0,22.0,2.4205378973105134,826.0,90.880195599022,0.27360757646306094,0.03010352308273287,-0.059723093354259627,-0.006571000491299959
25697,Lina Mona Andréa Hurtig,328,8,Substitute,Unknown,3.0,0.823170731707317,6.0,1.646341463414634,229.0,62.83536585365853,0.06381845595336215,0.017511161694520102,0.7206665094126947,0.19774385929006869
25707,Francisco Manuel Rico Castro,279,6,Left Defensive Midfield,MID,0.0,0.0,4.0,1.2903225806451613,331.0,106.77419354838709,0.4170807808324634,0.1345421873653108,0.0724820226507727,0.023381297629281518
25719,Shūichi Gonda,328,3,Goalkeeper,GK,0.0,0.0,0.0,0.0,151.0,41.4329268292683,0.06784149409828669,0.01861504411233476,-1.9514178387616994,-0.5354500167333931
25729,Klara Bühl,682,9,Left Wing,FWD,2.0,0.26392961876832843,20.0,2.6392961876832848,681.0,89.86803519061584,2.321590105004322,0.3063681956750572,3.3314028759788488,0.43962794551040524
25770,Lisa Boattin,832,10,Left Back,DEF,1.0,0.10817307692307693,9.0,0.9735576923076923,1193.0,129.05048076923077,1.0237216426723226,0.11073912000061181,1.426896586697898,0.15435179423414763
25785,Jayde Yuk Fun Riviere,557,7,Right Back,DEF,0.0,0.0,2.0,0.32315978456014366,687.0,111.00538599640933,0.6050248427630991,0.09775984892042894,1.3396519454254303,0.21646081703462966
25816,Tierna Lillis Davidson,504,5,Left Center Back,DEF,0.0,0.0,0.0,0.0,380.0,67.85714285714286,0.15234146541900262,0.02720383311053618,0.15979893074836582,0.02853552334792247
25834,Viviane Asseyi,511,6,Left Wing,FWD,2.0,0.3522504892367906,20.0,3.522504892367906,362.0,63.7573385518591,0.48971608093282,0.08625136454785479,0.6295862921415624,0.11088603971182116
25881,Juan Antonio Rodríguez Villamuela,797,9,Right Defensive Midfield,MID,1.0,0.11292346298619824,4.0,0.45169385194479295,634.0,71.59347553324969,0.2702063491047749,0.03051263666176881,0.6357231888978276,0.07178806399097175
25921,Rubén Gracia Calmache,364,7,Left Wing,FWD,0.0,0.0,5.0,1.2362637362637363,383.0,94.6978021978022,0.30972436903104206,0.07658020113404886,0.29119029524887446,0.0719976004736228
25931,Gonzalo Javier Rodríguez,1027,11,Right Center Back,DEF,0.0,0.0,2.0,0.17526777020447906,1275.0,111.7332035053554,0.6365236052453429,0.05578103648693365,0.2621711926331045,0.02297508017232659
26009,Roberto Soldado Rillo,757,9,Left Center Forward,FWD,2.0,0.23778071334214002,20.0,2.3778071334214004,600.0,71.334214002642,-0.057525211558786433,-0.006839192919802878,0.036914227792294696,0.004388745708463042
26012,David Navarro Pedrós,280,3,Right Center Back,DEF,0.0,0.0,2.0,0.6428571428571428,262.0,84.21428571428571,0.12673547320711048,0.04073640210228551,0.14198594324989244,0.04563833890175114
26020,Ángel Lafita Castillo,513,7,Left Midfield,MID,3.0,0.5263157894736842,15.0,2.631578947368421,369.0,64.73684210526316,0.4416403806859275,0.07748076854139078,1.659777005581418,0.2911889483476172
26023,Juan Francisco García García,313,4,Left Back,DEF,0.0,0.0,0.0,0.0,305.0,87.69968051118211,0.18979854693896675,0.05457466205912782,0.23922928792308085,0.06878797416318617
26051,Dalila Belén Ippolito,569,7,Center Attacking Midfield,MID,1.0,0.15817223198594024,9.0,1.4235500878734622,591.0,93.47978910369068,0.8759951542615607,0.1385581087584191,0.7228097496281639,0.11432843139988533
26087,Carlos Gurpegi Nausia,389,5,Right Center Back,DEF,0.0,0.0,2.0,0.4627249357326478,338.0,78.20051413881748,0.344242990149426,0.07964490774665384,0.4317641259840457,0.09989401372381519
26091,Jordyn Pamela Huitema,700,9,Center Forward,FWD,1.0,0.12857142857142856,15.0,1.9285714285714286,454.0,58.371428571428574,0.4273821741042268,0.05494913667054345,-0.4750910922866519,-0.06108314043685525
26092,Amanda Ilestedt,647,7,Right Center Back,DEF,2.0,0.2782071097372488,6.0,0.8346213292117465,572.0,79.56723338485317,0.18333845457990788,0.025503030776185022,1.3412162140011787,0.1865679432150017
26093,Gun Nathalie Björn,1166,13,Left Center Back,DEF,2.0,0.15437392795883362,11.0,0.8490566037735848,1314.0,101.42367066895369,1.6193910814182306,0.1249958810700178,2.176061576627058,0.16796358653210566
26094,Julia Zigiotti-Olme,511,6,Left Defensive Midfield,MID,0.0,0.0,1.0,0.1761252446183953,635.0,111.83953033268102,0.09023310616608102,0.015892327896178653,0.4642235270261299,0.08176148225509138
26103,Idriss Carlos Kameni,564,6,Goalkeeper,GK,1.0,0.1595744680851064,0.0,0.0,304.0,48.51063829787234,0.2537103686107144,0.04048569711873102,-0.36484732481767423,-0.0582203177900544
26107,Alberto Lopo García,375,4,Right Center Back,DEF,0.0,0.0,0.0,0.0,339.0,81.36,0.18577990181370074,0.04458717643528818,0.41433211957337335,0.0994397086976096
26156,Rasheedat Busayo Ajibade,573,8,Left Wing,FWD,2.0,0.31413612565445026,12.0,1.8848167539267018,549.0,86.23036649214659,1.2430885915171697,0.1952495169922256,1.9378115266008535,0.30436830260746395
26186,Bartholomew Owogbalor Ogbeche,432,5,Center Forward,FWD,3.0,0.625,19.0,3.9583333333333335,238.0,49.583333333333336,0.03441046327639313,0.007168846515915236,1.1443035340635106,0.23839656959656472
26207,Fabricio Coloccini,771,8,Left Center Back,DEF,0.0,0.0,2.0,0.23346303501945526,549.0,64.08560311284047,0.5991266916312032,0.06993696789469299,0.7813830135564785,0.09121202492877181
26222,José Eduardo Rosa Vale de Castro,375,4,Left Center Back,DEF,0.0,0.0,2.0,0.48,389.0,93.36000000000001,0.3650547102620276,0.08761313046288663,0.2911601610976504,0.0698784386634361
26304,Adrián Nicolás Luna Retamar,587,6,Left Midfield,MID,2.0,0.30664395229982966,7.0,1.0732538330494037,598.0,91.68654173764905,0.8232461854367464,0.1262217320090412,2.6496017404256853,0.4062421748523197
26448,Javier Garrido Behovide,372,4,Left Back,DEF,0.0,0.0,0.0,0.0,449.0,108.62903225806451,0.3728101780874599,0.09019601082761128,0.6815534570778254,0.16489196542205456
26481,Sébastien Squillaci,660,7,Right Center Back,DEF,0.0,0.0,4.0,0.5454545454545454,476.0,64.9090909090909,0.2552275896314366,0.03480376222246863,0.2757271893755533,0.03759916218757545
26520,Yuka Momiki,287,4,Left Center Midfield,MID,0.0,0.0,4.0,1.254355400696864,229.0,71.81184668989548,0.18505390791628376,0.05803084220371268,0.25952971311274453,0.08138562432106972
26565,Bruno Edgar Silva Almeida,380,4,Center Defensive Midfield,MID,1.0,0.23684210526315788,3.0,0.7105263157894737,342.0,81.0,0.1444291536802195,0.03420690481899936,0.42017068777931854,0.09951411026352282
26570,Amalie Vevle Eikeland,295,5,Center Attacking Midfield,MID,0.0,0.0,7.0,2.135593220338983,219.0,66.8135593220339,0.3168997665294112,0.09668128470388816,-0.19335819242405705,-0.05899063497683096
26571,Alberto Noguera Ripoll,472,5,Center Attacking Midfield,MID,0.0,0.0,4.0,0.7627118644067796,584.0,111.35593220338983,0.6552332060454887,0.12493853505104657,0.5529923974566627,0.10544346561673655
26585,Annamaria Serturini,280,6,Substitute,Unknown,1.0,0.3214285714285714,8.0,2.571428571428571,219.0,70.39285714285714,0.3465547589115503,0.11139260107871259,0.9368761976187816,0.30113877780603693
26607,José Raúl Baena Urdiales,284,3,Right Defensive Midfield,MID,0.0,0.0,3.0,0.9507042253521126,197.0,62.42957746478873,-0.0154761722556822,-0.004904420785251401,0.020419388049049303,0.006470932832445202
26613,Maxwell Scherrer Cabelino Andrade,591,7,Left Back,DEF,1.0,0.15228426395939085,2.0,0.3045685279187817,840.0,127.91878172588832,1.2030978164791224,0.18321286545367346,1.082513208675664,0.16484972720949198
26633,Alberto Lora Ramos,592,7,Right Back,DEF,2.0,0.30405405405405406,2.0,0.30405405405405406,601.0,91.36824324324324,0.49896427076040445,0.07585605467641283,0.3059324041096261,0.046509993868017484
26669,Weligton Róbson Pena de Oliveira,480,6,Left Center Back,DEF,0.0,0.0,0.0,0.0,399.0,74.8125,0.3077196693572798,0.05769743800448996,0.6771223625401035,0.1269604429762694
26675,João Victor de Albuquerque Bruno,467,5,Left Defensive Midfield,MID,1.0,0.19271948608137046,4.0,0.7708779443254818,392.0,75.54603854389721,0.20003823779726856,0.038551266384912575,0.5816299275920987,0.11209142073509398
26683,Abdoulay Konko,528,6,Right Back,DEF,0.0,0.0,5.0,0.8522727272727273,766.0,130.5681818181818,0.78225743997494,0.13333933635936476,0.8589190519123804,0.14640665657597393
26696,Arouna Koné,537,8,Left Wing,FWD,1.0,0.16759776536312848,13.0,2.17877094972067,529.0,88.65921787709497,0.9995504627781915,0.16752242392930583,0.13866918698477093,0.02324064586336943
26723,Álvaro Cejudo Carmona,622,9,Left Wing,FWD,0.0,0.0,12.0,1.7363344051446947,708.0,102.44372990353698,1.1867633840020175,0.17171817453405397,0.5290396496709436,0.07654914545077962
26728,Alberto Facundo Costa,399,6,Right Defensive Midfield,MID,0.0,0.0,6.0,1.3533834586466165,589.0,132.85714285714286,0.32488356597410517,0.07328200736258011,0.48995022466487714,0.11051508827027305
26753,Javier Varas Herrera,652,7,Goalkeeper,GK,0.0,0.0,0.0,0.0,457.0,63.08282208588957,0.21649849284123007,0.02988476128176489,-2.631502997217467,-0.3632442787570123
26754,Eduardo Bedia Peláez,309,4,Left Defensive Midfield,MID,0.0,0.0,7.0,2.0388349514563107,466.0,135.72815533980582,0.36075840192030983,0.10507526269523587,1.0108845061007887,0.2944323804177055
26775,Thievy Guivane Bifouma Koulossa,329,6,Substitute,Unknown,1.0,0.2735562310030395,5.0,1.3677811550151977,272.0,74.40729483282675,0.42113206564274797,0.11520330063175475,0.7390093200341799,0.20216060426466925
26780,Guilherme Magdalena Siqueira,283,3,Left Back,DEF,0.0,0.0,0.0,0.0,344.0,109.39929328621908,0.32653966584428756,0.1038465368409395,0.11916986864199862,0.03789854479780875
26848,Roberto Trashorras Gayoso,455,5,Left Center Midfield,MID,0.0,0.0,7.0,1.3846153846153846,543.0,107.4065934065934,0.3162582653809904,0.06255657996547064,0.7050762143523898,0.1394656248169562
27054,Roberto Lago Soto,481,6,Left Back,DEF,0.0,0.0,3.0,0.5613305613305614,400.0,74.84407484407485,0.16928332353818293,0.03167463434186375,0.37299971221364103,0.06979204594434031
27109,Youssef El-Arabi,721,8,Center Forward,FWD,4.0,0.49930651872399445,19.0,2.3717059639389735,453.0,56.546463245492376,0.87246423643988,0.10890677015199612,1.1559932981527496,0.1442987473422295
27122,Simão Mate,416,5,Center Defensive Midfield,MID,0.0,0.0,1.0,0.21634615384615385,389.0,84.15865384615385,0.15947099866640363,0.03450093721148155,0.5564470479002921,0.12038517863227473
27146,Aly Cissokho,473,5,Left Back,DEF,0.0,0.0,3.0,0.5708245243128964,506.0,96.27906976744185,0.37216654545015193,0.07081393042391897,-0.26413118705386296,-0.050257519735407326
27184,Marcos Alberto Angeleri,376,4,Right Center Back,DEF,0.0,0.0,0.0,0.0,204.0,48.82978723404255,0.15475282975163623,0.03704190073842357,0.16439373002503999,0.03934956303790851
27239,Aleksandar Pantić,563,6,Left Center Back,DEF,0.0,0.0,2.0,0.3197158081705151,298.0,47.63765541740675,0.06728792683495655,0.01075650695407831,0.351484467566479,0.05618757030370002
27241,Víctor Guillermo Álvarez Delgado,324,5,Left Wing,FWD,0.0,0.0,0.0,0.0,299.0,83.05555555555556,0.32508805549011427,0.09030223763614285,-0.0745773509584833,-0.020715930821800912
27243,Oriol Riera Magem,364,10,Substitute,Unknown,2.0,0.4945054945054945,15.0,3.708791208791209,260.0,64.28571428571429,0.07972033799822964,0.019711072581979856,0.7470914528821595,0.18472041417416032
27305,Germán Darío Lux,842,9,Goalkeeper,GK,0.0,0.0,0.0,0.0,506.0,54.0855106888361,0.44241069237458036,0.047288553816760365,-1.772591684726649,-0.18946941998265843
27341,Marcelo Alfonso Díaz Rojas,343,4,Left Defensive Midfield,MID,0.0,0.0,6.0,1.5743440233236152,454.0,119.12536443148689,0.48675045224906477,0.12771877755806363,0.2940878582092701,0.07716591031730119
27346,Petros Matheus dos Santos Araújo,651,7,Right Defensive Midfield,MID,0.0,0.0,2.0,0.2764976958525346,735.0,101.61290322580646,0.7326326490978453,0.10128561969094635,0.8430357245379128,0.11654871767805246
27347,Juan Manuel Vargas Risco,369,4,Left Back,DEF,2.0,0.4878048780487805,4.0,0.975609756097561,362.0,88.29268292682927,0.39632241758478914,0.09666400428897297,1.9216734697239009,0.4687008462741221
27349,Heiko Westermann,432,5,Left Center Back,DEF,0.0,0.0,4.0,0.8333333333333333,405.0,84.375,0.08561332600318525,0.017836109583996927,0.1528710333222989,0.031848131942145606
27403,Santiago Vergini,657,7,Right Center Back,DEF,0.0,0.0,1.0,0.136986301369863,545.0,74.65753424657534,0.16036651365286625,0.02196801556888579,1.2265540418738965,0.16802110162656117
27482,Aderllan Leandro de Jesus Santos,455,5,Left Center Back,DEF,0.0,0.0,3.0,0.5934065934065934,422.0,83.47252747252747,0.2365935406295865,0.04679872232233579,0.13784131631837226,0.027265315315721985
27483,Benoît Trémoulinas,568,6,Left Back,DEF,1.0,0.15845070422535212,1.0,0.15845070422535212,529.0,83.82042253521126,0.8361153721076786,0.13248306952410402,1.035312175125,0.16404594324163732
27595,Carlos Mario Carbonero Mancilla,272,5,Substitute,Unknown,0.0,0.0,3.0,0.9926470588235294,392.0,129.7058823529412,0.4359251055076284,0.14423992461649468,0.2471217921524076,0.08176824005042899
27656,Carl Medjani,282,3,Right Center Back,DEF,0.0,0.0,1.0,0.3191489361702128,205.0,65.42553191489361,0.2097173025758254,0.06693105401356131,0.3191928307933267,0.10187005238084895
27853,Mauro Matías Zárate,453,8,Substitute,Unknown,2.0,0.3973509933774834,17.0,3.377483443708609,421.0,83.64238410596026,0.6798449109566844,0.13506852535563266,2.159372080723406,0.42901432067352435
28251,Jorge Rolando Pereyra Díaz,338,5,Left Center Forward,FWD,2.0,0.5325443786982248,9.0,2.396449704142012,202.0,53.786982248520715,0.2384602728660903,0.06349533892884061,0.00826394259822838,0.0022004580882856633
28289,Gastón Alexis Silva Perdomo,322,4,Left Wing Back,DEF,0.0,0.0,3.0,0.8385093167701864,366.0,102.29813664596274,0.46758472308497095,0.1306913822287186,0.23847435844875875,0.06665432379002574
28559,Enner Remberto Valencia Lastra,488,6,Left Center Forward,FWD,1.0,0.18442622950819673,19.0,3.5040983606557377,303.0,55.88114754098361,0.4296803344888019,0.0792443239835905,1.1858389859262388,0.2186998129781998
29057,Renato Civelli,950,10,Right Center Back,DEF,0.0,0.0,5.0,0.47368421052631576,792.0,75.03157894736842,0.6381159976183248,0.06045309451120972,0.009138202396570705,0.0008657244375698562
29163,Josip Juranović,595,6,Right Back,DEF,0.0,0.0,2.0,0.3025210084033614,670.0,101.34453781512605,1.0798061389490305,0.1633320210175004,1.6505498501646798,0.24966300254591794
30111,Felix Eduardo Torres Caicedo,300,3,Right Center Back,DEF,0.0,0.0,4.0,1.2000000000000002,241.0,72.3,0.1424917221883719,0.04274751665651157,0.202891944849398,0.0608675834548194
30182,Dorian Lévêque,522,6,Left Back,DEF,0.0,0.0,2.0,0.3448275862068965,486.0,83.79310344827586,0.48025290621796113,0.08280222520999331,0.8731439052644419,0.15054205263180032
30255,Mustapha Yatabaré,402,7,Center Forward,FWD,1.0,0.22388059701492538,8.0,1.791044776119403,295.0,66.04477611940298,-0.13344980172952295,-0.02987682128272902,-0.4471667814941611,-0.10011196600615548
30289,Papiss Demba Cissé,483,7,Center Forward,FWD,1.0,0.1863354037267081,13.0,2.422360248447205,334.0,62.2360248447205,0.3765365395206109,0.0701620881094306,0.11043195973616093,0.020577383801769118
30291,Atila Turan,281,4,Left Back,DEF,1.0,0.32028469750889677,3.0,0.9608540925266904,274.0,87.75800711743771,0.15184250857434695,0.04863283192772678,1.2340057126355823,0.3952331463957381
30328,Ondrej Celustka,353,4,Right Center Back,DEF,0.0,0.0,0.0,0.0,302.0,76.9971671388102,0.10423375096958169,0.02657517730102649,0.392226091993507,0.10000098662723975
30338,André Biyogo Poko,816,10,Right Back,DEF,0.0,0.0,10.0,1.1029411764705883,827.0,91.21323529411764,0.7518614751520113,0.08292589799470713,0.1062241081672255,0.011715894283149871
30447,Jean-Armel Kana-Biyik,625,7,Right Center Back,DEF,1.0,0.14400000000000002,3.0,0.43199999999999994,598.0,86.112,0.4764456325622907,0.06860817108896987,1.5373369519074913,0.22137652107467873
30512,Aleksandar Trajkovski,520,8,Substitute,Unknown,0.0,0.0,12.0,2.076923076923077,413.0,71.48076923076923,0.17879066306294458,0.030944537837817334,-0.2605827924499754,-0.045100867924034206
30519,Mohamed Salisu,307,3,Left Center Back,DEF,1.0,0.2931596091205212,1.0,0.2931596091205212,233.0,68.30618892508143,0.1206537837905993,0.03537081609496396,0.8187152225582395,0.24001423462619398
30520,Makenzy Doniak,329,6,Left Wing,FWD,0.0,0.0,12.0,3.282674772036474,176.0,48.14589665653495,0.1322175340391241,0.03616893028425887,-0.11661652447469532,-0.03190117690797137
30524,Marisa Marie DiGrande,369,4,Left Defensive Midfield,MID,0.0,0.0,9.0,2.1951219512195124,342.0,83.41463414634147,0.43573578677470376,0.10627702116456189,0.4527646157803247,0.11043039409276212
30556,Bethany Balcer,398,7,Substitute,Unknown,2.0,0.45226130653266333,11.0,2.4874371859296485,248.0,56.08040201005026,0.027759942235822867,0.006277373872422257,0.8575435330421897,0.19391687933114843
30557,Casey Murphy,712,7,Goalkeeper,GK,0.0,0.0,0.0,0.0,492.0,62.19101123595506,0.15049766949424706,0.01902358181809303,-2.2611834760173224,-0.28582375399095367
30648,Dorian Bailey,529,6,Right Back,DEF,1.0,0.17013232514177695,2.0,0.3402646502835539,377.0,64.1398865784499,0.813287779369467,0.13836654091351988,0.6775804075587075,0.11527833020847575
30650,Samantha Staab,613,6,Left Center Back,DEF,0.0,0.0,1.0,0.1468189233278956,572.0,83.98042414355628,0.6179088647092169,0.09072071423136954,1.433968773085624,0.21053375135025476
30702,Brendan Joel Zibusiso Galloway,332,4,Left Back,DEF,1.0,0.27108433734939763,1.0,0.27108433734939763,187.0,50.69277108433735,0.40272631860646324,0.10917279721259544,0.5987365909677465,0.16230811200932888
30735,Mato Jajalo,495,6,Center Defensive Midfield,MID,0.0,0.0,5.0,0.9090909090909092,521.0,94.72727272727272,0.11449850601860652,0.020817910185201186,0.31698518092161976,0.057633669258476315
30745,Daniele Gastaldello,727,8,Left Center Back,DEF,1.0,0.12379642365887208,4.0,0.49518569463548834,651.0,80.59147180192572,0.46921992903420345,0.05808774912390414,1.020316344423918,0.126311514440375
30829,Lorenzo Lollo,855,11,Left Center Midfield,MID,1.0,0.10526315789473685,18.0,1.894736842105263,648.0,68.21052631578948,0.38101602212898406,0.040106949697787796,0.900593801838113,0.09479934756190664
30850,Maëlle Antonia Garbino,316,6,Substitute,Unknown,1.0,0.2848101265822785,13.0,3.70253164556962,290.0,82.59493670886076,0.24872575304151134,0.07083961320802538,0.37259853560430933,0.10611983608983494
30856,Julie Thibaud,413,5,Left Center Back,DEF,0.0,0.0,2.0,0.4358353510895884,456.0,99.37046004842615,0.26219508532461694,0.0571369435332095,0.45849152643897106,0.09991340769856513
30881,Emelyne Laurent,465,6,Right Midfield,MID,0.0,0.0,13.0,2.5161290322580645,388.0,75.09677419354838,0.7045579470433112,0.13636605426644732,0.4281408885435667,0.0828659784277871
30955,Phallon Tullis-Joyce,414,4,Goalkeeper,GK,0.0,0.0,0.0,0.0,184.0,40.0,0.04023062460233252,0.008745787957028808,0.05258443419006653,0.011431398736970983
30961,Naomie Feller,384,7,Substitute,Unknown,5.0,1.171875,10.0,2.34375,349.0,81.796875,0.8055763799233152,0.188806964044527,2.9081178230117075,0.681590114768369
30966,Morgane Nicoli,321,4,Right Center Back,DEF,1.0,0.2803738317757009,0.0,0.0,281.0,78.78504672897196,0.12793489707444755,0.03586959731059277,0.5300691224983893,0.14861751098085682
30971,Sandie Toletti,547,8,Right Defensive Midfield,MID,1.0,0.16453382084095064,5.0,0.8226691042047533,595.0,97.89762340036563,0.4967709192354898,0.08173561742448644,1.7588599361672532,0.28939194562166876
31029,Salis Abdul Samed,298,3,Left Defensive Midfield,MID,0.0,0.0,1.0,0.30201342281879195,243.0,73.38926174496645,0.07402036492517738,0.022355143769348874,0.17597700443002395,0.05314741744530924
31128,Solène Durand,289,3,Goalkeeper,GK,0.0,0.0,0.0,0.0,193.0,60.103806228373706,0.12045659001866796,0.03751243287778587,-0.8181239062105305,-0.2547790711382275
31146,Christy Grimshaw,360,4,Right Defensive Midfield,MID,0.0,0.0,6.0,1.5,307.0,76.75,0.7034929681812746,0.17587324204531862,0.8480446191388182,0.21201115478470456
31157,Hawa Cissoko,593,8,Left Center Back,DEF,1.0,0.15177065767284992,1.0,0.15177065767284992,474.0,71.93929173693085,0.3949235229478047,0.05993780280826715,2.2623405212070793,0.3433569087835365
31174,Jean-Daniel Akpa Akpro,832,9,Right Center Midfield,MID,2.0,0.21634615384615385,5.0,0.5408653846153847,839.0,90.75721153846153,0.9356017137390396,0.10120691614965573,1.0044966327259317,0.10865949152083396
31231,Davide Brivio,286,3,Left Back,DEF,0.0,0.0,1.0,0.3146853146853147,272.0,85.5944055944056,0.3346181101025535,0.10529940527702732,0.1777172013244126,0.0559249934237662
31273,Marco Crimi,388,7,Substitute,Unknown,0.0,0.0,3.0,0.6958762886597938,267.0,61.93298969072165,0.2281867237186079,0.0529299101409142,0.16781989562627858,0.03892729537722957
31296,Sébastien Aymar Bassong Nguena,910,10,Left Center Back,DEF,1.0,0.0989010989010989,8.0,0.7912087912087912,526.0,52.021978021978015,0.09702211258971111,0.00959559355282857,0.9738448017451447,0.09631432105171761
31488,Vangelis Moras,571,6,Right Center Back,DEF,0.0,0.0,3.0,0.47285464098073554,472.0,74.39579684763572,0.5582697081215391,0.08799347413474345,0.4926509215438273,0.07765075821181165
31527,Ebony Salmon,969,15,Substitute,Unknown,2.0,0.18575851393188852,34.0,3.1578947368421053,511.0,47.461300309597526,2.1064180362112537,0.19564254206296475,1.085452407391509,0.1008160130704188
31531,Lauren James,921,12,Right Wing,FWD,3.0,0.2931596091205212,33.0,3.224755700325733,849.0,82.9641693811075,2.217359807485796,0.21668011148069666,2.8638967779454543,0.2798596199946698
31532,Kirsty Hanson,503,6,Left Wing,FWD,6.0,1.073558648111332,12.0,2.147117296222664,469.0,83.91650099403579,1.8722026164141898,0.33498655164468605,4.0126853998954175,0.7179755188679674
31534,Ella Toone,1146,13,Center Attacking Midfield,MID,6.0,0.47120418848167545,25.0,1.963350785340314,1163.0,91.33507853403141,1.405690053615092,0.11039450682841037,0.7221428228269797,0.05671278713300888
31536,Millie Turner,861,9,Left Center Back,DEF,1.0,0.10452961672473868,10.0,1.0452961672473868,1163.0,121.56794425087108,0.4368465767659276,0.04566340523685654,1.2520278414449422,0.13087399039494169
31538,Mary Alexandra Earps,1242,12,Goalkeeper,GK,0.0,0.0,0.0,0.0,857.0,62.10144927536231,0.35812468409130865,0.02595106406458758,-3.849946786023793,-0.27898165116114443
31539,Leah Galton,673,8,Left Wing,FWD,0.0,0.0,10.0,1.337295690936107,583.0,77.96433878157504,0.6259467243208316,0.08370758571898194,-0.5298313450234708,-0.07085411746227693
31540,Katie Zelem,773,9,Center Defensive Midfield,MID,1.0,0.1164294954721863,9.0,1.0478654592496766,1122.0,130.63389391979302,1.4245679199705024,0.16586172418802744,3.4556903795122635,0.40234428739470085
31550,Angela Addison,355,6,Left Wing,FWD,0.0,0.0,4.0,1.0140845070422535,206.0,52.225352112676056,0.05638346789341173,0.014294400311005791,-0.0123800873181317,-0.0031386136862869094
31551,Kit Graham,351,7,Substitute,Unknown,0.0,0.0,7.0,1.794871794871795,296.0,75.8974358974359,0.551978107943885,0.14153284819073975,0.3043247111280216,0.07803197721231324
31553,Cecilie Redisch Kvamme,552,6,Right Wing Back,DEF,0.0,0.0,2.0,0.32608695652173914,543.0,88.53260869565217,0.721211827996696,0.11758888499946131,0.6714138420793461,0.10946964816511078
31555,Courtney Brosnan,1099,11,Goalkeeper,GK,0.0,0.0,0.0,0.0,895.0,73.29390354868062,0.2590964599395036,0.021218090440905665,-1.1339897389698308,-0.09286540173547296
31556,Laura Vetterlein,289,4,Left Center Back,DEF,0.0,0.0,1.0,0.31141868512110726,267.0,83.14878892733564,0.24954614694369603,0.07771333295824444,0.31445746250392403,0.09792792949949192
31558,Martha Thomas,561,7,Center Forward,FWD,3.0,0.48128342245989303,23.0,3.6898395721925135,373.0,59.83957219251337,0.28164010518124055,0.045182904574530565,1.5975744110473897,0.25629536006107856
31563,Rachel Williams,467,11,Substitute,Unknown,1.0,0.19271948608137046,16.0,3.0835117773019274,242.0,46.638115631691655,0.3658080442452457,0.07049833829137497,0.2863266693020705,0.05518072855928554
31566,Lucy Whipp,358,5,Center Defensive Midfield,MID,0.0,0.0,1.0,0.25139664804469275,241.0,60.58659217877095,0.09866115590502578,0.024803083886738325,0.35078882380586585,0.08818713447633499
31568,Rebecca Holloway,708,8,Left Back,DEF,0.0,0.0,0.0,0.0,582.0,73.98305084745763,0.4348934217872846,0.055283062091603975,0.562990396094392,0.07156657577471086
31572,Luca Marrone,472,6,Center Defensive Midfield,MID,0.0,0.0,4.0,0.7627118644067796,437.0,83.32627118644068,0.2055212187651002,0.039188367984870805,0.24596904803987127,0.046900877804212746
31614,Melvine Malard,291,7,Substitute,Unknown,1.0,0.30927835051546393,7.0,2.1649484536082477,237.0,73.29896907216495,0.4800467415850393,0.1484680644077441,0.5923927717052866,0.18321425929029483
31687,Adryan Oliveira Tavares,530,8,Left Wing,FWD,2.0,0.33962264150943394,7.0,1.1886792452830188,468.0,79.47169811320755,0.7125941051048219,0.12100654614987541,1.517370398928644,0.25766667151618483
31702,Rianna Dean,379,6,Substitute,Unknown,0.0,0.0,6.0,1.424802110817942,191.0,45.35620052770449,0.13200878981671404,0.031347733729562705,-1.091121599658413,-0.25910539305872604
31783,Estelle Cascarino,596,7,Left Center Back,DEF,0.0,0.0,3.0,0.4530201342281879,745.0,112.5,0.8091550323948717,0.12218784046231286,0.6168673731412273,0.09315111339380948
31787,Alice Benoit,688,8,Center Defensive Midfield,MID,0.0,0.0,7.0,0.9156976744186047,658.0,86.07558139534883,0.7396255761961054,0.09675334572332774,1.217954341952456,0.15932542263912944
31911,Damjan Đoković,542,7,Left Center Midfield,MID,1.0,0.16605166051660517,5.0,0.8302583025830258,527.0,87.50922509225093,0.8686715424724467,0.14424435207107048,2.0844142156681627,0.34612044171611556
31934,Cecelia Kizer,450,6,Left Wing,FWD,1.0,0.2,14.0,2.8,286.0,57.199999999999996,0.5689300090030982,0.11378600180061965,0.5074119609489571,0.10148239218979142
31936,Kristie Mewis,550,6,Left Center Midfield,MID,0.0,0.0,12.0,1.9636363636363638,523.0,85.58181818181818,0.04498735851742582,0.007361567757396953,-0.17468989557400344,-0.028585619275746016
31937,Ally Prisock,305,3,Left Center Back,DEF,1.0,0.29508196721311475,1.0,0.29508196721311475,262.0,77.31147540983606,0.09735159602091802,0.02872670046518892,1.2898399073746987,0.38060849725810786
32037,Nicola Leali,846,9,Goalkeeper,GK,0.0,0.0,0.0,0.0,444.0,47.234042553191486,0.2459080861155983,0.026160434693148757,-0.30281813463079743,-0.03221469517348909
32054,Jéssica da Silva,271,3,Right Center Forward,FWD,0.0,0.0,7.0,2.3247232472324724,201.0,66.75276752767527,1.253413212215682,0.41626269040373204,-0.19129567475465592,-0.06352992888531009
32087,Lydia Andrade,313,4,Left Midfield,MID,1.0,0.2875399361022364,4.0,1.1501597444089455,184.0,52.9073482428115,0.18342847136529788,0.05274301093570865,0.7721048363746377,0.22201097531539102
32099,Livia Peng,480,5,Goalkeeper,GK,0.0,0.0,0.0,0.0,405.0,75.9375,0.2945260683352752,0.05522363781286411,-1.863278630626155,-0.3493647432424041
32119,Leandro Greco,430,5,Center Defensive Midfield,MID,0.0,0.0,2.0,0.41860465116279066,467.0,97.74418604651163,0.5172429071107527,0.1082601433487622,0.6430960481197108,0.1346014984436604
32143,Diana Catarina Ribeiro Gomes,481,6,Right Center Back,DEF,0.0,0.0,1.0,0.18711018711018712,439.0,82.14137214137214,0.3145167662979252,0.058849290991295766,0.45066229527583346,0.08432350639256758
32148,Alice Tortelli,386,4,Left Center Back,DEF,0.0,0.0,0.0,0.0,335.0,78.10880829015544,0.2178749771250296,0.05079986513277892,0.06033967327675782,0.014068835738104156
32152,Francesca Durante,391,4,Goalkeeper,GK,0.0,0.0,0.0,0.0,284.0,65.37084398976981,0.13077910744654656,0.030102607852146267,-1.607180861319648,-0.3699393286925021
32161,Andrea Stašková,380,5,Center Forward,FWD,3.0,0.7105263157894737,12.0,2.8421052631578947,233.0,55.184210526315795,0.16465464704311655,0.03899715324705392,1.4947379572840873,0.3540168846199154
32162,Arianna Caruso,928,12,Right Defensive Midfield,MID,1.0,0.09698275862068965,30.0,2.90948275862069,993.0,96.30387931034483,1.1081017243839182,0.10746676206309552,1.475907834999496,0.1431376133081408
32169,Jamie-Lee Napier,708,8,Left Wing Back,DEF,0.0,0.0,2.0,0.2542372881355932,422.0,53.64406779661017,0.41385880614376486,0.052609170272512475,0.3070484332856722,0.03903158050241596
32210,Laia Aleixandri López,581,6,Right Center Back,DEF,1.0,0.1549053356282272,5.0,0.7745266781411358,915.0,141.73838209982787,0.5784903593648947,0.08961124327511277,1.7274535961914808,0.26759177910022935
32212,Angela Sosa Martín,313,4,Right Center Midfield,MID,0.0,0.0,1.0,0.2875399361022364,306.0,87.98722044728434,0.5613019245762021,0.16139671952670348,0.9767290366094094,0.2808486047758685
32213,Carmen Menayo Montero,509,6,Left Center Back,DEF,0.0,0.0,3.0,0.5304518664047151,637.0,112.63261296660119,0.4301762621035889,0.07606260037195088,0.6348563426255714,0.11225357728153522
32215,Leicy Maria Santos Herrera,330,4,Center Attacking Midfield,MID,1.0,0.2727272727272727,7.0,1.9090909090909092,450.0,122.72727272727272,0.28506960195154357,0.0777462550776937,0.9477052669646219,0.25846507280853326
32225,Caroline Møller Hansen,545,9,Center Forward,FWD,7.0,1.1559633027522938,19.0,3.137614678899083,341.0,56.31192660550459,0.3113170200948413,0.05141015010740498,5.5144961592708714,0.9106507418979422
32229,Sara Holmgaard,499,6,Left Wing Back,DEF,2.0,0.3607214428857715,4.0,0.721442885771543,457.0,82.4248496993988,0.1963949780190907,0.035421939923282894,1.457695141895325,0.26291094743603055
32230,Karen Holmgaard,629,10,Substitute,Unknown,2.0,0.2861685214626391,9.0,1.287758346581876,562.0,80.41335453100159,0.1845205356291066,0.026401984430237828,1.8937004191830056,0.2709587245253903
32232,Sanni Maija Franssi,884,11,Center Forward,FWD,2.0,0.20361990950226247,15.0,1.5271493212669682,578.0,58.84615384615385,0.3465852779267866,0.03528583146313439,0.7218043192260666,0.07348686507957691
32333,Lynn Wilms,571,8,Right Back,DEF,0.0,0.0,5.0,0.7880910683012259,733.0,115.53415061295972,0.7980697147015516,0.12579032280760008,1.0388786079646088,0.16374619039722382
32339,Daphne van Domselaar,482,5,Goalkeeper,GK,0.0,0.0,0.0,0.0,384.0,71.70124481327801,0.19750453624837674,0.036878440378327604,-1.0890570307092275,-0.20335089785027072
32340,Fenna Kalma,295,8,Substitute,Unknown,2.0,0.6101694915254237,17.0,5.186440677966102,174.0,53.08474576271187,-0.11815443396073111,-0.03604711544564678,-0.07011059709475376,-0.021389673689924876
32359,Friederike Abt,671,7,Goalkeeper,GK,0.0,0.0,0.0,0.0,417.0,55.931445603576755,0.17062822300256156,0.02288605077530632,-1.1263676180969924,-0.15107762388782311
32394,Khassa Camara,402,5,Center Defensive Midfield,MID,1.0,0.22388059701492538,10.0,2.238805970149254,406.0,90.8955223880597,0.31689925037422967,0.07094759336736485,1.2761429630045313,0.28570364843385027
32403,Emma Wilhelmina Koivisto,516,6,Right Back,DEF,0.0,0.0,5.0,0.872093023255814,509.0,88.77906976744185,0.33645340014272584,0.058683732583033575,0.09924214926688,0.01730967719771163
32418,Martina Fusini,463,6,Left Back,DEF,1.0,0.19438444924406048,2.0,0.38876889848812096,442.0,85.91792656587472,0.48076786423751094,0.0934537965040518,0.29347995058924425,0.05704793855946433
32419,Valery Vigilucci,336,5,Left Midfield,MID,0.0,0.0,6.0,1.607142857142857,168.0,45.0,0.13158555664101798,0.035246131243129815,-0.04928087242296897,-0.013200233684723832
32421,Kylie Strom,301,3,Left Back,DEF,0.0,0.0,1.0,0.29900332225913623,299.0,89.40199335548172,0.3280907207664261,0.09810021551155597,0.2233866138558369,0.06679333969111403
32456,Alexandra Jóhannsdóttir,336,6,Right Defensive Midfield,MID,1.0,0.26785714285714285,11.0,2.9464285714285716,259.0,69.375,0.015282969959940794,0.004093652667841284,0.4080371219897643,0.10929565767582972
32460,Karólína Lea Vilhjálmsdóttir,754,9,Center Attacking Midfield,MID,6.0,0.7161803713527851,15.0,1.7904509283819627,592.0,70.6631299734748,1.021419817292363,0.12192013734258975,3.991297514507547,0.47641482268657726
32525,Fabrizio Poli,322,4,Left Back,DEF,0.0,0.0,0.0,0.0,209.0,58.41614906832298,0.0037157834886708332,0.0010385730247837732,-0.048098923260113224,-0.013443798426739722
32584,Kristin Krammer,281,3,Goalkeeper,GK,0.0,0.0,0.0,0.0,186.0,59.5729537366548,0.03843164034547595,0.012309066302821478,-0.22150785697158426,-0.07094557696598784
32608,Jerry Uche Mbakogu,685,10,Center Forward,FWD,1.0,0.1313868613138686,16.0,2.1021897810218975,423.0,55.57664233576643,0.7992710239457952,0.10501371117535996,-0.7527048706669798,-0.09889553045259587
32694,Laia Codina Panedas,434,6,Left Center Back,DEF,1.0,0.2073732718894009,3.0,0.6221198156682028,610.0,126.49769585253456,0.3525313068892395,0.0731055705530681,1.1336241922399495,0.23508335783777753
32701,Caroline Pleidrup Gram,289,3,Left Center Back,DEF,1.0,0.31141868512110726,3.0,0.9342560553633218,303.0,94.3598615916955,0.2362681024167203,0.07357830179067414,1.2702998938814272,0.39559512266203617
32836,Carla Armengol Joaniquet,341,5,Right Midfield,MID,0.0,0.0,12.0,3.1671554252199416,275.0,72.58064516129032,0.4023323812649627,0.10618743200541537,0.05263267253758386,0.013891321197602776
32838,Claudia Pina Medina,634,10,Left Wing,FWD,4.0,0.5678233438485805,30.0,4.2586750788643535,879.0,124.77917981072555,0.8086933578142463,0.11479874164555548,1.7320066664879938,0.24586845423331144
32854,Racheal Kundananji,332,4,Center Forward,FWD,1.0,0.27108433734939763,13.0,3.524096385542169,240.0,65.06024096385542,0.9990685307549039,0.2708318306263294,0.789618972921744,0.2140533360330029
32892,Marija Banušić,483,7,Substitute,Unknown,2.0,0.3726708074534162,15.0,2.7950310559006213,260.0,48.4472049689441,0.7516394143408344,0.1400570337281058,1.4198027962620632,0.2645595272538006
32945,Franjo Prce,517,6,Left Center Back,DEF,0.0,0.0,2.0,0.3481624758220503,398.0,69.28433268858801,0.15726647292679705,0.02737714228899755,0.4064280910679372,0.07075150521492136
33018,Joško Gvardiol,721,7,Left Center Back,DEF,0.0,0.0,4.0,0.49930651872399445,916.0,114.34119278779474,1.1656766120900288,0.1455074827851631,0.9691675830545137,0.12097792298877424
33067,Shae Yanez,306,3,Goalkeeper,GK,0.0,0.0,0.0,0.0,241.0,70.88235294117646,0.07760190804704276,0.0228240906020714,-0.8921890177007299,-0.26240853461786173
33135,Maria Guadalupe Sanchez Morales,520,6,Left Wing,FWD,3.0,0.5192307692307693,7.0,1.2115384615384617,411.0,71.13461538461539,0.8319629970475022,0.14399359564283692,1.1329376800969475,0.19608536770908708
33178,Benjamin Moukandjo Bilé,337,6,Substitute,Unknown,3.0,0.8011869436201781,7.0,1.8694362017804154,255.0,68.10089020771514,0.300952290309179,0.08037301521610123,1.3093756647449712,0.34968489562922084
33311,Ogenyi Eddy Onazi,421,5,Right Center Midfield,MID,0.0,0.0,3.0,0.6413301662707839,562.0,120.14251781472684,0.1787406745980214,0.03821059551976705,0.561191749831778,0.11996973274313542
33340,Kayla Sharples,327,4,Right Center Back,DEF,0.0,0.0,1.0,0.27522935779816515,228.0,62.75229357798165,0.39038268104999835,0.10744477460091698,-0.11473509142524563,-0.031578465529884116
33367,Lauren Milliet,487,5,Right Back,DEF,1.0,0.18480492813141686,2.0,0.3696098562628337,506.0,93.51129363449692,0.9506862884694199,0.17569151121611457,1.2967490938317496,0.2396456230900564
33419,Joel Joseph Chianese,284,5,Center Attacking Midfield,MID,2.0,0.6338028169014085,5.0,1.5845070422535212,192.0,60.84507042253521,0.11595416578083399,0.03674603845167274,1.2535592045473167,0.39725467749738913
34146,Deshorn Brown,312,5,Center Forward,FWD,1.0,0.28846153846153844,10.0,2.884615384615384,139.0,40.09615384615385,0.31808547378798224,0.09175542513114872,-0.35426896827993914,-0.10219297161921322
34164,Patrick Flottmann,369,5,Left Center Back,DEF,1.0,0.24390243902439024,1.0,0.24390243902439024,276.0,67.3170731707317,0.13914735626905864,0.03393837957781918,0.7043230960553046,0.1717861209890987
34232,Grace Fisk,874,9,Right Center Back,DEF,0.0,0.0,3.0,0.30892448512585813,688.0,70.8466819221968,0.7569300638923971,0.07794474342141389,1.281398945604451,0.13195183650389083
34360,Alexandra MacIver,489,5,Goalkeeper,GK,0.0,0.0,0.0,0.0,388.0,71.41104294478528,0.10621526003096615,0.019548820864594998,-1.535386508126976,-0.28258647388840047
34497,Julia Karlenäs,295,5,Substitute,Unknown,2.0,0.6101694915254237,10.0,3.0508474576271185,225.0,68.64406779661017,0.0317350733781501,0.009681886793333929,0.687645512924064,0.20979015648530766
34499,Hanna Ulrika Bennison,632,11,Substitute,Unknown,2.0,0.2848101265822785,4.0,0.569620253164557,488.0,69.49367088607595,0.5678556143374917,0.08086551469995926,2.5162300356926863,0.35832389748788257
34500,Emma Nanny Charlotte Kullberg,276,4,Left Back,DEF,0.0,0.0,0.0,0.0,238.0,77.60869565217392,0.18673019301703997,0.06089028033164347,0.1873996632930357,0.06110858585642469
34565,Anthony Mounier,635,10,Right Wing,FWD,1.0,0.14173228346456693,7.0,0.9921259842519685,609.0,86.31496062992126,0.7587010283953736,0.10753242922139153,0.543577380187111,0.07704246333360629
34881,Daniele Padelli,852,9,Goalkeeper,GK,0.0,0.0,0.0,0.0,446.0,47.11267605633803,0.16582578882870697,0.017516808679088763,-1.0939499722444452,-0.1155580956596245
35039,Iván Garrido González,391,4,Left Center Back,DEF,0.0,0.0,3.0,0.690537084398977,468.0,107.7237851662404,0.6736399784583694,0.15505779555307736,-0.1038998423027806,-0.0239155647244252
35693,Mary Boio Fowler,381,7,Substitute,Unknown,4.0,0.9448818897637795,5.0,1.1811023622047243,362.0,85.51181102362204,1.0836074143763499,0.2559702553644921,1.3937156189833768,0.3292241619645772
36364,Dávid Ivan,622,9,Substitute,Unknown,0.0,0.0,2.0,0.28938906752411575,548.0,79.29260450160771,0.24052605101625565,0.03480280480942606,0.5601807605562499,0.08105509397116156
36770,Mauricio Ricardo Pinilla Ferreira,373,5,Center Forward,FWD,2.0,0.48257372654155495,12.0,2.89544235924933,228.0,55.01340482573726,0.8000018744949204,0.19302994290762154,-0.007356538595535755,-0.0017750361222472332
37726,Moisés Isaac Caicedo Corozo,300,3,Left Defensive Midfield,MID,0.0,0.0,5.0,1.5,302.0,90.6,0.2454876427645868,0.07364629282937604,0.7764571640968788,0.23293714922906367
37737,Angelo Smit Preciado Quiñónez,290,3,Right Back,DEF,0.0,0.0,6.0,1.8620689655172413,227.0,70.44827586206897,0.2996948744400856,0.09300875413657828,0.4157329107110854,0.12902055849654376
38004,Piero Martín Hincapié Reyna,300,3,Left Back,DEF,0.0,0.0,0.0,0.0,244.0,73.2,0.32941204928151885,0.09882361478445566,0.6351722870604135,0.19055168611812406
38237,Gabriel Alejandro Paletta,504,7,Left Center Back,DEF,0.0,0.0,1.0,0.17857142857142855,423.0,75.53571428571429,0.2253973954922345,0.04024953490932759,-0.3109478590195067,-0.05552640339634049
38317,Lisa Weiß,667,7,Goalkeeper,GK,0.0,0.0,0.0,0.0,414.0,55.862068965517246,0.12672229562057152,0.017098960428562873,-0.23712264618370682,-0.03199555945507289
38389,Alberto Gilardino,353,6,Center Forward,FWD,3.0,0.764872521246459,5.0,1.274787535410765,179.0,45.637393767705376,0.20816332401814677,0.05307280215760116,2.304982811998343,0.5876726716143084
39136,Illia Zabarnyi,287,3,Right Center Back,DEF,0.0,0.0,2.0,0.627177700348432,348.0,109.12891986062718,0.2219749506520109,0.06960886954244244,-0.23730531724868342,-0.0744163015762422
40118,Ikechi Anya,563,10,Substitute,Unknown,1.0,0.15985790408525755,2.0,0.3197158081705151,478.0,76.41207815275311,0.6764161379805699,0.10813046610701828,0.6580072331093252,0.10518765715779622
40121,Philipp Wollscheid,751,9,Left Center Back,DEF,0.0,0.0,0.0,0.0,580.0,69.50732356857523,0.39302466374443085,0.04710015943674937,0.29677428147988394,0.03556549312009261
40122,Oscar dos Santos Emboaba Júnior,404,6,Center Attacking Midfield,MID,1.0,0.22277227722772278,9.0,2.004950495049505,560.0,124.75247524752474,1.299452273759169,0.2894819421740723,0.9352960402968834,0.2083580287790087
40123,Robert Huth,769,8,Left Center Back,DEF,0.0,0.0,10.0,1.1703511053315994,391.0,45.760728218465545,0.09531081747350376,0.011154712058017343,-0.4866105334076565,-0.056950517563965
40250,Marco Zambelli,453,7,Right Back,DEF,0.0,0.0,0.0,0.0,466.0,92.58278145695364,0.6301138914415422,0.12518819035262427,0.5908073430473451,0.1173789423272871
40251,Daniele Croce,582,9,Left Center Midfield,MID,1.0,0.15463917525773196,6.0,0.9278350515463918,570.0,88.14432989690721,0.8303019635143434,0.1283972108527335,0.49226940009649844,0.076124134035541
40252,Massimo Maccarone,701,10,Left Center Forward,FWD,4.0,0.5135520684736091,23.0,2.9529243937232525,444.0,57.00427960057061,0.7361169937585901,0.09450860119582469,2.088126956427004,0.2680904794271475
40349,Ivaylo Chochev,348,5,Left Center Midfield,MID,0.0,0.0,4.0,1.0344827586206897,327.0,84.56896551724138,0.27656617715632087,0.07152573547146229,-0.06480557145550847,-0.016760061583321155
40350,Siniša Anđelković,279,3,Left Center Back,DEF,0.0,0.0,1.0,0.3225806451612903,161.0,51.935483870967744,0.06883359373013682,0.022204385074237686,-0.012346684728981927,-0.003982801525478041
40351,Alessandro Gazzi,277,4,Center Defensive Midfield,MID,0.0,0.0,0.0,0.0,353.0,114.69314079422382,0.13757696331790445,0.0447000963848787,0.4119019090139773,0.13383094516699623
40426,Guglielmo Stendardo,345,5,Right Center Back,DEF,0.0,0.0,2.0,0.5217391304347826,244.0,63.65217391304348,0.07060579111215662,0.018418902029258246,-0.057493847620207816,-0.014998395031358561
40427,Cesare Bovo,469,5,Right Center Back,DEF,0.0,0.0,4.0,0.767590618336887,696.0,133.56076759061835,0.6602487973032782,0.12670019564455234,0.8105154173340415,0.15553600759075423
40430,Giuseppe Vives,720,8,Center Defensive Midfield,MID,0.0,0.0,7.0,0.875,761.0,95.125,0.7741906546160978,0.09677383182701223,1.4405748283606954,0.18007185354508692
40484,Vincent Enyeama,854,9,Goalkeeper,GK,0.0,0.0,0.0,0.0,494.0,52.06088992974239,0.29794217946866997,0.031399058726206436,-0.7128419224172831,-0.07512385599245372
40486,Éric Bauthéac,674,8,Left Wing,FWD,0.0,0.0,14.0,1.8694362017804154,573.0,76.513353115727,0.007131600277505782,0.0009522908382426119,-0.12638951116916725,-0.016876937693212243
40521,Franck Signorino,948,10,Left Back,DEF,1.0,0.09493670886075949,1.0,0.09493670886075949,793.0,75.28481012658229,0.5712877823618747,0.054236181869798235,0.5948414980666712,0.05647229412025359
40522,Rio Antonio Zoba Mavuba,774,10,Center Defensive Midfield,MID,0.0,0.0,3.0,0.3488372093023256,758.0,88.13953488372093,0.3005576719573818,0.0349485665066723,0.3467266431689495,0.0403170515312732
40523,Marko Baša,359,4,Left Center Back,DEF,0.0,0.0,1.0,0.25069637883008355,291.0,72.95264623955431,0.14492495586310597,0.03633216163699036,0.1327222868858371,0.03327299671232685
40527,Brou Benjamin Angoua,281,3,Left Center Back,DEF,1.0,0.32028469750889677,2.0,0.6405693950177935,234.0,74.94661921708185,0.03820886628431011,0.012237715180028148,0.9068561876192689,0.29045215973570887
40533,Cédric Carrasso,871,9,Goalkeeper,GK,0.0,0.0,0.0,0.0,452.0,46.704936854190585,0.350513554860324,0.036218392580286064,-1.3018587137048598,-0.13452041817845856
40697,Mounir Obbadi,630,7,Left Center Midfield,MID,0.0,0.0,4.0,0.5714285714285714,836.0,119.42857142857143,0.3927725965766825,0.056110370939526075,0.834860981031321,0.11926585443304585
40698,Nicolas Seube,645,10,Center Defensive Midfield,MID,0.0,0.0,5.0,0.6976744186046512,469.0,65.44186046511628,0.397760287252935,0.055501435430642086,0.3604236501996638,0.05029167212088333
40699,Sylvain Armand,664,7,Left Center Back,DEF,0.0,0.0,3.0,0.4066265060240964,750.0,101.6566265060241,0.8586629572938677,0.11638503939224111,0.577119370282162,0.07822401103222075
40945,Alex Rodrigo Dias da Costa,570,7,Right Center Back,DEF,0.0,0.0,2.0,0.3157894736842105,441.0,69.63157894736841,0.17381677279593907,0.0274447535993588,0.09611046788631938,0.015175337034682008
40989,Annabella Madeleine Bixby,396,4,Goalkeeper,GK,0.0,0.0,0.0,0.0,167.0,37.95454545454545,0.09044116973944122,0.02055481130441846,-1.0951317189028487,-0.24889357247792013
40991,Madison Pogarch,384,7,Substitute,Unknown,1.0,0.234375,3.0,0.703125,356.0,83.4375,0.4807152964503533,0.11266764760555155,1.7467044249996544,0.409383849609294
41010,Kayla McCoy,706,8,Center Forward,FWD,4.0,0.509915014164306,13.0,1.6572237960339942,364.0,46.40226628895184,-0.13013053957698728,-0.016588878982902063,2.9417559770226944,0.3750113851728647
41950,Evelyne Viens,520,7,Center Forward,FWD,5.0,0.8653846153846154,15.0,2.5961538461538463,374.0,64.73076923076923,0.533061194010676,0.09226059127107854,3.2857183290761895,0.5686820184939559
41953,Amanda Kathleen McGlynn,305,3,Goalkeeper,GK,0.0,0.0,0.0,0.0,243.0,71.70491803278688,0.12698909305655925,0.037472191393738793,-1.2009117427223828,-0.35436739949185064
41955,Kaleigh Riehl,594,6,Right Center Back,DEF,0.0,0.0,1.0,0.15151515151515152,662.0,100.3030303030303,0.1965390125844385,0.029778638270369473,0.9187953072541859,0.13921141019002817
42201,Kate Del Fava,492,6,Right Back,DEF,0.0,0.0,5.0,0.9146341463414633,535.0,97.86585365853658,0.4359790298779973,0.07975226156304828,0.8862034391317284,0.1621103852070235
42207,Marissa Maeve Sheva,311,6,Substitute,Unknown,0.0,0.0,1.0,0.28938906752411575,188.0,54.40514469453376,0.08357323346929926,0.024185180103655734,-0.03408024355303496,-0.009862449902807545
42245,Hailie Mace,555,6,Left Back,DEF,0.0,0.0,4.0,0.6486486486486487,530.0,85.94594594594595,0.2990485057317528,0.04849435228082478,0.22981853304652033,0.037267870223760054
42247,Morgan Weaver,366,4,Left Wing,FWD,2.0,0.4918032786885246,15.0,3.6885245901639343,267.0,65.65573770491804,0.33203961199059884,0.08164908491572102,0.2080895797116682,0.051169568781557755
42248,Addisyn Merrick,313,4,Right Center Back,DEF,0.0,0.0,1.0,0.2875399361022364,296.0,85.11182108626198,0.22652443380409445,0.0651348212216246,0.228314844946377,0.06564963592707325
42256,Ashley Nicole Sanchez,561,6,Center Attacking Midfield,MID,1.0,0.16042780748663102,9.0,1.4438502673796794,336.0,53.90374331550802,0.586517615437787,0.09409373509697118,1.3687591566995252,0.21958703048655484
42257,Bianca St Georges,476,6,Right Midfield,MID,0.0,0.0,5.0,0.9453781512605043,414.0,78.27731092436974,0.5883324928096263,0.11123933687576967,-0.07592312827182468,-0.014355213328706347
42259,Carissa Miller,398,4,Goalkeeper,GK,0.0,0.0,0.0,0.0,234.0,52.914572864321606,0.08566535931057809,0.019371563663196048,-0.16809975646901876,-0.038012507744250475
42260,Natalie Jacobs,465,5,Right Center Back,DEF,0.0,0.0,3.0,0.5806451612903226,371.0,71.80645161290323,0.1515135773500168,0.02932520851935809,-0.05372109852032736,-0.010397631971676263
42262,Ella Stevens,412,6,Center Forward,FWD,2.0,0.4368932038834951,7.0,1.529126213592233,287.0,62.69417475728156,0.4566326953933833,0.09974986064418567,1.4274250787242782,0.31181615797375006
42428,Jonathan Ligali,284,3,Goalkeeper,GK,0.0,0.0,0.0,0.0,149.0,47.21830985915493,0.07952801689659508,0.025202540565822384,-0.1677269731007982,-0.053152914010816336
42430,Nicolas Maurice-Belay,522,8,Left Wing,FWD,1.0,0.17241379310344826,2.0,0.3448275862068965,627.0,108.10344827586206,1.0666041938458606,0.18389727480101042,0.9732964004506357,0.16780972421562684
42553,Katie Lund,487,5,Goalkeeper,GK,0.0,0.0,0.0,0.0,307.0,56.73511293634497,0.08316941993931247,0.015370118674616268,-0.8873012352560181,-0.1639776410124058
42700,Micah Richards,285,3,Center Back,DEF,0.0,0.0,2.0,0.631578947368421,255.0,80.52631578947368,0.15606152318165414,0.04928258626789079,0.04741041475790553,0.014971709923549114
42787,Mackenzie Arnold,1091,11,Goalkeeper,GK,0.0,0.0,0.0,0.0,923.0,76.14115490375802,0.3737633405287833,0.03083290618477589,-2.915883166861022,-0.240540316239681
42836,Ella Powell,419,6,Right Wing Back,DEF,0.0,0.0,2.0,0.42959427207637235,356.0,76.46778042959427,0.3125799322533133,0.06714127423102195,0.2636203365109395,0.056624893283972695
42900,Cheik Ismaël Tioté,270,5,Substitute,Unknown,0.0,0.0,0.0,0.0,344.0,114.66666666666667,0.12446093292466201,0.041486977641554006,0.5496143266209401,0.18320477554031336
42902,Adam Johnson,278,5,Substitute,Unknown,1.0,0.32374100719424465,3.0,0.9712230215827339,295.0,95.50359712230217,0.2747606187473008,0.088951279450565,0.39262260758224876,0.12710803842590787
43038,Marina Georgieva,313,5,Right Center Back,DEF,1.0,0.2875399361022364,1.0,0.2875399361022364,264.0,75.91054313099042,0.23351833685596662,0.06714584765826516,0.2133037974999752,0.06133336030350724
43039,Katharina Naschenweng,423,5,Left Back,DEF,2.0,0.425531914893617,2.0,0.425531914893617,525.0,111.70212765957446,0.6448739007818175,0.1372072129323016,1.7281082586655394,0.3676826082267105
43046,Barbara Dunst,458,5,Left Center Midfield,MID,1.0,0.1965065502183406,9.0,1.7685589519650655,581.0,114.17030567685589,0.6774155779983992,0.13311659829662867,0.9140483718360775,0.17961649228219861
43081,Almen Abdi,465,9,Right Midfield,MID,0.0,0.0,4.0,0.7741935483870968,486.0,94.06451612903226,0.4008398120243895,0.07758189910149475,0.22908160155429505,0.04433837449437969
44065,William Matheus da Silva,645,7,Left Back,DEF,0.0,0.0,0.0,0.0,626.0,87.34883720930233,0.8553779273933173,0.11935505963627684,1.050155121673015,0.14653327279158349
45020,Maria Luisa Grohs,387,4,Goalkeeper,GK,0.0,0.0,0.0,0.0,235.0,54.651162790697676,0.15078227195236116,0.03506564464008399,-0.7609439390071202,-0.1769637067458419
45288,Ana Marcos Moral,542,8,Center Forward,FWD,4.0,0.6642066420664207,26.0,4.317343173431735,223.0,37.02952029520295,-0.3003639884113314,-0.04987593903509193,2.8601073717291,0.4749255783314004
45295,Catalina Thomas Coll Lluch,906,9,Goalkeeper,GK,0.0,0.0,0.0,0.0,366.0,36.35761589403974,0.19372264275238757,0.019243971134343136,-0.7120815465168562,-0.07073657746856186
45374,Lisanne Gräwe,380,4,Center Defensive Midfield,MID,0.0,0.0,3.0,0.7105263157894737,529.0,125.28947368421052,0.3324412191490998,0.07873607821952364,0.5748456438595895,0.13614765249306066
45375,Julia Kassen,291,3,Goalkeeper,GK,0.0,0.0,0.0,0.0,152.0,47.01030927835052,0.043424689022086536,0.013430316192397899,-0.4207475212169811,-0.13012809934545808
45508,Emanuele Suagher,289,3,Left Center Back,DEF,0.0,0.0,0.0,0.0,96.0,29.896193771626297,0.13970695621507298,0.04350735660677013,0.08833876680000685,0.02751034260207826
45591,Franco Brienza,755,10,Left Center Midfield,MID,1.0,0.11920529801324503,16.0,1.9072847682119205,824.0,98.2251655629139,0.9115270099112142,0.10865884886358845,1.70931904264912,0.20375988587870306
45627,Mária Korenčiová,388,4,Goalkeeper,GK,0.0,0.0,0.0,0.0,279.0,64.71649484536083,0.13924584586808755,0.032299294144659485,-0.5579082900076173,-0.1294117167543442
45630,Amanda Tampieri,767,8,Goalkeeper,GK,0.0,0.0,0.0,0.0,396.0,46.466753585397655,0.141402856372195,0.016592251725550913,0.055884303350467235,0.006557480184539832
45631,Elena Pisani,752,8,Left Center Back,DEF,0.0,0.0,4.0,0.4787234042553191,481.0,57.56648936170213,0.10381289732112654,0.012424415902794401,-0.651636205468094,-0.07798837565442614
45638,Sofia Cantore,567,8,Right Wing,FWD,2.0,0.31746031746031744,14.0,2.2222222222222223,431.0,68.41269841269842,1.0023186560460806,0.15909819937239375,1.8663645803753752,0.2962483460913294
45639,Cecilia Re,800,9,Right Center Back,DEF,1.0,0.1125,7.0,0.7875000000000001,458.0,51.525,0.275895114835307,0.031038200418972036,1.1240953458182048,0.12646072640454803
45641,Melania Martinovic,316,6,Substitute,Unknown,5.0,1.4240506329113924,7.0,1.9936708860759493,182.0,51.83544303797468,0.21784097994598695,0.06204331707322413,3.325013650493929,0.9469975586849797
45667,María Dolores Gallardo Nuñez,491,5,Goalkeeper,GK,0.0,0.0,0.0,0.0,321.0,58.83910386965377,0.20519571263111983,0.03761224875112176,-0.6518483785330318,-0.11948340950707304
45727,Katja Schroffenegger,284,3,Goalkeeper,GK,0.0,0.0,0.0,0.0,178.0,56.40845070422536,0.06799493693411479,0.021547691281937786,-0.14697951136622578,-0.046578014165353246
45737,Martina Piemonte,497,8,Substitute,Unknown,0.0,0.0,11.0,1.9919517102615694,326.0,59.03420523138833,-0.05297639161610904,-0.009593310353017734,-0.7263993200322147,-0.13154112435191012
45739,Sara Baldi,299,4,Left Wing,FWD,1.0,0.3010033444816054,7.0,2.1070234113712374,243.0,73.1438127090301,0.8779165916011124,0.26425583024782645,1.0955834689957555,0.3297742883264816
45742,Flaminia Simonetti,400,7,Substitute,Unknown,1.0,0.225,4.0,0.9,469.0,105.525,0.3973224579987406,0.08939755304971664,1.1191111798253637,0.25180001546070685
45743,Martina Zanoli,293,4,Left Back,DEF,0.0,0.0,2.0,0.6143344709897611,297.0,91.22866894197952,0.07611856164837491,0.02338112815137796,0.24069068813696504,0.07393229328439199
45882,Kaja Eržen,405,5,Right Back,DEF,1.0,0.2222222222222222,0.0,0.0,376.0,83.55555555555556,0.8252715192309474,0.18339367094021053,1.0080527647805866,0.22401172550679702
45883,Agnese Bonfantini,373,5,Right Wing,FWD,2.0,0.48257372654155495,12.0,2.89544235924933,279.0,67.31903485254692,0.5129969576473461,0.12377942677818002,2.0861779349361314,0.5033673301454472
45884,Giada Greggi,567,9,Substitute,Unknown,1.0,0.15873015873015872,11.0,1.746031746031746,662.0,105.07936507936509,0.6377366285445049,0.10122803627690553,2.181277762521175,0.34623456547955156
45885,Camelia Ceasar,573,6,Goalkeeper,GK,0.0,0.0,0.0,0.0,396.0,62.19895287958115,0.11076007211880448,0.01739686996630437,-1.9383921373519115,-0.30445949801338923
45889,Lindsey Kimberley Thomas,418,7,Substitute,Unknown,5.0,1.076555023923445,10.0,2.15311004784689,381.0,82.03349282296651,1.1732645797082126,0.2526167755352611,3.2690630630240776,0.7038652528042272
45892,Veronica Battelani,271,6,Left Center Midfield,MID,0.0,0.0,3.0,0.9963099630996309,213.0,70.7380073800738,0.013679062753417622,0.004542862169031683,0.2934632311547175,0.09746011366761836
45893,Maria Luisa Filangeri,289,3,Right Center Back,DEF,1.0,0.31141868512110726,0.0,0.0,366.0,113.97923875432527,0.2924396586116333,0.09107117396210034,0.5296692723350134,0.16494890833962356
45894,Alice Pellinghelli,530,6,Right Back,DEF,0.0,0.0,0.0,0.0,386.0,65.54716981132076,0.710680570064749,0.12068160623741023,0.20278414653148502,0.03443504375062953
45895,Tecla Pettenuzzo,672,7,Left Center Back,DEF,0.0,0.0,2.0,0.26785714285714285,582.0,77.94642857142857,0.3736263716609052,0.05003924620458551,0.30679700954351574,0.04108888520672086
45896,Michela Cambiaghi,322,4,Center Forward,FWD,3.0,0.8385093167701864,12.0,3.3540372670807455,242.0,67.63975155279503,0.5188753704709185,0.14502727746081573,1.3938019794004504,0.38957198182000163
45903,Angelica Soffia,314,5,Left Back,DEF,1.0,0.28662420382165604,2.0,0.5732484076433121,313.0,89.71337579617834,0.313227282701006,0.08977852051939664,1.5849669296876527,0.4542898843053782
45906,Alice Corelli,528,8,Left Center Forward,FWD,0.0,0.0,10.0,1.7045454545454546,401.0,68.35227272727273,0.4900490915606545,0.0835310951523843,-0.6955825488839764,-0.11856520719613235
46224,Lucia Di Guglielmo,930,12,Right Back,DEF,3.0,0.2903225806451613,10.0,0.967741935483871,1063.0,102.87096774193549,0.4679242686765115,0.04528299374288821,2.792951651176205,0.27028564366221336
46225,Aurora De Rita,644,7,Right Back,DEF,1.0,0.13975155279503104,8.0,1.1180124223602483,438.0,61.2111801242236,0.43581392483075987,0.060905672724795634,1.645251568799722,0.22992646147822202
46228,Elisa Polli,292,5,Center Forward,FWD,1.0,0.3082191780821918,10.0,3.0821917808219177,190.0,58.561643835616444,0.2919971828061231,0.08999913168681876,0.40053434917354025,0.1234523678959542
46230,Chanté-Mary Dompig,434,7,Right Wing,FWD,1.0,0.2073732718894009,12.0,2.4884792626728114,400.0,82.94930875576037,0.8330456670389196,0.17275140560714922,-0.3602021286205854,-0.07469629395357763
46236,Doris Bačić,673,7,Goalkeeper,GK,0.0,0.0,0.0,0.0,438.0,58.57355126300149,0.18554177458452661,0.02481242156405259,-0.21509955925284885,-0.028765171371109056
46240,Michela Giordano,609,8,Right Center Midfield,MID,3.0,0.4433497536945813,11.0,1.6256157635467978,458.0,67.6847290640394,0.6435248337303295,0.09510219217689599,1.2133581294619944,0.1793140092800977
46331,Elisabetta Oliviero,975,10,Left Back,DEF,1.0,0.09230769230769231,15.0,1.3846153846153846,819.0,75.6,1.147088939975919,0.10588513292085405,0.9162689702352509,0.08457867417556161
46340,Margherita Monnecchi,358,5,Left Wing,FWD,1.0,0.25139664804469275,14.0,3.5195530726256985,322.0,80.94972067039106,0.8403650264981598,0.21126495079562677,0.8665143689010293,0.21783880782428108
46357,Debora Novellino,317,6,Right Back,DEF,0.0,0.0,0.0,0.0,195.0,55.36277602523659,0.24554090852444257,0.0697119298649837,0.10140388754371088,0.028789747252157664
46361,Martina Di Bari,427,6,Left Center Back,DEF,0.0,0.0,1.0,0.2107728337236534,370.0,77.98594847775175,0.006425385377014796,0.0013542966836799335,-0.023454726993804798,-0.004943619272698903
46459,Katja Snoeijs,605,7,Center Forward,FWD,0.0,0.0,7.0,1.0413223140495866,331.0,49.239669421487605,0.2161570328566722,0.032155591664628926,0.06831263477215543,0.010162210131395023
46533,Ramona Petzelberger,395,6,Substitute,Unknown,2.0,0.45569620253164556,5.0,1.139240506329114,312.0,71.0886075949367,0.05909277949366848,0.013464177606152313,1.802507774438709,0.4106979739227438
46534,Elisha N''Dow,627,8,Right Center Back,DEF,0.0,0.0,0.0,0.0,455.0,65.31100478468899,0.4168718837438407,0.059838069436914935,0.7416169112257194,0.10645218821421809
46535,Natalie Haigh,463,5,Left Center Back,DEF,0.0,0.0,0.0,0.0,327.0,63.56371490280778,0.1493386008426426,0.02902910167567567,0.14622662402689457,0.028424181776286202
46536,Caroline Siems,557,8,Left Back,DEF,0.0,0.0,3.0,0.48473967684021546,600.0,96.94793536804309,0.48732553349100965,0.07874200720680587,0.8141042398638092,0.13154287538194404
46537,Jodie Hutton,408,7,Left Wing Back,DEF,0.0,0.0,1.0,0.22058823529411764,284.0,62.647058823529406,0.21487506143187307,0.047398910609972006,-0.09639706798945553,-0.021264059115321074
46538,Ella Franklin-Fraiture,379,4,Right Back,DEF,0.0,0.0,0.0,0.0,341.0,80.97625329815304,0.2721718933607483,0.06463184802761833,0.35346193122677505,0.08393555095094922
46539,Nadine Hanssen,392,8,Substitute,Unknown,0.0,0.0,7.0,1.607142857142857,277.0,63.5969387755102,0.2550012510577812,0.05854620560000079,0.04742331203306094,0.01088800531371297
46541,Asmita Ale,604,9,Right Wing Back,DEF,0.0,0.0,0.0,0.0,561.0,83.59271523178808,0.2242766538463095,0.0334187066989534,0.31949976269644687,0.04760758053423877
46545,Carlotta Wamser,466,6,Right Back,DEF,1.0,0.19313304721030042,6.0,1.1587982832618027,431.0,83.2403433476395,1.0131838460271183,0.19567928356746922,0.5619453714170959,0.10853022194750778
46546,Elisa Senß,936,10,Right Defensive Midfield,MID,0.0,0.0,10.0,0.9615384615384616,838.0,80.57692307692308,0.4098644343374244,0.03941004176321389,0.6725418022071245,0.06466748098145428
46548,Stina Johannes,380,4,Goalkeeper,GK,0.0,0.0,0.0,0.0,289.0,68.44736842105263,0.1009844378525856,0.023917366859822903,-0.5530035567935556,-0.130974526609
46549,Nicole Anyomi,331,4,Right Center Forward,FWD,2.0,0.5438066465256798,8.0,2.175226586102719,227.0,61.722054380664645,0.1706009207022238,0.04638695729063487,1.1502254691440612,0.31275012756182935
46550,Lena Ostermeier,556,6,Left Back,DEF,0.0,0.0,3.0,0.48561151079136694,648.0,104.89208633093526,0.7709756984008964,0.12479822456129618,1.8167675903678173,0.294081084771769
46555,Jacqueline Meißner,574,6,Right Center Back,DEF,1.0,0.156794425087108,5.0,0.7839721254355401,584.0,91.5679442508711,0.7390028532309932,0.11587152751008604,1.3915220588969532,0.21818290122077666
46561,Katharina Piljić,532,6,Right Defensive Midfield,MID,0.0,0.0,2.0,0.3383458646616541,516.0,87.29323308270676,0.39755893016389576,0.06725620999013274,1.0491169789424166,0.1774821956857472
46639,Ona Batlle Pascual,1215,13,Left Back,DEF,4.0,0.2962962962962963,10.0,0.7407407407407408,2075.0,153.70370370370372,3.3740420794931296,0.249929042925417,2.917325040092692,0.21609815111797717
46670,Iván Rodrigo Piris Leguizamón,419,6,Left Center Back,DEF,0.0,0.0,0.0,0.0,326.0,70.02386634844869,0.27903091825151555,0.059935042106530785,0.34140854762517847,0.07333357824884502
46722,Julie Piga,653,8,Left Center Back,DEF,1.0,0.13782542113323124,4.0,0.5513016845329249,711.0,97.99387442572741,0.7852415983745525,0.10822625398730433,0.06752142526640091,0.009306168872857706
46737,Ella Jade Mastrantonio,333,4,Left Center Midfield,MID,0.0,0.0,2.0,0.5405405405405406,274.0,74.05405405405405,0.08652207707054575,0.02338434515420155,0.5991071166805924,0.16192084234610604
46738,Emma Bissell,712,14,Substitute,Unknown,1.0,0.12640449438202248,5.0,0.6320224719101123,314.0,39.69101123595506,0.23530296079297897,0.029743351785629365,0.7249463790034643,0.09163648049201092
46740,Grace Clinton,310,6,Substitute,Unknown,1.0,0.2903225806451613,6.0,1.7419354838709677,313.0,90.87096774193549,0.206897821036021,0.060067109333038354,0.6440591853606747,0.18698492478213136
46741,Naomi Layzell,665,7,Right Center Back,DEF,0.0,0.0,0.0,0.0,336.0,45.473684210526315,0.1968402784348354,0.026640037682910053,0.7009514671226498,0.09486561209178719
46801,Jaba Kankava,943,10,Left Defensive Midfield,MID,0.0,0.0,3.0,0.2863202545068929,926.0,88.37751855779428,0.6317495196224334,0.06029422774763416,1.1883305369119626,0.1134143672556486
46872,Sandra Starke,412,6,Center Attacking Midfield,MID,0.0,0.0,4.0,0.8737864077669902,278.0,60.72815533980583,0.0654009695221497,0.0142866195558094,-0.21015697919938248,-0.04590807798044763
46873,Sylwia Matysik,763,9,Right Back,DEF,0.0,0.0,3.0,0.3538663171690694,713.0,84.10222804718218,0.755076011049318,0.08906532240424458,0.9747289075748995,0.11497457625391999
46874,Lilla Turányi,596,7,Left Center Back,DEF,0.0,0.0,2.0,0.30201342281879195,679.0,102.53355704697988,0.28456863762629464,0.04297177413819886,0.4463093655795092,0.06739570956737555
46876,Henrietta Csiszár,350,5,Left Defensive Midfield,MID,1.0,0.2571428571428571,7.0,1.8,313.0,80.48571428571428,0.43309620769727175,0.11136759626501273,0.26642637996701524,0.06850964056294678
46877,Ereleta Memeti,382,4,Left Wing,FWD,1.0,0.23560209424083772,5.0,1.1780104712041886,259.0,61.02094240837696,0.41223261572695274,0.09712286757964855,0.9410743688495131,0.22171909213731986
46878,Dóra Zeller,320,4,Left Wing,FWD,0.0,0.0,6.0,1.6875,242.0,68.0625,0.19873995016298115,0.055895610983338444,-0.35936212954402436,-0.10107059893425685
46880,Giovanna Hoffmann,471,11,Substitute,Unknown,1.0,0.19108280254777069,10.0,1.9108280254777068,287.0,54.84076433121019,0.20799488736520366,0.03974424599335102,0.46388831676449627,0.08864107963652795
46881,Janina Minge,1089,11,Left Center Back,DEF,1.0,0.08264462809917356,12.0,0.9917355371900827,1433.0,118.4297520661157,0.8436849517071512,0.0697260290667067,2.217481512328959,0.18326293490321977
46882,Juliane Wirtz,436,5,Center Defensive Midfield,MID,1.0,0.20642201834862386,8.0,1.651376146788991,375.0,77.40825688073394,0.07065703031853847,0.01458516680887262,1.1573107086587697,0.23889441233781944
46884,Lisa Karl,650,8,Right Back,DEF,0.0,0.0,0.0,0.0,888.0,122.95384615384614,0.5117453693204472,0.0708570511366773,0.8001627237390494,0.11079176174848376
46890,Marie Müller,361,4,Left Back,DEF,1.0,0.24930747922437674,8.0,1.994459833795014,498.0,124.1551246537396,0.37556541397106713,0.09363126664098627,0.7662876917184126,0.19104125278298378
46891,Samantha Steuerwald,736,8,Right Center Back,DEF,0.0,0.0,8.0,0.9782608695652174,694.0,84.86413043478261,0.3025362500976768,0.03699492188694418,0.23344836084288545,0.02854667455959197
46894,Kristin Kögel,555,7,Left Wing,FWD,1.0,0.16216216216216217,12.0,1.945945945945946,538.0,87.24324324324324,0.3804055150106944,0.061687380812545045,1.2773538524759933,0.20713846256367457
46896,Elvira Herzog,389,4,Goalkeeper,GK,0.0,0.0,0.0,0.0,334.0,77.27506426735219,0.19878852479884088,0.04599220368096576,-0.43018173769814894,-0.09952790846486735
46941,Vivien Endemann,333,7,Substitute,Unknown,2.0,0.5405405405405406,12.0,3.2432432432432434,258.0,69.72972972972973,0.3358140083332892,0.09076054279278087,1.32945101254154,0.3593110844706865
46944,Vanessa Fürst,405,5,Right Center Back,DEF,1.0,0.2222222222222222,1.0,0.2222222222222222,363.0,80.66666666666666,0.253269597570155,0.05628213279336777,1.2132259453064762,0.2696057656236614
46952,Miray Cin,410,5,Center Attacking Midfield,MID,0.0,0.0,5.0,1.0975609756097562,307.0,67.39024390243902,0.23138032289948374,0.05079080258769155,0.09047955372056458,0.01986136545085564
46972,Luana Bühler,400,4,Right Center Back,DEF,0.0,0.0,1.0,0.225,589.0,132.525,0.4185551827618138,0.0941749161214081,0.04424067502259277,0.009954151880083372
46984,Gina-Maria Chmielinski,637,8,Center Attacking Midfield,MID,0.0,0.0,14.0,1.978021978021978,528.0,74.59968602825745,0.554573826185474,0.07835422975932914,0.4281484762837645,0.0604919354247077
46986,Lena Lattwein,370,5,Left Defensive Midfield,MID,2.0,0.4864864864864865,9.0,2.1891891891891895,366.0,89.02702702702703,0.266441499960752,0.06481009458504779,1.884324132668553,0.4583491133518102
46987,Jule Brand,842,11,Left Wing,FWD,4.0,0.4275534441805226,32.0,3.420427553444181,771.0,82.41092636579573,2.0838921295120474,0.22274381431838985,2.077751774618111,0.22208748184754157
46989,Paulina Käte Krumbiegel,284,3,Right Back,DEF,1.0,0.31690140845070425,3.0,0.9507042253521126,202.0,64.01408450704226,0.1656090310166168,0.05248173518132223,1.0787613012362272,0.3418609757438748
46991,Sophie Weidauer,554,6,Right Center Forward,FWD,4.0,0.6498194945848376,22.0,3.5740072202166067,390.0,63.35740072202166,0.0487817254578677,0.007924829045501973,3.1198825059254887,0.5068401182911444
46996,Celina Degen,362,4,Right Center Back,DEF,0.0,0.0,6.0,1.4917127071823204,321.0,79.80662983425414,0.25844198585784356,0.06425353239559647,-0.06612235837383196,-0.016439260369184742
46998,Zala Meršnik,488,5,Goalkeeper,GK,0.0,0.0,0.0,0.0,294.0,54.221311475409834,0.12307082530841044,0.022697488274092088,-0.7583805428876076,-0.13986526405714073
46999,Chantal Hagel,406,7,Left Center Midfield,MID,0.0,0.0,6.0,1.3300492610837438,369.0,81.79802955665023,0.3142063154322392,0.06965164627808258,0.21331904782284983,0.04728747365531154
47005,Lara Prašnikar,335,4,Left Center Forward,FWD,0.0,0.0,14.0,3.7611940298507465,345.0,92.68656716417911,0.6458726651486932,0.17351802944293251,-0.46161325145256704,-0.1240155003902419
47006,Sophia Kleinherne,385,4,Left Center Back,DEF,0.0,0.0,1.0,0.23376623376623376,517.0,120.85714285714285,0.3855057794131251,0.09011823414852274,0.7088721012987662,0.16571036134256872
47008,Sjoeke Nüsken,623,9,Right Defensive Midfield,MID,3.0,0.4333868378812199,24.0,3.467094703049759,735.0,106.17977528089888,0.892856088833012,0.12898402567411088,1.669150819274364,0.24112933183738808
47010,Michelle Ulbrich,533,6,Right Center Back,DEF,2.0,0.33771106941838647,5.0,0.8442776735459663,543.0,91.68855534709193,0.2975348538032479,0.05024040683356906,2.316617672187954,0.39117371575406357
47014,Ricarda Walkling,413,5,Left Center Midfield,MID,0.0,0.0,1.0,0.2179176755447942,321.0,69.95157384987894,0.09053173709514942,0.01972846571080738,0.2987063881591894,0.06509340177803158
47015,Nina Lührßen,474,5,Left Wing Back,DEF,2.0,0.37974683544303794,8.0,1.5189873417721518,486.0,92.27848101265822,0.8080462737226654,0.1534265076688605,2.1829370336177525,0.41448171524387706
47017,Lina Hausicke,365,4,Left Center Midfield,MID,0.0,0.0,5.0,1.2328767123287672,269.0,66.32876712328766,0.1261320679202285,0.03110105784334401,-0.7041694393701619,-0.17363082066661525
47018,Janina Hechler,290,3,Right Center Back,DEF,0.0,0.0,1.0,0.3103448275862069,280.0,86.89655172413794,0.08782291486723756,0.027255387372590967,0.09517266644979827,0.02953634476028222
47022,Laura Freigang,442,6,Center Attacking Midfield,MID,3.0,0.6108597285067874,13.0,2.6470588235294117,388.0,79.00452488687783,0.36538993592637464,0.07440066568636589,0.8231086158193648,0.16760130186367156
47104,Michaela Brandenburg,406,5,Center Back,DEF,0.0,0.0,1.0,0.22167487684729065,354.0,78.4729064039409,0.043661145596647535,0.009678579073148468,0.3269153909641318,0.07246892903145778
47116,Paola Di Marino,655,7,Right Center Back,DEF,0.0,0.0,0.0,0.0,539.0,74.06106870229007,0.381314605110749,0.052394373221324286,0.37492214227677323,0.05151601954948029
47520,Mollie Green,285,4,Right Center Midfield,MID,1.0,0.3157894736842105,8.0,2.526315789473684,164.0,51.78947368421053,0.1105894734118898,0.03492299160375467,0.8582910920376889,0.2710392922224281
47521,Alessia Russo,855,11,Center Forward,FWD,5.0,0.5263157894736842,37.0,3.8947368421052633,553.0,58.21052631578947,0.01814113160155432,0.0019095928001636128,1.218415491952328,0.12825426231077136
48074,Judith Steinert,535,7,Left Back,DEF,0.0,0.0,6.0,1.0093457943925233,623.0,104.80373831775701,0.5048595586830353,0.08492964538593117,0.8182583817542763,0.13765094272501846
49045,Victoria Krug,389,4,Left Center Back,DEF,0.0,0.0,2.0,0.4627249357326478,384.0,88.84318766066838,0.15410798084610416,0.03565480276645083,0.21589334058808163,0.04994961607436336
49172,Sophia Olivia Wilson,343,5,Center Forward,FWD,2.0,0.5247813411078717,19.0,4.985422740524782,288.0,75.56851311953353,1.041060602478429,0.27316458957159945,1.6466530674661044,0.4320664025421265
49695,Emma Severini,500,6,Left Defensive Midfield,MID,0.0,0.0,7.0,1.26,520.0,93.60000000000001,0.5077425874053851,0.09139366573296932,0.21124849877052476,0.038024729778694456
49697,Carlotte Wubben-Moy,715,8,Left Center Back,DEF,0.0,0.0,4.0,0.5034965034965035,1233.0,155.2027972027972,0.8378625415987607,0.10546521502641744,1.5127201346040238,0.1904123246354715
49807,Tuana Shahnis Cindy Mahmoud,321,4,Center Forward,FWD,1.0,0.2803738317757009,2.0,0.5607476635514018,241.0,67.57009345794393,0.7900126041992803,0.2214988609904524,0.9026386920869118,0.25307626880941453
49830,María Isabel Rodríguez Rivero,780,8,Goalkeeper,GK,0.0,0.0,0.0,0.0,436.0,50.30769230769231,0.152513216030201,0.017597678772715498,-0.6375952808011789,-0.07356868624628987
49831,Ivana Andrés Sanz,743,8,Left Center Back,DEF,0.0,0.0,6.0,0.7267833109017496,876.0,106.11036339165545,0.9311545860422119,0.11279126883418447,0.2032067110267235,0.024614541039576197
49833,Lorena Navarro Domínguez,555,9,Left Center Midfield,MID,0.0,0.0,6.0,0.972972972972973,493.0,79.94594594594595,0.11159674279818814,0.01809676910240889,0.36964221178065054,0.059941980288754144
49835,Teresa Abelleira Dueñas,905,12,Center Defensive Midfield,MID,0.0,0.0,19.0,1.8895027624309393,1446.0,143.8011049723757,1.0425512615939825,0.10367913098724688,2.073850214759936,0.2062392478766787
49836,Olga  Carmona García,985,11,Left Back,DEF,3.0,0.27411167512690354,17.0,1.5532994923857868,1415.0,129.28934010152284,2.6838923900303793,0.24522874629719202,4.526205087339273,0.4135618861528269
49839,Jessica Dahiana Martínez Villagra,322,4,Center Forward,FWD,1.0,0.2795031055900621,16.0,4.472049689440993,186.0,51.98757763975155,0.04326146285205554,0.01209171321951863,-0.04032498627202585,-0.011270958895907845
49840,Claudia Florentino Vivó,780,8,Right Center Back,DEF,0.0,0.0,5.0,0.5769230769230769,761.0,87.8076923076923,0.36352973882062506,0.041945739094687504,0.5342032366170315,0.06163883499427286
49865,Ena Mahmutovic,475,5,Goalkeeper,GK,0.0,0.0,0.0,0.0,392.0,74.27368421052631,0.2635488870616539,0.04993557860115548,-0.33022411965066567,-0.06256878056538928
49887,Esther Sullastres Ayuso,491,5,Goalkeeper,GK,0.0,0.0,0.0,0.0,320.0,58.65580448065173,0.13357614094469158,0.0244844250204119,0.024822269391734153,0.004549906813148826
49889,Oihane Hernández Zurbano,697,9,Right Back,DEF,1.0,0.1291248206599713,2.0,0.2582496413199426,835.0,107.81922525107603,0.4340408607359106,0.056045448301624036,0.7411489400692517,0.09570072396876994
49898,Ainoa Campo Franco,428,5,Right Center Back,DEF,0.0,0.0,4.0,0.8411214953271028,362.0,76.1214953271028,0.4550152761099428,0.09568078235956741,0.2782364383165259,0.058507662262820864
49900,Iris Arnaiz Gil,497,8,Center Defensive Midfield,MID,0.0,0.0,3.0,0.5432595573440644,603.0,109.19517102615694,0.43992417457172595,0.07966433744759625,0.2769281351938844,0.050147952047182275
49901,Nerea Nevado Gómez,937,11,Left Back,DEF,1.0,0.096051227321238,8.0,0.768409818569904,1292.0,124.09818569903949,1.180761231179449,0.1134135654281221,2.4636551964627578,0.2366371053165936
49902,Ainhoa Vicente Moraza,355,4,Right Back,DEF,1.0,0.2535211267605634,1.0,0.2535211267605634,401.0,101.66197183098592,0.4144912987063342,0.1050823010804791,0.5411798258137424,0.1372005192203854
49907,Andrea Maddalen Sierra Larrauri,325,4,Right Wing Back,DEF,0.0,0.0,1.0,0.27692307692307694,294.0,81.41538461538461,0.3391122279723377,0.09390800159233967,0.08569813860231079,0.023731792228332223
49910,Gabriela Antonia García Segura,470,5,Left Defensive Midfield,MID,0.0,0.0,6.0,1.1489361702127658,487.0,93.25531914893618,0.12697763695069875,0.024314866650133802,0.4155078837356996,0.07956533943875098
49912,Oihane Valdezate Cabornero,340,5,Right Center Back,DEF,1.0,0.2647058823529412,3.0,0.7941176470588235,635.0,168.08823529411765,0.6277263280780908,0.16616285155008287,0.8868852896848693,0.23476375315187717
49913,Athenea del Castillo Belvide,833,12,Left Wing,FWD,5.0,0.5402160864345739,25.0,2.701080432172869,790.0,85.35414165666266,1.9664861155557702,0.21246548667469306,1.5309641795775182,0.165410295512577
49918,Bibiane Schulze-Solano,346,4,Left Center Back,DEF,0.0,0.0,2.0,0.5202312138728323,435.0,113.15028901734104,0.2927890232648216,0.07615899449084955,0.08621148692327552,0.02242495324593872
49922,Madeleine Steck,580,6,Right Center Back,DEF,0.0,0.0,1.0,0.15517241379310345,510.0,79.13793103448276,0.27416076761894687,0.0425421880788021,0.8975057124334853,0.1392681277914029
49939,Elba Verges Prats,395,4,Right Center Back,DEF,1.0,0.22784810126582278,5.0,1.139240506329114,248.0,56.50632911392405,0.04493931836099442,0.010239338360732906,0.1424963741301326,0.032467528282815024
49940,Alejandra Bernabe De Santiago,547,8,Left Back,DEF,1.0,0.16453382084095064,2.0,0.3290676416819013,613.0,100.85923217550274,0.6970469369645266,0.11468779584425483,0.7755440811710432,0.1276032309056561
49943,Paola Soldevila de la Pisa,690,7,Center Defensive Midfield,MID,0.0,0.0,1.0,0.13043478260869565,506.0,66.0,0.08669666761951336,0.01130826099384957,0.3109289531421382,0.04055595040984412
49945,Manuela Vanegas Cataño,580,7,Left Center Back,DEF,2.0,0.3103448275862069,8.0,1.2413793103448276,846.0,131.27586206896552,0.6702985000525246,0.10401183621504692,1.363498502978473,0.2115773539104527
49950,Xenia Perez,436,6,Left Center Back,DEF,1.0,0.20642201834862386,5.0,1.0321100917431194,551.0,113.73853211009174,0.19543116788363332,0.04034129612276834,1.2265357642900199,0.25318398804151787
49972,Martina Lenzini,753,9,Right Back,DEF,0.0,0.0,1.0,0.1195219123505976,803.0,95.97609561752988,1.146593000185539,0.13704298806998474,1.0630216707504587,0.12705438295822216
49974,Michela Catena,470,5,Left Wing,FWD,1.0,0.19148936170212766,14.0,2.6808510638297873,496.0,94.97872340425532,1.015191849423481,0.19439843925130487,1.1131526333774673,0.21315688724249374
49989,Aline Villares Reis,792,8,Goalkeeper,GK,0.0,0.0,0.0,0.0,510.0,57.95454545454545,0.2711905875873001,0.030817112225829554,-1.306369537487626,-0.14845108380541205
49991,Ange N'Guessan,624,8,Right Wing,FWD,2.0,0.28846153846153844,6.0,0.8653846153846154,390.0,56.25,0.9450018249888443,0.1362983401426218,-0.3584634130966151,-0.05170145381201179
49992,Patricia Gavira Collado,889,9,Left Center Back,DEF,0.0,0.0,3.0,0.30371203599550056,794.0,80.38245219347581,0.4042001963626992,0.0409201548623655,0.3528941830736585,0.03572607027742324
49993,Natalia Ramos Álvarez,627,7,Center Defensive Midfield,MID,0.0,0.0,7.0,1.0047846889952152,515.0,73.92344497607655,0.2577158459749881,0.03699270516387389,0.8749713953970931,0.1255939802005397
49995,Laura Domínguez Rojo,787,9,Left Wing Back,DEF,1.0,0.11435832274459976,7.0,0.8005082592121983,761.0,87.02668360864041,1.609764935648529,0.18409001805383432,1.9577721878449665,0.22388754371797587
49997,Paola Ulloa Jiménez,889,9,Goalkeeper,GK,0.0,0.0,0.0,0.0,377.0,38.166479190101235,0.12128891266569075,0.01227896753645913,0.39650521797011606,0.04014113567751457
49998,Cristina Martín-Prieto Gutierrez,605,7,Center Forward,FWD,4.0,0.5950413223140496,24.0,3.5702479338842976,306.0,45.5206611570248,0.49099959291220663,0.07304126175553487,2.3414610020117834,0.3483165126959678
50001,Itziar Pinillos Moreno,777,9,Right Wing Back,DEF,1.0,0.11583011583011582,4.0,0.4633204633204633,738.0,85.48262548262548,0.5946033949423947,0.06887298010915768,1.1882540537044406,0.13763560467619002
50003,Antonia Ronnycleide da Costa Silva,637,7,Right Wing Back,DEF,1.0,0.141287284144427,7.0,0.989010989010989,839.0,118.54003139717426,1.0205498721627457,0.14419071977181652,1.8757321493467316,0.26501710116358845
50008,Raquel Peña Rodríguez,368,5,Left Back,DEF,0.0,0.0,1.0,0.24456521739130435,465.0,113.72282608695652,0.46566963164339686,0.11388659469539598,0.9928982452417258,0.2428283751949873
50014,Macarena Portales Nieto,539,6,Left Wing,FWD,0.0,0.0,5.0,0.8348794063079777,450.0,75.139146567718,0.7206520416989848,0.12033150974565608,0.23704342207277662,0.039580534297866225
50017,Yerliane Glamar Moreno Hernández,597,8,Substitute,Unknown,0.0,0.0,4.0,0.6030150753768845,436.0,65.7286432160804,-0.10329286030307465,-0.015571787985388138,0.4625729928375222,0.06973462203580735
50020,Antionette Oyedupe Payne,569,7,Right Wing,FWD,3.0,0.47451669595782076,9.0,1.4235500878734622,401.0,63.427065026362044,0.9718034108794104,0.1537123145503461,3.408129214257235,0.5390714047155556
50042,Maria Inmaculada Gabarro Romero,431,6,Left Wing,FWD,2.0,0.4176334106728538,22.0,4.593967517401392,364.0,76.0092807424594,0.5887782799140908,0.12294674058530898,1.5824647796689533,0.33044508160140557
50097,Dorine Nina Chuigoue,290,3,Left Center Back,DEF,0.0,0.0,4.0,1.2413793103448276,174.0,54.0,0.07672448785990926,0.023811047956523564,0.16005856107221916,0.04967334653965422
50098,Rosa Márquez Baena,432,5,Left Defensive Midfield,MID,0.0,0.0,7.0,1.4583333333333333,482.0,100.41666666666666,0.3303194963271143,0.06881656173481548,0.3945921624494949,0.08220670051031144
50100,Rosa Otermin Abella,393,6,Left Back,DEF,0.0,0.0,7.0,1.6030534351145038,463.0,106.03053435114504,0.6594435891014782,0.151017615824766,0.5026798443332081,0.11511752160302476
50102,María Llompart Pons,473,6,Left Center Midfield,MID,2.0,0.3805496828752643,13.0,2.473572938689218,327.0,62.219873150105705,0.02533147132542255,0.0048199416898267,1.089930589996607,0.20738637018962924
50105,Ana González Rosa,735,9,Center Defensive Midfield,MID,0.0,0.0,6.0,0.7346938775510204,876.0,107.26530612244899,0.23401332630830093,0.02865469301734297,0.4305548070988152,0.052720996787610025
50111,Juliana Aparecida Paulino Cardozo,393,4,Center Back,DEF,0.0,0.0,0.0,0.0,203.0,46.48854961832061,0.1112328398970969,0.025473169442083263,-0.30616014389670454,-0.07011301005268042
50112,Eva Llamas Hernández,480,5,Right Center Back,DEF,1.0,0.1875,5.0,0.9375,307.0,57.56249999999999,0.06932918249561708,0.012999221717928201,0.4623258678475395,0.08668610022141365
50113,Ane Campos Andueza,446,5,Center Forward,FWD,0.0,0.0,1.0,0.20179372197309417,235.0,47.421524663677125,0.1655227096914684,0.033401443659713356,-0.32997895767365115,-0.06658768204176817
50117,Nuria Ligero Fernández,487,5,Right Back,DEF,0.0,0.0,0.0,0.0,444.0,82.05338809034907,0.23214971895798914,0.0429024121277598,0.6973588177643251,0.1288753461987459
50118,Andrea Medina,545,6,Left Back,DEF,1.0,0.1651376146788991,3.0,0.4954128440366973,671.0,110.80733944954127,0.6892457633463807,0.11382040128655826,1.1262529479718069,0.1859867253531424
50126,Aída Esteve Quintero,310,9,Substitute,Unknown,2.0,0.5806451612903226,9.0,2.6129032258064515,278.0,80.70967741935483,0.3516916356362213,0.10210402324922555,1.8651079646789004,0.5414829574874227
50146,Esther Gonzalez Rodríguez,393,6,Center Forward,FWD,1.0,0.22900763358778628,17.0,3.893129770992366,259.0,59.31297709923663,-0.41723472503574616,-0.09554993703108691,-1.0522981881222222,-0.24098431789058522
50147,Carolina Férez Méndez,358,5,Center Attacking Midfield,MID,0.0,0.0,2.0,0.5027932960893855,266.0,66.87150837988827,0.3201002773363714,0.08047213676054031,-0.11149662538408302,-0.028029877889853273
50151,Alba María Redondo Ferrer,647,9,Right Wing,FWD,9.0,1.2519319938176199,19.0,2.6429675425038637,503.0,69.96908809891808,0.6092147101335296,0.08474393185783255,7.3334904161747545,1.0201145864848964
50152,Eva Maria Navarro,588,9,Left Wing,FWD,4.0,0.6122448979591837,12.0,1.8367346938775508,460.0,70.40816326530611,1.3587733487885505,0.2079755125696761,3.4625566105532926,0.5299831546765243
50153,Rocío Gálvez Luna,480,5,Right Center Back,DEF,0.0,0.0,1.0,0.1875,541.0,101.43750000000001,0.42853781276144015,0.08035083989277002,-0.5007748895150144,-0.0938952917840652
50156,Claudia  Zornoza Sánchez,663,10,Left Defensive Midfield,MID,2.0,0.2714932126696833,15.0,2.0361990950226243,909.0,123.39366515837104,0.8991952076037083,0.12206269786475679,2.0160979506224392,0.27367845483562525
50162,Fiamma Iannuzzi,550,7,Left Center Midfield,MID,1.0,0.16363636363636364,12.0,1.9636363636363638,713.0,116.67272727272727,0.7625799369470089,0.12478580786405599,1.1356635302845388,0.18583585041019726
50168,Laia Balleste,492,6,Right Defensive Midfield,MID,0.0,0.0,5.0,0.9146341463414633,258.0,47.19512195121951,0.323267762533656,0.05913434680493708,0.053604830347467214,0.00980576164892693
50175,Paula Tomás Serer,460,6,Left Back,DEF,0.0,0.0,8.0,1.565217391304348,587.0,114.84782608695653,0.5714513595133809,0.11180570077435713,0.415804341053823,0.08135302324966102
50193,Anouk Denton,293,5,Right Wing Back,DEF,0.0,0.0,1.0,0.30716723549488056,226.0,69.419795221843,0.41203367430391397,0.12656324466673127,0.28262828750303015,0.08681414974495806
50266,Sara Caiazzo,673,7,Left Center Back,DEF,0.0,0.0,4.0,0.5349182763744428,366.0,48.94502228826151,0.15764717191834057,0.02108208836946605,-0.5454750638746191,-0.07294614524326258
50328,Teresa Merida Cañete,330,4,Left Center Back,DEF,0.0,0.0,1.0,0.2727272727272727,288.0,78.54545454545455,0.22463448962087018,0.06126395171478277,0.09740997082553804,0.02656635567969219
50355,María Asunción Quiñones Goikoetxea,385,4,Goalkeeper,GK,0.0,0.0,0.0,0.0,237.0,55.4025974025974,0.0694419492259295,0.01623318293593157,-0.7167287233169191,-0.16754697428187718
50358,Itxaso Uriarte Santamaría,711,8,Center Defensive Midfield,MID,0.0,0.0,4.0,0.5063291139240507,745.0,94.30379746835442,0.2338421330308994,0.029600270003911317,0.4008874575520167,0.05074524779139452
50359,Ana Tejada Jimenez,294,3,Right Center Back,DEF,0.0,0.0,1.0,0.30612244897959184,316.0,96.73469387755102,0.17211548823847841,0.052688414766881145,0.33482193380768877,0.10249651034929248
50360,Núria Mendoza Miralles,662,7,Center Back,DEF,0.0,0.0,0.0,0.0,922.0,125.3474320241692,0.6351225548619207,0.08634596667307079,-0.44496527763840277,-0.06049376886322696
50361,Lucía María Rodríguez Herrero,357,5,Right Back,DEF,0.0,0.0,2.0,0.5042016806722689,390.0,98.31932773109243,0.7388947283321757,0.18627598193248127,0.6017371657653712,0.1516984451509339
50362,Nuria Rábano Blanco,453,6,Left Back,DEF,0.0,0.0,3.0,0.5960264900662252,589.0,117.01986754966887,0.459684427637318,0.0913280319809241,1.0321438185570295,0.20506168580603235
50363,Cecilia Marcos Nabal,296,6,Right Wing,FWD,1.0,0.30405405405405406,6.0,1.8243243243243243,218.0,66.28378378378379,0.6247811784301113,0.18996725019834465,-0.023883347376948222,-0.007261828594342365
50365,Leire Baños Indakoetxea,550,6,Right Defensive Midfield,MID,0.0,0.0,3.0,0.49090909090909096,660.0,108.0,0.35888902259280636,0.05872729460609559,0.6489318919775542,0.10618885505087251
50366,Nerea Eizaguirre Lasa,774,9,Left Wing,FWD,3.0,0.3488372093023256,21.0,2.441860465116279,824.0,95.81395348837209,1.2033303922876677,0.13992213863810088,2.4299859513763806,0.2825565059739978
50368,Amaiur Sarriegi,404,6,Left Wing,FWD,0.0,0.0,20.0,4.455445544554456,287.0,63.93564356435643,0.6555286147571069,0.14603360229737528,-0.5602083904668689,-0.12479889886638167
50369,Maddi Torre Larrañaga,1064,11,Left Center Back,DEF,0.0,0.0,5.0,0.42293233082706766,1392.0,117.74436090225564,1.219752014293725,0.10317451248725118,0.4577549880486913,0.038719876808629906
50371,Adriana Nanclares Romero,679,7,Goalkeeper,GK,0.0,0.0,0.0,0.0,422.0,55.93519882179676,0.163582252074577,0.021682478183669997,-1.1109180211205967,-0.14724981134146348
50372,Ane Etxezarreta Ayerbe,579,8,Right Center Back,DEF,0.0,0.0,2.0,0.31088082901554404,754.0,117.20207253886011,0.45789701797847027,0.07117570227644615,0.14774995234620292,0.022966313836197346
50374,Lucía Gómez García,385,6,Substitute,Unknown,0.0,0.0,2.0,0.4675324675324675,280.0,65.45454545454545,0.25100627368993983,0.05867679125219372,0.3655826620524749,0.08546088203824088
50375,María Méndez Fernández,706,7,Right Center Back,DEF,1.0,0.1274787535410765,2.0,0.254957507082153,884.0,112.69121813031161,0.5329830175169858,0.06794401073162709,0.8443686332902871,0.1076390609010281
50376,Silvia Lloris,505,7,Left Center Back,DEF,0.0,0.0,5.0,0.8910891089108911,614.0,109.42574257425743,0.27537640039146766,0.04907698224798434,0.5498859848303255,0.09799948244500849
50391,Samantha Hiatt,414,4,Left Center Back,DEF,0.0,0.0,1.0,0.21739130434782608,444.0,96.5217391304348,0.24885374722117076,0.05409864070025451,-0.715865616890369,-0.15562296019355848
50818,Julia Aguado,324,5,Substitute,Unknown,0.0,0.0,9.0,2.5,194.0,53.888888888888886,0.29400695126837056,0.08166859757454738,-0.4775944698776584,-0.13266513052157178
50819,Esther Martín-Pozuelo Aranda,594,7,Left Back,DEF,0.0,0.0,2.0,0.30303030303030304,552.0,83.63636363636364,0.7494959194856102,0.11355998780085004,0.5685339874890633,0.08614151325591868
50820,Marta Carro Nolasco,432,6,Center Defensive Midfield,MID,0.0,0.0,5.0,1.0416666666666665,449.0,93.54166666666667,0.25923565406533033,0.05400742793027715,0.1709569491504226,0.035616031073004706
50823,Cristina Cubedo Pitarch,524,6,Left Center Back,DEF,0.0,0.0,6.0,1.0305343511450382,397.0,68.18702290076337,0.10542209659391556,0.01810684865162672,-0.1939565896318527,-0.03331315470776096
50824,Sandra Hernández Rodríguez,365,5,Center Attacking Midfield,MID,1.0,0.24657534246575344,5.0,1.2328767123287672,265.0,65.34246575342466,-0.006318994928514506,-0.0015581083385378233,1.0671555162922013,0.2631342368939674
50825,Enith Salón,294,3,Goalkeeper,GK,0.0,0.0,0.0,0.0,207.0,63.36734693877551,0.0763289068646358,0.023365991897337488,-0.38546884729294106,-0.11800066753865543
50827,Ascensión Martínez Salinas,484,7,Right Center Forward,FWD,2.0,0.371900826446281,12.0,2.231404958677686,353.0,65.64049586776859,0.6977953298185311,0.12975532992493347,0.5960077699951363,0.11082789111479807
50828,Kerlly Lizeth Real Carranza,462,7,Right Back,DEF,0.0,0.0,4.0,0.7792207792207793,448.0,87.27272727272728,0.36782119560085463,0.07165347966250414,0.702418108980055,0.13683469655455616
50998,Alice Giai,418,6,Right Center Midfield,MID,0.0,0.0,1.0,0.21531100478468898,218.0,46.9377990430622,0.08398920944379724,0.018083801076415672,0.26880441975663416,0.057876549708366205
50999,Nicole Arcangeli,306,4,Center Forward,FWD,1.0,0.29411764705882354,5.0,1.4705882352941178,212.0,62.35294117647059,0.36167610338680345,0.10637532452553043,0.33618128544846826,0.09887684866131419
51055,Paula Fernández Jiménez,574,7,Left Defensive Midfield,MID,1.0,0.156794425087108,2.0,0.313588850174216,733.0,114.93031358885018,0.224729039348078,0.03523626052495996,1.815479538720334,0.2846570705310628
51364,Vladimir Koman Jr.,402,5,Right Center Midfield,MID,1.0,0.22388059701492538,3.0,0.6716417910447761,436.0,97.61194029850746,0.5619919839643037,0.1258191008875307,0.6732487516370398,0.1507273324560537
51688,Paula Perea Ramírez,337,4,Left Back,DEF,0.0,0.0,0.0,0.0,299.0,79.85163204747775,0.21064717680638653,0.056255922589242696,0.20223744382383302,0.054009999834258075
52284,Arene Altonaga Echeverria,421,5,Right Defensive Midfield,MID,0.0,0.0,1.0,0.2137767220902613,244.0,52.16152019002376,0.22199143454826603,0.047456601209843095,-0.044012392699718475,-0.00940882504269516
52339,Elene Lete Para,679,7,Goalkeeper,GK,0.0,0.0,0.0,0.0,492.0,65.21354933726067,0.2082078201316051,0.02759750193202424,-2.4681835075025447,-0.3271524531299396
53145,Beke Sterner,574,6,Right Back,DEF,1.0,0.156794425087108,4.0,0.627177700348432,674.0,105.67944250871079,1.0172359091009828,0.15949691954545026,2.2023956691555213,0.34532336275957654
53183,Ana Carolina Dias de Almeida Sampaio,333,5,Right Center Back,DEF,0.0,0.0,0.0,0.0,96.0,25.945945945945947,0.007508330076096836,0.0020292783989450907,0.019937131757615134,0.005388413988544631
53185,Fatoumata Kanteh Cham,562,7,Right Center Forward,FWD,1.0,0.16014234875444838,12.0,1.9217081850533808,271.0,43.39857651245551,0.971325209494753,0.1555503004528964,0.07933503006317187,0.012704898052821118
53187,Sandra Castelló Oliver,597,7,Center Defensive Midfield,MID,0.0,0.0,2.0,0.30150753768844224,442.0,66.63316582914572,0.060026405584818546,0.009049206872083198,0.01498822373105213,0.002259531215736502
53188,Mayra Tatiana Ramírez Ramírez,413,6,Center Forward,FWD,2.0,0.4358353510895884,10.0,2.179176755447942,270.0,58.83777239709443,1.2395831972976534,0.2701270889994886,1.4814571015594993,0.3228356879911742
53190,Patricia Ojeda,614,7,Right Center Back,DEF,1.0,0.1465798045602606,5.0,0.7328990228013029,407.0,59.65798045602605,0.021180761711523572,0.0031046719121125754,0.8732517574117314,0.1280010719333157
53192,Cinta  Del Mar Rodriguez Costa,596,7,Right Center Back,DEF,1.0,0.15100671140939598,2.0,0.30201342281879195,733.0,110.68791946308724,0.29999811327283676,0.045301728514354545,1.5342376935004722,0.23168018861584314
53193,Anna Rosa James-Buhigas,482,5,Goalkeeper,GK,0.0,0.0,0.0,0.0,248.0,46.307053941908705,0.04927366556583383,0.009200476972873538,-0.7003020107222255,-0.13076178623444046
53958,Allegra Poljak,295,3,Left Back,DEF,1.0,0.30508474576271183,4.0,1.2203389830508473,210.0,64.0677966101695,0.3442683260317087,0.10503101472153825,1.5361546599175782,0.46865735387315943
53995,Nerea Pérez Machado,411,5,Right Back,DEF,1.0,0.21897810218978103,1.0,0.21897810218978103,288.0,63.065693430656935,0.4506768707761377,0.09868836586338782,0.6633484087360557,0.14525877563563264
54997,Sophia Winkler,574,6,Goalkeeper,GK,0.0,0.0,0.0,0.0,496.0,77.77003484320558,0.2009220296076387,0.031503454119664605,-1.3993681095598731,-0.2194131182236735
61467,Jessica Naz,278,5,Center Forward,FWD,1.0,0.32374100719424465,5.0,1.618705035971223,214.0,69.28057553956835,0.32202946419330175,0.10425414308416243,-0.07477290043607354,-0.02420705409800942
62666,Ingrid Filippa Angeldal,968,12,Right Defensive Midfield,MID,2.0,0.1859504132231405,13.0,1.2086776859504134,1001.0,93.06818181818183,1.0931328213980995,0.10163424992337702,3.354411157147144,0.31187707039591217
62667,Jennifer Miley Falk,321,3,Goalkeeper,GK,0.0,0.0,0.0,0.0,176.0,49.34579439252336,0.10194590646192636,0.028582964428577485,0.21611790616589133,0.06059380546707233
62709,Jelena Canković,355,7,Substitute,Unknown,0.0,0.0,6.0,1.52112676056338,514.0,130.3098591549296,0.4763041976490198,0.12075317686876558,0.46422243559034543,0.11769019493839743
62710,Johanna Rytting-Kaneryd,983,14,Right Wing,FWD,4.0,0.3662258392675483,14.0,1.281790437436419,871.0,79.74567650050865,3.450039483184429,0.31587340130884906,2.7794312337209703,0.2544748840639749
62712,Sofie Svava,270,5,Substitute,Unknown,1.0,0.33333333333333337,0.0,0.0,369.0,123.0,0.5869861365029522,0.19566204550098407,0.5779295001993887,0.1926431667331296
62713,Zecira Musovic,492,5,Goalkeeper,GK,0.0,0.0,0.0,0.0,203.0,37.13414634146341,0.09671096544857972,0.017691030264984097,-1.0560338060022332,-0.19317691573211582
62907,Ana Vitória Angélica Kliemaschewsk de Araújo,324,4,Left Defensive Midfield,MID,1.0,0.2777777777777778,4.0,1.1111111111111112,280.0,77.77777777777777,0.17080406095470763,0.04744557248741879,0.9945258188381558,0.27625717189948773
62958,Janou Levels,472,6,Left Back,DEF,1.0,0.1906779661016949,7.0,1.3347457627118644,583.0,111.16525423728812,0.9102685698195868,0.1735681594994975,0.5874738154234365,0.11201831226294338
62962,Esmee Brugts,374,8,Substitute,Unknown,1.0,0.24064171122994651,4.0,0.9625668449197861,306.0,73.63636363636364,0.42205498402107083,0.10156403358795822,0.6303295368561521,0.1516835783878441
63308,Justine Vanhaevermaet,796,8,Right Center Back,DEF,1.0,0.11306532663316583,7.0,0.7914572864321608,757.0,85.59045226130652,0.2431474778883664,0.027491549007478612,1.3488643049786333,0.15250978322622738
63424,Nikola Karczewska,381,6,Center Forward,FWD,5.0,1.1811023622047243,7.0,1.6535433070866141,237.0,55.98425196850394,0.05530402986872805,0.013063944063479067,3.977153719140915,0.939485130505728
63425,Patrícia Hmírová,398,6,Right Center Forward,FWD,1.0,0.22613065326633167,2.0,0.45226130653266333,261.0,59.02010050251256,0.2732238684319683,0.061784291856475236,-0.025944308740086852,-0.005866803483939238
63624,Valentina Gallazzi,721,8,Center Defensive Midfield,MID,0.0,0.0,4.0,0.49930651872399445,502.0,62.6629680998613,0.28564383330286486,0.03565595700035761,0.5435870990622789,0.06785414551401539
63725,Klára Cahynová,375,4,Right Defensive Midfield,MID,1.0,0.24,2.0,0.48,360.0,86.39999999999999,0.45550396578082164,0.10932095178739719,1.4590582352830097,0.3501739764679223
63784,Lize Kop,295,3,Goalkeeper,GK,0.0,0.0,0.0,0.0,337.0,102.8135593220339,0.11707843533597324,0.0357188446787715,-1.7424455921573099,-0.5315935704886708
63788,Victoria Pelova,466,7,Right Defensive Midfield,MID,1.0,0.19313304721030042,7.0,1.351931330472103,470.0,90.7725321888412,0.9308661521116285,0.17978101650224584,1.8460949092986993,0.35654193527228095
64483,Frederike Kempe,389,4,Right Center Back,DEF,1.0,0.2313624678663239,3.0,0.6940874035989717,331.0,76.58097686375321,0.2683036383048872,0.06207539189573225,1.398692372633377,0.32360491911826206
64612,Deon Hotto Kavendji,298,3,Left Midfield,MID,0.0,0.0,2.0,0.6040268456375839,252.0,76.10738255033557,0.4000135469752991,0.1208094604958957,0.3021138227371266,0.09124242968570938
65555,Riaan Hanamub,298,3,Left Back,DEF,0.0,0.0,2.0,0.6040268456375839,275.0,83.05369127516778,0.4422697866788661,0.1335714120842213,0.18206933029508218,0.05498738163274294
65723,Peter Shalulile,293,3,Center Forward,FWD,0.0,0.0,4.0,1.2286689419795223,157.0,48.225255972696246,-0.1944883173981891,-0.05974043879125262,-0.47647989841061644,-0.14635901316367056
66468,Nayluisa Jhaylenny Cáceres Acevedo,394,4,Goalkeeper,GK,0.0,0.0,0.0,0.0,256.0,58.47715736040609,0.1338665517146464,0.03057865394496999,-0.4589626121451147,-0.10483917536309725
67902,Sofie Zdebel,430,5,Left Defensive Midfield,MID,1.0,0.20930232558139533,3.0,0.627906976744186,412.0,86.23255813953489,0.23100208162221125,0.04834927289767212,0.5423383632150944,0.11351268067292673
69881,Mirari Uria Gabilondo,320,8,Substitute,Unknown,3.0,0.84375,5.0,1.40625,215.0,60.46875,0.4164923642686796,0.11713847745056613,1.631736550014466,0.4589259046915685
77717,Olivia McLoughlin,371,6,Substitute,Unknown,0.0,0.0,1.0,0.24258760107816713,210.0,50.943396226415096,0.034478286746046034,0.008364004871008471,0.4704496129124891,0.11412524302459304
78072,Anna Patten,519,6,Right Center Back,DEF,0.0,0.0,2.0,0.3468208092485549,715.0,123.98843930635839,0.5989166826140492,0.10385838426833223,0.8229281340754824,0.14270430070673104
79565,Emma Ramírez Gorgoso,817,9,Right Back,DEF,2.0,0.22031823745410034,5.0,0.550795593635251,1022.0,112.58261933904528,1.2847014778068726,0.1415215826225441,2.7766117895953357,0.30586910778895987
79566,Ariadna Mingueza García,501,7,Left Defensive Midfield,MID,1.0,0.17964071856287422,7.0,1.2574850299401197,447.0,80.2994011976048,0.17606696412559028,0.031628795950704836,1.5135050462493673,0.27188713405677256
81477,Claudia Iglesias de la Cruz,560,6,Right Center Midfield,MID,1.0,0.1607142857142857,3.0,0.48214285714285715,418.0,67.17857142857143,0.10124481923666193,0.016271488805892093,1.6762313000247813,0.2693943160754113
81580,Agnes Beever-Jones,276,9,Substitute,Unknown,3.0,0.9782608695652174,13.0,4.239130434782608,226.0,73.69565217391305,0.44197476402461777,0.14412220566020145,1.6312654325301992,0.5319343801728911
82255,Giulia Giacobbo,275,7,Substitute,Unknown,0.0,0.0,0.0,0.0,166.0,54.32727272727273,0.14003596292668985,0.045829951503280314,0.21856523395399563,0.07153044020312584
83332,Prince Vinny Ibara Doniama,295,4,Right Wing,FWD,3.0,0.9152542372881355,6.0,1.830508474576271,202.0,61.62711864406779,0.07853685764866696,0.02396039724874585,1.7205361211817944,0.5249093251063102
84730,Anna Gerhardt,384,4,Right Back,DEF,0.0,0.0,1.0,0.234375,332.0,77.8125,0.37889949892906083,0.08880457006149864,0.30002460737212094,0.07031826735284084
84731,Lara Sophie Schmidt,505,6,Center Back,DEF,1.0,0.1782178217821782,4.0,0.7128712871287128,503.0,89.64356435643565,0.13614007335713751,0.024262587330975003,0.23067449756490532,0.0411103064967158
84765,Carrie Jones,451,5,Left Defensive Midfield,MID,1.0,0.19955654101995565,7.0,1.3968957871396896,267.0,53.28159645232816,0.20762733188792476,0.0414333921727566,1.3207856685912702,0.2635714194528034
85501,Martina Tufekovic,297,3,Goalkeeper,GK,0.0,0.0,0.0,0.0,297.0,90.0,0.16918636381171118,0.051268595094457935,-0.6910406620008871,-0.20940626121239003
85502,Michaela Specht,347,4,Left Center Back,DEF,1.0,0.25936599423631124,3.0,0.7780979827089338,410.0,106.34005763688762,0.23781734909355198,0.06168173319429302,0.07981445401858356,0.02070115522095827
86279,Jimena López Fuentes,544,7,Left Back,DEF,0.0,0.0,3.0,0.4963235294117647,501.0,82.8860294117647,0.5237814609728104,0.08665502111682526,0.9864655853533186,0.1632020269886005
87185,Stine Ballisager Pedersen,276,3,Right Center Back,DEF,0.0,0.0,0.0,0.0,404.0,131.73913043478262,0.27556274338331693,0.08985741632064681,0.21647194989782292,0.07058867931450748
87186,Synne Jensen,563,8,Right Wing,FWD,6.0,0.9591474245115453,13.0,2.0781527531083483,331.0,52.91296625222025,0.3137302275448198,0.05015225662350583,5.36322598712286,0.857354065437047
87191,Rikke Marie Madsen,502,11,Substitute,Unknown,1.0,0.17928286852589642,7.0,1.254980079681275,370.0,66.33466135458167,0.38140282183450075,0.06837899196236069,0.8039368829922751,0.14413211049662303
87195,Janni Thomsen,389,4,Right Wing,FWD,0.0,0.0,3.0,0.6940874035989717,306.0,70.79691516709512,0.5690602562164048,0.13165918524287,-0.04728978523879779,-0.010941081417716712
89009,Yasmin Katie Mrabet,323,4,Center Defensive Midfield,MID,0.0,0.0,5.0,1.3931888544891642,332.0,92.5077399380805,0.13248379213057962,0.036914988519356554,0.026236374891595915,0.007310445016234156
89499,Slavko Damjanović,486,5,Center Back,DEF,0.0,0.0,0.0,0.0,265.0,49.074074074074076,0.11112719953261026,0.020579111024557454,-0.12954978537163697,-0.023990700994747587
92248,Khiara Keating,603,6,Goalkeeper,GK,0.0,0.0,0.0,0.0,512.0,76.4179104477612,0.23431229106929832,0.03497198374168632,-1.4339616973011289,-0.21402413392554165
92459,Ane Azkona Fuente,799,10,Right Center Forward,FWD,2.0,0.22528160200250313,13.0,1.4643304130162704,461.0,51.927409261576976,1.0647808793099502,0.11993777113628977,1.7336122698761756,0.1952754747044503
93343,Malia Berkely,408,4,Left Center Back,DEF,0.0,0.0,1.0,0.22058823529411764,517.0,114.04411764705881,0.3094119052941777,0.06825262616783333,0.5116009752721293,0.11285315631002853
95699,Alexi Peuget,273,4,Center Defensive Midfield,MID,0.0,0.0,2.0,0.6593406593406593,277.0,91.31868131868131,0.11541812660564564,0.03804993184801505,0.25896502045588565,0.0853730836667755
95784,Cora Zicai,385,8,Left Wing,FWD,0.0,0.0,7.0,1.6363636363636362,340.0,79.48051948051948,0.313692738425754,0.07333077002160483,-0.3375453398039099,-0.0789067028113036
96222,Natalie Rose Muth,354,5,Right Defensive Midfield,MID,2.0,0.5084745762711864,6.0,1.5254237288135593,266.0,67.62711864406779,0.04783375295124146,0.012161123631671558,1.5587629603687674,0.3962956678903646
98043,Laureta Elmazi,416,6,Left Wing,FWD,1.0,0.21634615384615385,11.0,2.379807692307692,236.0,51.05769230769231,0.17469797238435947,0.037795234410077774,0.6552439366059843,0.14175950551571778
99615,Elena Battistini,343,6,Substitute,Unknown,0.0,0.0,0.0,0.0,249.0,65.33527696793003,0.29001901821546705,0.07609828466295054,0.49564534406817984,0.13005271418698594
102587,Mariana Cerro,668,10,Right Center Midfield,MID,0.0,0.0,6.0,0.8083832335329341,566.0,76.25748502994011,0.1425014628631154,0.019199298888743097,0.45745392654498573,0.06163301405546214
102588,Jone Amezaga,421,10,Substitute,Unknown,1.0,0.2137767220902613,7.0,1.496437054631829,260.0,55.58194774346793,0.11988379355242836,0.025628364417383732,0.4824728950916324,0.10314147401008769
105708,Kerolin Nicoli Israel Ferraz,569,6,Right Wing,FWD,4.0,0.632688927943761,18.0,2.8471001757469243,568.0,89.84182776801406,1.668284199922632,0.26387623548864125,1.6106575413032724,0.2547612982729253
106835,Tatumn Milazzo,507,5,Right Back,DEF,2.0,0.3550295857988166,2.0,0.3550295857988166,467.0,82.89940828402368,0.6094903320621975,0.10819355007021259,1.0010335057013435,0.1776982554499426
106836,Michelle Alozie,297,4,Right Back,DEF,0.0,0.0,7.0,2.121212121212121,223.0,67.57575757575758,0.3339746244933871,0.10120443166466275,0.03653259114071261,0.011070482163852306
107491,Emily Ann Fox,1016,11,Right Back,DEF,0.0,0.0,9.0,0.797244094488189,1382.0,122.42125984251969,1.8569822528564168,0.16449645940657237,2.1484682269365294,0.1903170673467398
107492,Phoebe McClernon,386,4,Left Back,DEF,0.0,0.0,1.0,0.23316062176165803,283.0,65.98445595854923,0.10925641597719474,0.025474293880693073,0.2759304533828981,0.06433611607373273
107917,Trinity Rain Moyer-Rodman,531,7,Right Center Forward,FWD,2.0,0.3389830508474576,16.0,2.711864406779661,420.0,71.1864406779661,1.0221268770992318,0.17324184357614097,1.405037216754863,0.23814190114489206
119103,Tara McKeown,472,5,Right Center Back,DEF,1.0,0.1906779661016949,3.0,0.5720338983050848,444.0,84.66101694915254,0.4057524570411101,0.07736805324936422,0.35981962515506893,0.06860967428804281
123476,Yazmeen Ryan,687,8,Right Center Midfield,MID,2.0,0.26200873362445415,20.0,2.6200873362445414,692.0,90.65502183406113,0.8802667224727925,0.1153187846034226,0.8464519867700292,0.11088890656375928
123548,Estela Carbonell,295,4,Left Wing Back,DEF,2.0,0.6101694915254237,6.0,1.830508474576271,244.0,74.44067796610169,1.1600825910405281,0.35392350235134756,1.339313511722139,0.4086041222203136
123549,Clara Pinedo Castresana,791,11,Center Attacking Midfield,MID,0.0,0.0,9.0,1.0240202275600505,626.0,71.22629582806574,0.6918817712489241,0.07872232542655268,0.3828214641767554,0.04355743587346143
123782,Laura Pucks,423,5,Left Center Back,DEF,0.0,0.0,4.0,0.851063829787234,537.0,114.25531914893617,0.04422943764531819,0.009410518647940042,-0.48505092202685773,-0.10320232383550165
124002,Izarne Sarasola Beain,378,7,Substitute,Unknown,0.0,0.0,1.0,0.23809523809523808,404.0,96.19047619047619,0.19911423292146876,0.0474081506955878,-0.09480280088610016,-0.022572095449071468
124741,Manvir Singh,670,7,Right Wing,FWD,2.0,0.26865671641791045,20.0,2.6865671641791042,452.0,60.71641791044776,0.7444952897602898,0.10000682996780011,1.175986244951142,0.15796830156060118
124747,Rahul Bheke,391,4,Left Center Back,DEF,0.0,0.0,1.0,0.23017902813299235,376.0,86.54731457800511,0.13049302871047846,0.030036758526708597,0.05722921613778453,0.013172965351408205
124749,Sandesh Jhingan,298,4,Right Center Back,DEF,0.0,0.0,1.0,0.30201342281879195,307.0,92.71812080536913,0.1923184160308904,0.058082743096577634,0.49732374626910314,0.15019844685979625
124750,Sahal Abdul Samad,453,6,Right Midfield,MID,1.0,0.1986754966887417,8.0,1.5894039735099337,292.0,58.01324503311258,0.1003766945669293,0.0199423896490588,0.5438316591898911,0.10804602500461412
124756,Subhasish Bose,682,7,Left Back,DEF,0.0,0.0,9.0,1.187683284457478,694.0,91.58357771260997,0.5929816926562328,0.07825271603967882,0.9011527184338775,0.11892044671414805
124758,Gurpreet Singh Sandhu,295,3,Goalkeeper,GK,0.0,0.0,0.0,0.0,127.0,38.74576271186441,0.038740695465564426,0.011819195226782367,-0.5536003182351124,-0.16889501234291562
124759,Anirudh Thapa,389,4,Left Center Midfield,MID,0.0,0.0,3.0,0.6940874035989717,297.0,68.7146529562982,0.15106108087833373,0.03494986447056564,0.2827503807072062,0.06541782587056184
124772,Pritam Kotal,638,7,Right Back,DEF,2.0,0.28213166144200624,5.0,0.7053291536050156,598.0,84.35736677115987,0.6895718806069138,0.09727503017965868,0.9557190828749444,0.13481930636166928
124773,Amrinder Singh,696,7,Goalkeeper,GK,0.0,0.0,0.0,0.0,399.0,51.5948275862069,0.1753349608515993,0.022672624248051634,-1.5904981846979354,-0.20566786871093992
124782,Nikhil Poojary,335,5,Right Wing,FWD,2.0,0.5373134328358209,4.0,1.0746268656716418,227.0,60.985074626865675,0.9785990612416658,0.2629072104828356,0.6507010474888375,0.17481520678804588
124784,Kamaljit Singh,295,3,Goalkeeper,GK,0.0,0.0,0.0,0.0,114.0,34.779661016949156,0.06015466508746729,0.01835227070465104,-0.24564340081997216,-0.07494205448744913
124902,Bipin Singh Thounajam,448,5,Left Wing,FWD,1.0,0.20089285714285712,10.0,2.0089285714285716,249.0,50.02232142857142,0.40736410831347836,0.081836539616547,1.0246616563639837,0.20584720775169313
124903,Akash Mishra,489,5,Left Back,DEF,0.0,0.0,1.0,0.18404907975460125,536.0,98.65030674846626,0.2944507582560073,0.0541933910900627,0.7756975772645092,0.1427664252634066
124904,Suresh Singh Wangjam,309,4,Left Center Midfield,MID,0.0,0.0,3.0,0.8737864077669902,275.0,80.09708737864078,0.23961601681012742,0.06979107285731867,0.45405417095753364,0.13224878765753406
124905,Lalengmawia Ralte,488,5,Left Defensive Midfield,MID,0.0,0.0,4.0,0.7377049180327869,450.0,82.99180327868852,0.3745325871403904,0.06907363287425233,0.0929694185469998,0.017145999322192587
124907,Liston Colaco,564,7,Left Wing,FWD,2.0,0.3191489361702128,29.0,4.627659574468085,594.0,94.78723404255318,1.8898886450428052,0.30157797527278807,2.5905446646545314,0.4133847869129571
124911,Dheeraj Singh Moirangthem,291,3,Goalkeeper,GK,0.0,0.0,0.0,0.0,165.0,51.03092783505154,0.02371855452155785,0.00733563541903851,-0.14526062880759127,-0.044925967672450905
125110,Konsham Chinglensana Singh,489,5,Right Center Back,DEF,0.0,0.0,1.0,0.18404907975460125,408.0,75.0920245398773,0.42146220784968974,0.07756973150607786,0.3108976043149596,0.05722041797207846
125212,Mirlan Murzaev,392,5,Right Center Forward,FWD,2.0,0.4591836734693877,11.0,2.5255102040816326,323.0,74.15816326530613,0.2708426012668637,0.062183250290861566,0.7993960361345671,0.18353480421456897
125324,Lloyd Junior Kazapua,298,3,Goalkeeper,GK,0.0,0.0,0.0,0.0,130.0,39.261744966442954,0.0315922899056244,0.009541295609081195,-0.4321749010414351,-0.13052262111989651
126402,Ainhoa Alguacil Amores,447,8,Right Center Midfield,MID,2.0,0.40268456375838924,9.0,1.8120805369127515,422.0,84.96644295302013,0.4138865330074022,0.08333285899477896,2.271044590001111,0.45725730000022363
126507,Ornella María Vignola Cabot,326,7,Substitute,Unknown,0.0,0.0,3.0,0.8282208588957056,245.0,67.63803680981594,0.12331278779031203,0.03404340767217203,-0.29829919728217646,-0.08235253912698123
126508,María Pérez,431,6,Left Defensive Midfield,MID,0.0,0.0,1.0,0.2088167053364269,373.0,77.88863109048724,0.3203931119306212,0.06690343404583737,0.45491193323687185,0.09499321111674817
126979,Naia Landaluce,608,10,Right Center Back,DEF,1.0,0.14802631578947367,2.0,0.29605263157894735,668.0,98.88157894736841,0.3299437693973071,0.04884036060157507,0.8927601352334023,0.13215199370231284
128663,Cristina Librán,543,9,Substitute,Unknown,0.0,0.0,11.0,1.8232044198895028,529.0,87.67955801104972,0.38649478105158935,0.06405990846158939,0.3910277399925981,0.06481122762308256
128665,Sandra Villafañe,510,6,Right Center Back,DEF,0.0,0.0,1.0,0.1764705882352941,472.0,83.29411764705883,0.21918617859704057,0.03867991387006598,-0.06704215737408958,-0.01183096894836875
128705,Kiara Shaelene Pickett,275,3,Left Back,DEF,0.0,0.0,0.0,0.0,261.0,85.41818181818182,0.01479525248317274,0.004842082630856533,0.23355379470740445,0.07643578735878691
128707,María  Molina Molero,780,8,Left Center Back,DEF,0.0,0.0,3.0,0.34615384615384615,801.0,92.42307692307692,0.7651011883409498,0.08828090634703267,0.3516467160807224,0.040574621086237196
130020,Delanie Sheehan,337,6,Substitute,Unknown,1.0,0.26706231454005935,5.0,1.3353115727002969,355.0,94.80712166172107,0.17234942693167726,0.04602803686602657,0.9598401239782106,0.25633712509803847
131573,Júlia Bianchi,407,4,Left Defensive Midfield,MID,0.0,0.0,1.0,0.22113022113022113,381.0,84.25061425061425,0.06012461415980172,0.013295369224526178,0.5770704025696032,0.12760770572792207
131645,Julia Angela Grosso,450,6,Left Defensive Midfield,MID,1.0,0.2,16.0,3.2,518.0,103.60000000000001,0.9369150486551956,0.18738300973103914,1.8474649123299167,0.36949298246598333
131653,Honoka Hayashi,545,7,Right Defensive Midfield,MID,0.0,0.0,3.0,0.4954128440366973,464.0,76.62385321100918,0.5848619080781495,0.09658270041657516,1.0203586027491838,0.16849958577509455
131669,Gabrielle Carle,563,6,Left Back,DEF,0.0,0.0,1.0,0.15985790408525755,365.0,58.34813499111901,0.4474322819585592,0.07152558681397927,0.5648260209418368,0.09029190388057781
131849,Antoine Conte,281,3,Right Center Back,DEF,0.0,0.0,2.0,0.6405693950177935,273.0,87.43772241992882,0.19480229204620364,0.0623921931820581,0.5682381940132473,0.18199799808253472
132033,Courtney Jade Nevin,350,4,Left Back,DEF,0.0,0.0,1.0,0.2571428571428571,259.0,66.6,0.2646766277480938,0.06805970427808126,0.2911305942736799,0.07486215281323197
134811,Emma Holmgren,389,4,Goalkeeper,GK,0.0,0.0,0.0,0.0,196.0,45.347043701799485,0.06609747181696342,0.015292474199297449,-0.18100502141169272,-0.04187776845000603
135256,Sharon Beck,320,4,Center Attacking Midfield,MID,0.0,0.0,6.0,1.6875,285.0,80.15625,0.43213660652751196,0.12153842058586273,-0.009326159823103808,-0.002622982450247946
135263,Alicia-Sophie Gudorf,515,8,Right Wing,FWD,0.0,0.0,3.0,0.5242718446601942,460.0,80.38834951456312,0.9226801030474095,0.1612450665519745,0.5167973014031304,0.09031409150734318
135326,Sarai Linder,583,6,Left Back,DEF,0.0,0.0,1.0,0.15437392795883362,593.0,91.54373927958834,0.14060765815787427,0.021706156490923986,0.6921101891348371,0.10684376847707605
135327,Rafaela Borggräfe,387,4,Goalkeeper,GK,0.0,0.0,0.0,0.0,312.0,72.55813953488372,0.17788956521819743,0.04136966632981336,-0.3771896540711168,-0.0877185242025853
135569,Sara Cetinja,292,3,Goalkeeper,GK,0.0,0.0,0.0,0.0,284.0,87.53424657534246,0.10763474966075923,0.03317509407352168,-1.311980582860997,-0.40437757690921144
135570,Liucija Vaitukaitytė,305,5,Left Defensive Midfield,MID,0.0,0.0,2.0,0.5901639344262295,238.0,70.22950819672131,0.16815382009027297,0.04961916002663792,0.21931471879035236,0.06471581865944824
135571,Chiara Beccari,328,4,Left Center Forward,FWD,0.0,0.0,7.0,1.9207317073170733,243.0,66.67682926829268,0.33932419639116734,0.09310724900977152,-0.5202722707763314,-0.14275763527399338
135573,Danielle Cox,489,5,Left Center Back,DEF,0.0,0.0,3.0,0.5521472392638037,429.0,78.95705521472394,0.0699910489882808,0.012881788157352296,0.22772802782128565,0.04191313395483785
135578,Gaia Apicella,576,6,Right Center Back,DEF,1.0,0.15625,2.0,0.3125,241.0,37.65625,0.07392620787702409,0.011550969980785013,0.7932707080326509,0.1239485481301017
135580,Zhanna Ferrario,576,6,Center Defensive Midfield,MID,1.0,0.15625,4.0,0.625,521.0,81.40625,0.664738427804513,0.10386537934445517,1.0679074322377564,0.16686053628714942
135591,Rachel Cuschieri,592,9,Left Midfield,MID,1.0,0.15202702702702703,8.0,1.2162162162162162,490.0,74.49324324324324,1.3078617843084743,0.19883033883068024,1.0116761935802643,0.15380212402402665
135592,Beatrix Fördős,293,3,Left Center Back,DEF,0.0,0.0,2.0,0.6143344709897611,353.0,108.43003412969283,0.12600078044293544,0.03870331139885389,0.48674514575395733,0.14951216081179577
135603,Virginia Di Giammarino,597,7,Left Center Midfield,MID,0.0,0.0,9.0,1.3567839195979898,457.0,68.89447236180905,0.42260749622130417,0.06370967279718154,0.7646215752756689,0.1152695842124124
135624,Maja Sternad,432,6,Left Center Forward,FWD,2.0,0.41666666666666663,7.0,1.4583333333333333,227.0,47.291666666666664,1.1891503645080443,0.24773965927250924,-0.017256197141250595,-0.003595041071093874
135753,Samantha Tierney,502,5,Right Center Midfield,MID,0.0,0.0,3.0,0.5378486055776892,369.0,66.15537848605578,0.12415874601883164,0.02225953613883436,0.09137815103167668,0.016382537037551596
135779,Gabriela Nunes da Silva,340,6,Right Center Forward,FWD,1.0,0.2647058823529412,7.0,1.8529411764705883,217.0,57.44117647058823,-0.03728567000507647,-0.00986973617781436,-0.030453861167188734,-0.008061316191314664
135780,Victoria López,283,6,Substitute,Unknown,1.0,0.31802120141342755,13.0,4.134275618374558,354.0,112.57950530035336,0.24367200797542624,0.07749286472716735,-0.1884023063095519,-0.05991592780162428
135953,Jassina Blom,690,9,Center Forward,FWD,1.0,0.13043478260869565,14.0,1.826086956521739,420.0,54.78260869565218,0.13126123483856597,0.017121030631117303,-0.4051138390204869,-0.05284093552441134
136406,Aprocious Petrus,298,3,Center Defensive Midfield,MID,0.0,0.0,1.0,0.30201342281879195,182.0,54.966442953020135,0.1752388206002648,0.052924476020214196,0.07074395610834472,0.021365624328023573
136429,Miku Kojima,452,6,Left Center Midfield,MID,1.0,0.19911504424778761,8.0,1.592920353982301,382.0,76.06194690265487,0.010991273526405382,0.002188527914549744,0.8869752461549361,0.1766101153848324
136433,Naima García Aguilar,436,8,Substitute,Unknown,1.0,0.20642201834862386,11.0,2.2706422018348627,400.0,82.56880733944955,0.4040128303327286,0.08339714387602197,0.1796861145668663,0.03709117043811461
136438,Gema Soliveres Cholbi,465,5,Right Defensive Midfield,MID,1.0,0.1935483870967742,5.0,0.967741935483871,411.0,79.54838709677419,0.2528231235193902,0.04893350777794649,1.634398285669624,0.3163351520650885
136545,Elisa del Estal Mateu,556,7,Center Forward,FWD,1.0,0.16187050359712232,8.0,1.2949640287769786,381.0,61.672661870503596,0.3492544876276462,0.05653399979584201,-0.610194405366201,-0.09877247568877354
136945,Adriana Achcińska,286,4,Right Center Midfield,MID,1.0,0.3146853146853147,2.0,0.6293706293706294,199.0,62.62237762237763,0.10838816591658916,0.03410816409962596,1.3792670909832232,0.43403509856115413
136994,Sheila Guijarro Gómez,495,7,Center Forward,FWD,4.0,0.7272727272727273,19.0,3.454545454545454,281.0,51.09090909090909,-0.13645438151560474,-0.024809887548291772,2.7674644568469375,0.5031753557903523
136995,María Cienfuegos Baragaño,319,7,Substitute,Unknown,2.0,0.5642633228840125,2.0,0.5642633228840125,218.0,61.50470219435737,0.22247547346165483,0.06276737495783366,1.6225177924497984,0.45776364050307794
137004,Yénifer Yuliet Giménez Gamboa,499,6,Right Center Back,DEF,0.0,0.0,1.0,0.18036072144288576,392.0,70.70140280561122,0.32054086683153143,0.057812981993662985,0.46764997782884166,0.08434568738395942
137528,Paula Vizoso Prieto,388,4,Goalkeeper,GK,0.0,0.0,0.0,0.0,259.0,60.077319587628864,0.0886571056026695,0.020564792536701685,-0.42606805567629635,-0.09883021910017184
142136,Paula Sancho González,511,7,Left Back,DEF,0.0,0.0,8.0,1.4090019569471623,522.0,91.93737769080235,0.5749717650755479,0.10126704277260139,0.5545765994302928,0.09767493923429814
142137,María de los Ángeles Carrión Egido,329,4,Left Defensive Midfield,MID,0.0,0.0,3.0,0.8206686930091185,356.0,97.38601823708207,0.46538366514370794,0.12730860140709335,0.7439723674906418,0.20351827682114823
142138,Lucía Pardo Méndez,495,9,Left Center Forward,FWD,1.0,0.18181818181818182,11.0,2.0,362.0,65.81818181818183,0.33358507735464027,0.06065183224629823,-0.31546876025095116,-0.05735795640926385
142315,Mina Schaathun Bergersen,484,6,Right Back,DEF,0.0,0.0,0.0,0.0,435.0,80.88842975206612,0.3780497709693014,0.07029851113065523,0.757865308172768,0.1409253672222089
142770,Emma Skou Færge,286,5,Left Back,DEF,0.0,0.0,1.0,0.3146853146853147,356.0,112.02797202797203,0.9720945321828905,0.3059038737638467,0.9128083504261449,0.2872473830012344
142811,Milica Mijatovic,304,5,Substitute,Unknown,1.0,0.29605263157894735,6.0,1.776315789473684,265.0,78.45394736842105,0.4697020726403648,0.1390565346632659,0.8686508276409004,0.2571663634463192
142949,Selma Sól Magnúsdóttir,354,5,Center Attacking Midfield,MID,0.0,0.0,3.0,0.7627118644067796,212.0,53.898305084745765,0.009159644677558068,0.0023287232231079835,0.151341184655088,0.03847657236993763
143563,Carmen Carbonell Gil,495,5,Goalkeeper,GK,0.0,0.0,0.0,0.0,287.0,52.18181818181818,0.09265729285446864,0.016846780518994298,-0.3798510604829062,-0.0690638291787102
144143,Érika González Lombídez,385,5,Right Center Forward,FWD,3.0,0.7012987012987013,6.0,1.4025974025974026,354.0,82.75324675324676,-0.12764585128341976,-0.029839289910409815,0.18514241563573297,0.04328004521354797
145044,Maite Zubieta Aranbarri,819,10,Substitute,Unknown,0.0,0.0,3.0,0.32967032967032966,1030.0,113.18681318681318,0.6562361633732653,0.07211386410695222,0.6632489578332752,0.07288450086079946
159765,Cássio Gabriel Vilela Ferreira,474,5,Center Attacking Midfield,MID,2.0,0.37974683544303794,13.0,2.468354430379747,444.0,84.30379746835443,1.443628891912426,0.27410675162894166,1.8032503585463855,0.34238930858475675
159767,Amey Ganesh Ranawade,305,4,Right Back,DEF,0.0,0.0,0.0,0.0,214.0,63.14754098360656,0.21193377820214995,0.06253783619079835,0.4110742668417515,0.1213006033303529
159770,Serigne Mourtada Fall,441,5,Right Center Back,DEF,0.0,0.0,4.0,0.8163265306122449,362.0,73.87755102040816,-0.023014404620483483,-0.004696817269486425,0.48896894935751334,0.09978958150153333
159771,Ahmed Jahouh,291,3,Left Center Midfield,MID,1.0,0.30927835051546393,6.0,1.8556701030927836,473.0,146.28865979381445,0.42050589909746033,0.13005337085488464,1.186684640441186,0.36701586817768633
159775,Mohammad Nawaz,388,4,Goalkeeper,GK,0.0,0.0,0.0,0.0,196.0,45.4639175257732,0.10269874845182689,0.02382187464088768,-0.6515176357643213,-0.1511252247906931
159778,Seriton Fernandes,462,5,Right Back,DEF,0.0,0.0,1.0,0.19480519480519481,436.0,84.93506493506494,0.5344707175300655,0.10411767224611665,0.6956779030442704,0.1355216694242085
159780,Aibanbha Kupar Dohling,369,4,Left Back,DEF,0.0,0.0,0.0,0.0,363.0,88.53658536585365,0.20696680077043986,0.05047970750498534,0.5072782041388564,0.1237263912533796
159781,Princeton Rebello,409,5,Right Defensive Midfield,MID,0.0,0.0,6.0,1.3202933985330074,528.0,116.18581907090464,0.20557274440725037,0.04523605622653431,0.4519299242787529,0.09944668260412655
159783,Devendra Dhaku Murgaokar,350,5,Left Center Forward,FWD,0.0,0.0,8.0,2.057142857142857,207.0,53.22857142857143,0.10326099573997348,0.02655282747599318,-0.37409477299661376,-0.09619579877055782
161091,Daniel Chima Chukwu,327,4,Center Forward,FWD,1.0,0.27522935779816515,8.0,2.2018348623853212,163.0,44.862385321100916,0.11103537312267668,0.030560194437433946,0.39232402745983563,0.10797909012656028
161094,Mohammed Rafique,290,5,Substitute,Unknown,0.0,0.0,3.0,0.9310344827586207,243.0,75.41379310344827,-0.11904742322356376,-0.0369457520348991,0.12537289160536602,0.03890882842925152
161095,Wahengbam Angousana Luwang,294,6,Substitute,Unknown,0.0,0.0,3.0,0.9183673469387754,250.0,76.53061224489795,0.10206770650122189,0.031245216275884256,0.49616205704887395,0.15188634399455325
161097,Rehnesh Thumbirumbu Paramba,493,5,Goalkeeper,GK,0.0,0.0,0.0,0.0,176.0,32.129817444219064,0.17819575123866765,0.03253066452632878,0.26536762245814316,0.04844439355219651
161098,Boris Singh Thangjam,298,5,Substitute,Unknown,0.0,0.0,3.0,0.9060402684563758,184.0,55.57046979865772,0.3399693619439169,0.1026753106542031,-0.05839934070536401,-0.01763738477678779
161099,Ricky Lallawmawma,493,5,Left Back,DEF,0.0,0.0,0.0,0.0,391.0,71.37931034482759,0.3178795912266472,0.05803075701906339,0.41306150023592636,0.07540676474895208
161100,Laldinliana Renthlei,416,5,Right Back,DEF,1.0,0.21634615384615385,0.0,0.0,350.0,75.72115384615385,0.38850074805158297,0.08405064260731362,0.3418726710806368,0.073962837493407
161104,Jitendra Singh,464,5,Right Defensive Midfield,MID,0.0,0.0,2.0,0.3879310344827586,264.0,51.20689655172414,0.222352258908939,0.043128670909061445,0.01242259846185334,0.002409555736135346
161106,Amarjit Singh Kiyam Singh,308,4,Right Back,DEF,0.0,0.0,1.0,0.29220779220779225,222.0,64.87012987012987,0.07638881806393447,0.022321407875825004,0.008442114281933755,0.002466851575889734
161107,Arindam Bhattacharja,291,3,Goalkeeper,GK,0.0,0.0,0.0,0.0,120.0,37.113402061855666,0.08576409020433208,0.026524976351855283,-0.20826729643158615,-0.06441256590667613
161108,Hira Mondal,578,6,Left Back,DEF,0.0,0.0,4.0,0.6228373702422145,425.0,66.1764705882353,0.3891473552877039,0.06059387885102656,0.7445440316514578,0.11593246167583252
161109,Sourav Das,469,6,Center Defensive Midfield,MID,0.0,0.0,4.0,0.767590618336887,389.0,74.64818763326227,0.1624674458815893,0.031177121810965963,0.2865907792293001,0.05499609835956718
161110,Lalrinliana Hnamte,329,6,Left Center Midfield,MID,1.0,0.2735562310030395,7.0,1.9148936170212765,198.0,54.16413373860183,0.24878403654243808,0.06805642337027182,0.8345426423766185,0.22829433985986525
161111,Antonio Perošević,559,6,Right Wing,FWD,1.0,0.16100178890876565,24.0,3.8640429338103752,351.0,56.51162790697674,0.5325752227153928,0.08574556358566253,0.10995745262245467,0.017703346576066047
161116,Alexandre Monteiro de Lima,301,5,Left Defensive Midfield,MID,1.0,0.29900332225913623,3.0,0.8970099667774086,276.0,82.52491694352159,0.17677732160878945,0.05285700646109984,1.2882206452745013,0.3851822527398841
162203,Pratik Prabhakar Chaudhari,325,4,Right Center Back,DEF,1.0,0.27692307692307694,2.0,0.5538461538461539,172.0,47.63076923076923,0.038716143155963285,0.01072139348934368,1.0015171959094005,0.2773432234826032
162208,Naorem Roshan Singh,378,4,Left Back,DEF,1.0,0.23809523809523808,6.0,1.4285714285714284,439.0,104.52380952380952,1.0392202157061377,0.2474333846919375,1.2927963445347268,0.30780865346064923
162209,Cleiton Augusto Oliveira Silva,295,3,Center Forward,FWD,1.0,0.30508474576271183,9.0,2.745762711864407,197.0,60.10169491525424,0.14891069045187952,0.04543038013786154,0.16163577378841867,0.04931260895239891
162747,Subhasish Roy Chowdhury,387,4,Goalkeeper,GK,0.0,0.0,0.0,0.0,175.0,40.69767441860465,0.039705190779952555,0.009233765297663385,-0.03094995062565431,-0.007197662936198677
162748,Provat Lakra,405,5,Right Back,DEF,0.0,0.0,0.0,0.0,366.0,81.33333333333333,0.25701772020360897,0.057115048934135326,0.3424621238664258,0.07610269419253908
162749,Gurjinder Kumar,629,7,Left Back,DEF,0.0,0.0,5.0,0.7154213036565977,545.0,77.98092209856917,0.5741826814799093,0.08215650450427954,0.5356236433661543,0.07663931304126215
162750,Mashoor Shereef Thangalakath,286,4,Right Center Back,DEF,0.0,0.0,1.0,0.3146853146853147,191.0,60.1048951048951,-0.013036549931105222,-0.004102410817480665,-0.42254683759529144,-0.13296928455795884
162753,Suhair Vadakkepeedika,656,7,Left Wing,FWD,2.0,0.27439024390243905,19.0,2.606707317073171,532.0,72.98780487804879,0.32800292621864735,0.045000401462924174,1.148576213858556,0.15757905373059455
162754,Mirshad Koottappunna,293,3,Goalkeeper,GK,0.0,0.0,0.0,0.0,136.0,41.774744027303754,0.0791052562053334,0.024298542861706508,0.28311204293277115,0.08696274356296725
162762,Mathias Coureur,319,4,Center Attacking Midfield,MID,0.0,0.0,10.0,2.8213166144200623,254.0,71.6614420062696,0.542355849828942,0.15301575700503067,-0.11728618353838101,-0.033090145825875515
163337,Ashutosh Mehta,286,4,Right Center Back,DEF,0.0,0.0,1.0,0.3146853146853147,250.0,78.67132867132868,0.11139743306858522,0.03505513628032402,0.028391923668095842,0.008934521434016173
163339,Prabir Das,321,6,Substitute,Unknown,0.0,0.0,3.0,0.8411214953271028,333.0,93.3644859813084,0.19457463195163785,0.054553635126627434,0.6603532131994143,0.18514576071011615
163342,Hugo Adnan Boumous,387,5,Center Attacking Midfield,MID,0.0,0.0,7.0,1.6279069767441858,560.0,130.2325581395349,0.7691787455257203,0.17887877802923727,0.5194852866821457,0.12081053178654551
163343,Lenny Rodrigues,515,7,Right Defensive Midfield,MID,0.0,0.0,4.0,0.6990291262135923,520.0,90.87378640776699,0.40058282419353874,0.0700047653930456,0.6504591567936586,0.1136724740027753
163345,David Joel Williams,291,5,Center Forward,FWD,1.0,0.30927835051546393,11.0,3.402061855670103,244.0,75.4639175257732,0.5222916551469103,0.16153350159182794,0.23674229758219145,0.07321926729346127
163347,Prabhushkan Singh Gill,497,5,Goalkeeper,GK,0.0,0.0,0.0,0.0,227.0,41.1066398390342,0.15868014304931222,0.028734834757420724,-0.07535820244811475,-0.01364635456806907
163350,Jessel Carneiro,293,3,Left Back,DEF,0.0,0.0,2.0,0.6143344709897611,214.0,65.73378839590444,0.3337774437605255,0.10252549467046858,0.17408908558718394,0.05347446314964694
163355,Jeakson Singh Thaunaojam,469,5,Right Defensive Midfield,MID,1.0,0.19189765458422176,5.0,0.9594882729211087,378.0,72.53731343283582,0.09501198045675854,0.018232576207053878,0.29266195808304474,0.05616114334216211
163356,Harmanjot Singh Khabra,390,4,Right Back,DEF,0.0,0.0,1.0,0.23076923076923078,301.0,69.46153846153847,0.14686582900420783,0.033892114385586425,-0.0775148511165753,-0.01788804256536353
163357,Lalthathanga Khawlhring,525,6,Left Defensive Midfield,MID,0.0,0.0,7.0,1.2000000000000002,475.0,81.42857142857143,0.5982627728344402,0.10255933248590403,0.08640303973318078,0.014811949668545278
163359,Bijoy Varghese,285,3,Right Center Back,DEF,0.0,0.0,2.0,0.631578947368421,246.0,77.6842105263158,0.11850134693203011,0.03742147797853582,-0.400569314340828,-0.12649557294973515
164476,Łukasz Gikiewicz,278,5,Substitute,Unknown,1.0,0.32374100719424465,6.0,1.9424460431654678,204.0,66.0431654676259,0.11031882724768642,0.03571472824565387,0.30439310081419535,0.09854452904056685
164480,Debjit Majumder,290,3,Goalkeeper,GK,0.0,0.0,0.0,0.0,120.0,37.241379310344826,0.04138331653009259,0.012843098233477013,-0.20815984008368105,-0.06460132968114239
164481,Narayan Das,486,5,Left Center Back,DEF,0.0,0.0,1.0,0.1851851851851852,365.0,67.5925925925926,0.3314905165539904,0.061387132695183415,-0.09660368360346183,-0.017889571037678118
164482,Laxmikant Kattimani,489,5,Goalkeeper,GK,0.0,0.0,0.0,0.0,198.0,36.441717791411044,0.08643404508694162,0.01590810645771932,-0.34254353179130703,-0.06304482180208104
164483,Juan Antonio González Fernández,470,5,Left Center Back,DEF,1.0,0.19148936170212766,1.0,0.19148936170212766,429.0,82.14893617021276,0.28854260990767566,0.05525284019508683,0.23656240754644386,0.04529918442378712
164485,Asish Rai,281,3,Right Back,DEF,0.0,0.0,1.0,0.32028469750889677,284.0,90.9608540925267,0.7080478312149635,0.226776885442515,0.25490079121664166,0.08164082280960053
164493,Keisham Reagan Singh,412,5,Right Wing Back,DEF,0.0,0.0,1.0,0.21844660194174756,375.0,81.91747572815534,0.7958228765599012,0.17384480313201728,0.581313205359038,0.12698589437454713
164496,Jerry Lalrinzuala,367,4,Left Wing Back,DEF,0.0,0.0,1.0,0.24523160762942778,364.0,89.26430517711171,0.5067885174223086,0.12428056285560701,0.6514441883191466,0.15975470558235205
166024,Andrea Tarazona Brisa,290,3,Goalkeeper,GK,0.0,0.0,0.0,0.0,158.0,49.03448275862069,0.06924369734445213,0.021489423313795487,-0.5179391673009377,-0.16073974157615306
166425,Naorem Mahesh Singh,354,6,Right Midfield,MID,0.0,0.0,9.0,2.288135593220339,282.0,71.69491525423729,0.5162736033840454,0.13125600086035052,-0.2734948990757111,-0.06953260145992655
167381,Sankar Roy,295,3,Goalkeeper,GK,0.0,0.0,0.0,0.0,149.0,45.45762711864407,0.06833451239594791,0.02084781734113665,-0.25280661147553474,-0.07712744078914618
168197,Imran Khan,339,6,Substitute,Unknown,1.0,0.2654867256637168,3.0,0.7964601769911505,306.0,81.23893805309734,0.6721609128688609,0.17844979987668874,0.6384187723579816,0.16949170947557035
168198,Joe Zoherliana,275,3,Right Back,DEF,0.0,0.0,2.0,0.6545454545454545,245.0,80.18181818181817,0.13386089885857022,0.04380902144462298,0.034384627564577386,0.011253150839316235
168726,Lisa Kolb,331,6,Right Wing,FWD,0.0,0.0,4.0,1.0876132930513596,265.0,72.05438066465257,0.6631712242943648,0.18031845977792396,0.6471895589202177,0.17597299185141868
170691,José Luis Espinosa Arroyo,596,6,Left Center Back,DEF,0.0,0.0,1.0,0.15100671140939598,795.0,120.0503355704698,0.7431649943053337,0.11222290182463092,0.4983948720910121,0.07526097061777028
174418,Modibo Diakité,802,9,Right Center Back,DEF,0.0,0.0,3.0,0.33665835411471323,550.0,61.720698254364095,0.460824443946818,0.05171346627832122,0.02015537976694759,0.0022618256596325225
182764,Hanna Lundkvist,291,4,Right Back,DEF,0.0,0.0,0.0,0.0,374.0,115.67010309278352,0.30938697611905647,0.09568669364506902,0.32031968570663594,0.09906794403298018
185543,Ffion Morgan,541,6,Right Wing,FWD,0.0,0.0,2.0,0.33271719038817005,293.0,48.74306839186691,0.5530472007649736,0.09200415539528212,0.48613472235994415,0.08087268948686686
185545,Brooke Aspin,378,5,Right Center Back,DEF,1.0,0.23809523809523808,5.0,1.1904761904761905,195.0,46.42857142857143,0.0727190780676812,0.01731406620659076,0.8342911773361266,0.19864075650860158
188984,Martina Fernández,364,4,Right Center Back,DEF,0.0,0.0,10.0,2.4725274725274726,686.0,169.6153846153846,0.7138843809656381,0.17650987441458088,-0.30555201519746333,-0.07554857518618599
190348,Sveindís Jane Jónsdóttir,584,7,Right Wing,FWD,2.0,0.3082191780821918,16.0,2.4657534246575343,439.0,67.6541095890411,0.7023378389649922,0.10823699573090634,0.8131314153142739,0.12531134825048743
191629,Sara Ortega Ruiz,648,11,Substitute,Unknown,0.0,0.0,5.0,0.6944444444444444,591.0,82.08333333333334,0.8964487187059594,0.12450676648693881,0.8514775481889956,0.11826077058180494
191850,Eveliina Summanen,495,5,Left Defensive Midfield,MID,0.0,0.0,3.0,0.5454545454545454,575.0,104.54545454545453,0.3298265199750397,0.05996845817727995,0.13616986399050804,0.02475815708918328
192807,Victoria Dellaperuta,318,5,Center Forward,FWD,6.0,1.6981132075471697,14.0,3.962264150943396,148.0,41.88679245283019,0.10123906872730498,0.02865256662093537,4.64517921602237,1.3146733630251992
195649,Ane Elexpuru Añorga,818,10,Right Back,DEF,0.0,0.0,3.0,0.33007334963325186,943.0,103.75305623471883,1.1755606420444755,0.1293404129388787,0.947974411738338,0.10430036314969489
218429,Olivia Van der Jagt,512,7,Left Defensive Midfield,MID,0.0,0.0,3.0,0.52734375,433.0,76.11328125,-0.047595772799650216,-0.008366444437438515,0.14246063993452118,0.02504190936349005
218433,Samantha Coffey,396,4,Center Defensive Midfield,MID,1.0,0.2272727272727273,2.0,0.4545454545454546,413.0,93.86363636363637,0.5280692042846592,0.12001572824651345,0.5707469399846159,0.12971521363286725
218502,Jaelin Marie Howell,379,4,Left Defensive Midfield,MID,0.0,0.0,5.0,1.187335092348285,397.0,94.27440633245382,0.05624543475051388,0.013356435692734167,0.23810760407650378,0.0565427028150009
218503,Kirsten Davis,364,5,Center Forward,FWD,1.0,0.24725274725274726,8.0,1.978021978021978,192.0,47.472527472527474,0.5835574937677219,0.14428619351399719,0.8712978030380327,0.21543077547643666
218506,Savannah Marie DeMelo,472,5,Center Attacking Midfield,MID,1.0,0.1906779661016949,15.0,2.8601694915254234,449.0,85.61440677966102,0.5208533509452569,0.0993152575954939,0.2526123656346258,0.04816761209134814
218511,Isabel Denise Rodriguez,309,6,Substitute,Unknown,2.0,0.5825242718446603,2.0,0.5825242718446603,332.0,96.69902912621359,1.0494533155902075,0.305666014249575,1.1987495043542002,0.3491503410740389
219003,Mikayla Cluff,270,3,Right Defensive Midfield,MID,0.0,0.0,4.0,1.3333333333333335,210.0,70.0,0.05171460808963317,0.017238202696544393,0.20601331419311464,0.06867110473103821
219178,Diana Ordoñez,507,6,Center Forward,FWD,3.0,0.5325443786982248,11.0,1.952662721893491,221.0,39.23076923076923,-0.14303214750011442,-0.02539032204144043,1.3577627825161702,0.2410229791448823
219422,Marleen Schimmer,320,4,Center Forward,FWD,2.0,0.5625,12.0,3.375,214.0,60.18749999999999,0.5746435636296631,0.16161850227084273,1.3881451706500751,0.3904158292453337
219423,Naomi Haile Girma,690,7,Left Center Back,DEF,0.0,0.0,0.0,0.0,768.0,100.17391304347827,0.7167540142247079,0.09348965402930973,1.293662499752827,0.16873858692428179
219560,Joelle Anderson,326,5,Center Attacking Midfield,MID,0.0,0.0,8.0,2.208588957055215,277.0,76.47239263803681,0.2740826918460072,0.07566700081638236,0.2283761972503271,0.06304864341266699
219565,Ava Cook,365,6,Substitute,Unknown,2.0,0.4931506849315069,8.0,1.9726027397260275,215.0,53.013698630136986,0.11921764515416776,0.029396131681849586,1.3623795078892726,0.335929193726122
221888,Kerstin Yasmijn Casparij,524,6,Right Back,DEF,0.0,0.0,2.0,0.34351145038167935,524.0,90.0,0.48360043142978965,0.08306114280282646,1.3213594664557604,0.22695105339889016
222682,Salma Paralluelo Ayingono,859,12,Left Wing,FWD,4.0,0.4190919674039581,26.0,2.724097788125728,775.0,81.19906868451687,1.5937309095585972,0.16697995559985304,3.044069029876613,0.31893621966111196
223157,Julia Nicole Lester,285,3,Right Center Back,DEF,0.0,0.0,1.0,0.3157894736842105,351.0,110.8421052631579,0.3170208070504508,0.10011183380540553,0.47848364879610017,0.1511000996198211
223430,Claudia Dickey,301,3,Goalkeeper,GK,0.0,0.0,0.0,0.0,181.0,54.119601328903656,0.05770470308192813,0.017253897931473527,-0.134460702247452,-0.040204196685284646
224149,Elise Isolde Stenevik,485,5,Left Center Back,DEF,0.0,0.0,0.0,0.0,473.0,87.77319587628865,0.22356617732297823,0.04148650713209905,0.7354646250216756,0.13647797165350684
224822,Jutta Rantala,426,6,Substitute,Unknown,0.0,0.0,4.0,0.8450704225352113,295.0,62.32394366197183,0.7348432270801877,0.1552485691014481,0.8369137902981602,0.17681277259820286
225161,Elli Pikkujämsä,286,5,Center Defensive Midfield,MID,0.0,0.0,0.0,0.0,276.0,86.85314685314685,0.13456100453636083,0.04234437205689676,0.319129042502027,0.10042522316497353
226036,Nahia Aparicio,636,9,Center Defensive Midfield,MID,0.0,0.0,4.0,0.5660377358490566,710.0,100.47169811320755,0.3499749892907625,0.04952476263548526,-0.03809162997640669,-0.005390324996661325
226661,Zsanett Bernadett Kaján,406,6,Right Wing,FWD,2.0,0.4433497536945813,18.0,3.9901477832512318,303.0,67.16748768472907,0.5248429261952567,0.11634449102850519,0.5996444122381099,0.132926101235049
270219,Jaedyn Reese Shaw,488,7,Center Attacking Midfield,MID,1.0,0.18442622950819673,18.0,3.319672131147541,407.0,75.06147540983606,0.8938459421059239,0.16484863686379744,0.6556563717147801,0.12092023248838157
270224,Michelle Ivory Cooper,465,6,Right Wing,FWD,1.0,0.1935483870967742,9.0,1.7419354838709677,368.0,71.2258064516129,0.830828851276898,0.16080558411810927,0.5533154838194605,0.10709331944892783
276255,Annabel Schasching,723,8,Left Defensive Midfield,MID,0.0,0.0,10.0,1.2448132780082988,763.0,94.97925311203319,0.3975217748877725,0.049484038367772515,0.38818670924706383,0.04832199700170919
276301,Elisabeth Terland,307,4,Center Forward,FWD,3.0,0.8794788273615635,16.0,4.690553745928339,154.0,45.14657980456026,0.2905223709489097,0.08516942470814942,2.388649350265041,0.7002555098496862
276304,Guro Bergsvand,411,5,Right Center Back,DEF,0.0,0.0,1.0,0.21897810218978103,525.0,114.96350364963504,0.4794911630256231,0.10499806489612186,0.7109958025394008,0.15569251150497826
276442,Lene Christensen,402,4,Goalkeeper,GK,0.0,0.0,0.0,0.0,191.0,42.76119402985075,0.08194235849919217,0.018345304141610185,-0.21842077281326056,-0.04890017301789416
276443,Kathrine Møller Kühl,621,7,Center Attacking Midfield,MID,0.0,0.0,4.0,0.5797101449275363,554.0,80.28985507246377,0.2625271328604126,0.03804741055948009,0.17158136091567577,0.024866863900822572
276907,Amber Tysiak,569,6,Center Back,DEF,0.0,0.0,4.0,0.632688927943761,392.0,62.00351493848858,0.0610924756644866,0.009663133233398583,0.22961472859606147,0.036318674118884946
296873,Roberto Crivello,282,3,Left Back,DEF,0.0,0.0,1.0,0.3191489361702128,165.0,52.659574468085104,0.08933994620361531,0.028512748788387866,0.3933148564246949,0.12552601800788135
299860,Fuka Nagano,306,4,Center Defensive Midfield,MID,0.0,0.0,1.0,0.29411764705882354,230.0,67.6470588235294,0.11864276313897594,0.03489493033499293,0.5679061504197307,0.1670312207116855
309386,Alma Hila,388,6,Left Defensive Midfield,MID,0.0,0.0,3.0,0.6958762886597938,360.0,83.50515463917526,0.11953294591285461,0.02772671425813638,0.4915013190184254,0.11400803791664506
309389,Miriam Picchi,283,6,Substitute,Unknown,0.0,0.0,2.0,0.6360424028268551,225.0,71.5547703180212,0.29524520120102565,0.09389423359749932,-0.030635631032055244,-0.009742780186872692
309392,Giulia Rizzon,492,5,Right Center Back,DEF,1.0,0.1829268292682927,5.0,0.9146341463414633,467.0,85.42682926829269,0.4002966472868663,0.07322499645491456,1.7750377662014216,0.32470203040269907
310258,Chiara Robustellini,294,4,Left Back,DEF,0.0,0.0,0.0,0.0,254.0,77.75510204081633,0.13155524264204413,0.04027201305368698,0.24529320484725758,0.07508975658589517
317043,Katarzyna Konat,392,4,Left Center Back,DEF,1.0,0.22959183673469385,2.0,0.4591836734693877,184.0,42.244897959183675,0.04634046567359858,0.01063939262914253,1.3390812339202967,0.30744212003272114
317044,Iris Madeleine Rabot,648,7,Right Center Midfield,MID,1.0,0.1388888888888889,9.0,1.25,432.0,60.0,0.17456905730038472,0.02424570240283121,1.106279625033494,0.15364994792131864
317048,Tatiely Cristina Sena das Neves,599,7,Center Forward,FWD,1.0,0.15025041736227046,8.0,1.2020033388981637,489.0,73.47245409015025,0.29070956069417964,0.04367923282550278,-0.08857492526110444,-0.013308419488312856
320979,Claudia Roldán Blanco,736,8,Left Back,DEF,1.0,0.12228260869565218,3.0,0.3668478260869565,729.0,89.14402173913044,1.1003363950564262,0.13455200483026952,0.9536459110935684,0.11661430978046353
321538,Natasha Kowalski,531,6,Center Attacking Midfield,MID,3.0,0.5084745762711864,8.0,1.3559322033898304,402.0,68.13559322033899,0.6395383338835481,0.10839632777687255,2.252962483200923,0.38185804800015644
321540,Annalena Rieke,437,6,Left Center Midfield,MID,1.0,0.20594965675057209,8.0,1.6475972540045767,351.0,72.2883295194508,0.13291741186119096,0.0273742953489867,1.0775272822647821,0.22191637392180869
321541,Ramona Maier,564,6,Center Forward,FWD,4.0,0.6382978723404256,15.0,2.393617021276596,337.0,53.77659574468085,0.4619381396745657,0.0737135329267924,2.8356853496661643,0.45250298132970707
321797,Marina Martí Serna,384,7,Substitute,Unknown,3.0,0.703125,10.0,2.34375,299.0,70.078125,1.0128482836507087,0.23738631648063485,0.33666671538958326,0.07890626141943358
321798,Daniela Arques Lázaro,309,5,Left Center Midfield,MID,1.0,0.29126213592233013,1.0,0.29126213592233013,367.0,106.89320388349515,0.13062681326237766,0.03804664463952747,0.2176661053961143,0.06339789477556727
321803,Raquel Morcillo Aparicio,578,6,Left Back,DEF,1.0,0.15570934256055363,4.0,0.6228373702422145,524.0,81.5916955017301,0.716328236976362,0.11153899883714981,1.9956072504054754,0.3107346929697107
322322,Jessica Ziu,307,5,Right Wing,FWD,0.0,0.0,2.0,0.5863192182410424,219.0,64.20195439739413,0.6200080876561956,0.18176132862885214,-0.2770401517045684,-0.08121698258440116
323561,Emilie Bragstad,648,7,Right Center Back,DEF,1.0,0.1388888888888889,2.0,0.2777777777777778,595.0,82.63888888888889,0.21742963520812308,0.03019856044557265,0.8522154879756272,0.11836326221883711
323764,Raiderlin Nazareth Carrasco Vargas,656,7,Left Back,DEF,0.0,0.0,3.0,0.4115853658536585,516.0,70.79268292682927,0.20428507307195998,0.02802691551292134,0.8299410515755881,0.11386386378323618
324125,Emily May Sams,301,3,Left Center Back,DEF,0.0,0.0,0.0,0.0,223.0,66.67774086378738,0.07320252273051153,0.021887797494172884,-0.3610398820019327,-0.1079521241866244
324158,Martyna Wiankowska,494,6,Left Back,DEF,2.0,0.3643724696356275,7.0,1.2753036437246963,439.0,79.97975708502024,0.5903124491691166,0.10754680248020343,1.6177335022514043,0.2947287757138186
324159,Hanna Németh,486,6,Left Center Back,DEF,0.0,0.0,3.0,0.5555555555555556,360.0,66.66666666666666,0.21417711550108812,0.0396624287964978,0.5725954605150037,0.10603619639166735
324751,Kara Bathmann,401,5,Left Midfield,MID,1.0,0.22443890274314213,4.0,0.8977556109725685,352.0,79.00249376558602,0.4497365813221202,0.10093838483538857,0.024728922202484682,0.0055501321651461885
324931,Violah Nambi Ssebunya,360,7,Substitute,Unknown,0.0,0.0,9.0,2.25,196.0,48.99999999999999,-0.0649825926194894,-0.01624564815487235,-0.3674913009162992,-0.0918728252290748
324965,Laura Vogt,356,4,Left Defensive Midfield,MID,0.0,0.0,3.0,0.7584269662921348,279.0,70.53370786516854,0.081752122499402,0.020667671418388146,-0.32701352136791684,-0.08267195764919247
325074,Alexandria Loy Hess,323,4,Center Defensive Midfield,MID,0.0,0.0,7.0,1.9504643962848298,219.0,61.02167182662538,0.029833115699261795,0.008312632857379447,-0.3862437694624532,-0.1076221029461944
325077,Paula Flach,382,4,Left Back,DEF,0.0,0.0,4.0,0.9424083769633509,403.0,94.94764397905759,0.01877012176908851,0.00442227999795279,0.5860902355310973,0.13808408690523233
325210,Ivonne Chacón,371,8,Substitute,Unknown,1.0,0.24258760107816713,3.0,0.7277628032345014,191.0,46.33423180592992,-0.04508337646256545,-0.010936668144557658,0.5791059249604587,0.14048391710631072
326619,Olivia Clarke,296,3,Goalkeeper,GK,0.0,0.0,0.0,0.0,144.0,43.78378378378379,0.06831540201919341,0.020771574938268266,-0.66264661270543,-0.20148038899827264
327442,Andreia de Jesus Jacinto,809,10,Left Center Midfield,MID,0.0,0.0,8.0,0.8899876390605685,912.0,101.45859085290482,0.9958546235433822,0.11078728815686575,1.0780101697661448,0.11992696573418175
327678,Julia Mora Tobías,295,3,Left Center Back,DEF,0.0,0.0,0.0,0.0,283.0,86.33898305084746,0.4054459853033456,0.1236953853467834,0.7650113198615145,0.2333932840255468
327679,Irina Priscilla Uribe García,337,4,Center Forward,FWD,0.0,0.0,6.0,1.6023738872403561,175.0,46.73590504451039,0.4176563965732555,0.11154028395131452,0.24565774490474723,0.06560592593895327
327681,Laura Martínez González,314,4,Right Defensive Midfield,MID,1.0,0.28662420382165604,2.0,0.5732484076433121,247.0,70.79617834394905,0.6168769131265353,0.17681185408085406,1.3790921316540334,0.39528118423204783
328259,Bruna Santos Nhaia,606,7,Right Back,DEF,1.0,0.1485148514851485,2.0,0.297029702970297,659.0,97.87128712871286,0.6318581048733617,0.0938403126049547,1.7099068443251308,0.25394656103838575
330766,Natalia Montilla Martínez,299,5,Right Back,DEF,0.0,0.0,3.0,0.9030100334448161,302.0,90.90301003344482,0.38295747877536296,0.11527148190562765,0.26936775803915225,0.08108059606529666
338059,Clare Wheeler,779,8,Left Defensive Midfield,MID,0.0,0.0,0.0,0.0,766.0,88.49807445442876,0.2013493501238875,0.023262440964248877,0.4069309422338847,0.04701384441726524
341265,Selina Vobian,273,7,Substitute,Unknown,0.0,0.0,7.0,2.3076923076923075,228.0,75.16483516483517,0.0783827022314956,0.02584045128510844,-0.023672222124412653,-0.0078040292717843915
341749,María Ruiz Gámez,536,6,Right Midfield,MID,0.0,0.0,5.0,0.8395522388059701,346.0,58.09701492537314,0.25871108762199946,0.04344029456339543,0.2470997486379929,0.04149062943548388
350013,Eva Schatzer,533,6,Right Center Midfield,MID,1.0,0.16885553470919323,5.0,0.8442776735459663,468.0,79.02439024390245,0.2908290632744683,0.049108096988184136,1.333484527399298,0.2251662429004443
352172,Raffaele Bianco,516,9,Substitute,Unknown,0.0,0.0,4.0,0.6976744186046512,480.0,83.72093023255813,0.18963981929463763,0.03307671266766935,0.4458189764522249,0.07775912379980666
355040,Gift Nyakno Monday,410,7,Substitute,Unknown,1.0,0.21951219512195122,9.0,1.975609756097561,341.0,74.85365853658536,0.4736932839352385,0.10398145257114992,0.7108153673907509,0.15603264162235994
361730,Thaís Cristina da Silva Ferreira,776,8,Right Center Midfield,MID,1.0,0.11597938144329897,5.0,0.5798969072164948,625.0,72.48711340206185,0.3076366554500867,0.035679509008386345,1.0919485495687695,0.1266435173468934
362827,Oona Sevenius,492,7,Substitute,Unknown,0.0,0.0,11.0,2.0121951219512195,345.0,63.109756097560975,0.22953054627113756,0.04198729504959833,-0.5128578265139367,-0.09381545606962258
372202,Chiara Hahn,375,5,Right Wing Back,DEF,0.0,0.0,8.0,1.92,286.0,68.64,0.5100820819446347,0.12241969966671232,-0.0637196790841408,-0.015292722980193794
384139,Jessica De Filippo,300,4,Center Forward,FWD,0.0,0.0,5.0,1.5,183.0,54.9,-0.012476568361894117,-0.0037429705085682352,-0.350253668933874,-0.1050761006801622
386105,Lisa Fjeldstad Naalsund,293,5,Right Defensive Midfield,MID,2.0,0.6143344709897611,4.0,1.2286689419795223,285.0,87.54266211604096,0.34914359236875653,0.10724547205866242,2.1610323819040786,0.6637983425643927
386339,Linda Lizeth Caicedo Alegría,517,7,Left Wing,FWD,2.0,0.3481624758220503,9.0,1.5667311411992264,573.0,99.7485493230174,1.3687138901484313,0.2382674083430538,1.7300682468452724,0.30117242208138206
386512,Alessandro Frara,308,5,Left Center Midfield,MID,0.0,0.0,2.0,0.5844155844155845,178.0,52.01298701298702,0.041409681474979185,0.01210023159983158,0.17599590821191669,0.05142737577620942
386651,Juan Ignacio Gómez Taleb,384,7,Substitute,Unknown,0.0,0.0,6.0,1.40625,266.0,62.34375,0.06823682592989286,0.015993006077318638,-0.3216643314808607,-0.07539007769082673
386657,Giampiero Pinzi,379,7,Substitute,Unknown,0.0,0.0,1.0,0.23746701846965698,322.0,76.46437994722955,0.1977488990087442,0.0469588414532638,-0.20162537448049989,-0.04787937652571238
387300,Cristian Zaccardo,1039,11,Right Center Back,DEF,0.0,0.0,8.0,0.6929740134744947,652.0,56.47738209817132,0.4507201579315111,0.03904216959945717,0.6413971025322098,0.05555894054658218
387417,Mattia Cassani,879,11,Right Back,DEF,1.0,0.10238907849829351,2.0,0.20477815699658702,903.0,92.45733788395904,0.8121155909444463,0.08315176699089893,1.0251025375400786,0.10495930418499098
387472,Lorenzo Pasciuti,532,8,Right Midfield,MID,0.0,0.0,3.0,0.5075187969924811,450.0,76.12781954887218,0.2445985608299118,0.04137945577949636,0.5428775166990235,0.09184018139645134
387474,Igor Bubnjić,344,4,Left Center Back,DEF,0.0,0.0,5.0,1.3081395348837208,241.0,63.05232558139535,0.18615915186400364,0.04870442926674513,-0.1637373690464301,-0.042838265157496246
387476,Raphael Martinho Alves de Lima,325,5,Left Center Midfield,MID,0.0,0.0,2.0,0.5538461538461539,211.0,58.430769230769236,0.27253701858324597,0.07547178976151427,0.09753746431344189,0.027010374732953136
387847,Leonardo Blanchard,659,7,Left Center Back,DEF,1.0,0.13657056145675267,5.0,0.6828528072837633,464.0,63.36874051593323,0.4845624778490066,0.0661769696607141,1.0520924912416376,0.1436848622333041
389302,Gabrielle Robinson,606,6,Left Center Back,DEF,0.0,0.0,1.0,0.1485148514851485,445.0,66.08910891089108,0.19310145794220504,0.028678434347852236,-0.10136346904619131,-0.015053980551414551
389323,Sierra Enge,405,5,Right Defensive Midfield,MID,1.0,0.2222222222222222,2.0,0.4444444444444444,257.0,57.11111111111111,0.1416837160484537,0.031485270232989714,1.1724779566866346,0.26055065704147434
389326,Penelope Hocking,296,4,Left Midfield,MID,1.0,0.30405405405405406,7.0,2.1283783783783785,161.0,48.95270270270271,0.15615002048553162,0.04747804676924948,0.8449074918462429,0.25689754819649274
389476,Paige Metayer,485,5,Left Center Midfield,MID,2.0,0.3711340206185567,8.0,1.4845360824742269,316.0,58.639175257731964,0.11085746089835974,0.02057148758938634,1.4666867914493196,0.2721686829493583
389488,Ariadina Alves Borges,396,5,Right Center Midfield,MID,0.0,0.0,12.0,2.7272727272727275,424.0,96.36363636363636,0.035071837082759176,0.007970872064263449,0.11635234171012415,0.026443714025028216
389489,Adriana Leal da Silva,301,3,Center Attacking Midfield,MID,2.0,0.5980066445182725,10.0,2.990033222591362,265.0,79.2358803986711,0.7010012274645856,0.20960169591964353,2.374054453356541,0.7098501687777032
389494,Sinead Farrelly,393,9,Substitute,Unknown,0.0,0.0,3.0,0.6870229007633587,393.0,90.0,0.262661797828046,0.06015155675451435,-0.08687132228002882,-0.019894195941991332
389497,Jenna Nighswonger,390,6,Left Back,DEF,1.0,0.23076923076923078,7.0,1.6153846153846152,401.0,92.53846153846153,0.5605169488356113,0.12935006511591032,1.5166168657983654,0.3499885074919305
392243,Croix Soto,455,5,Center Back,DEF,0.0,0.0,1.0,0.1978021978021978,309.0,61.120879120879124,0.090155830356982,0.017833021389293144,-0.05094132650992833,-0.010076306342623187
392818,Luany Vitória da Silva Rosa,573,8,Right Center Forward,FWD,3.0,0.47120418848167545,14.0,2.1989528795811517,514.0,80.73298429319371,1.0276593035221873,0.1614124560506053,0.957557224232005,0.15040165825633586
401194,François Modesto,410,5,Left Center Back,DEF,0.0,0.0,2.0,0.43902439024390244,358.0,78.58536585365853,0.22500522167271172,0.04939139012327818,0.3178095012262929,0.069763061244796
401453,"David N""Gog",348,7,Center Forward,FWD,3.0,0.7758620689655172,13.0,3.3620689655172415,212.0,54.827586206896555,0.2773184709708445,0.07172029421659772,1.55382437570554,0.40185113164798447
401455,Mohamed Fofana,402,5,Left Center Back,DEF,0.0,0.0,2.0,0.44776119402985076,284.0,63.582089552238806,0.016888333903860506,0.0037809702769836953,-0.08287088555516675,-0.018553183333246286
401468,Moustapha Bayal Sall,655,7,Right Center Back,DEF,0.0,0.0,1.0,0.13740458015267176,557.0,76.53435114503817,0.38618143013652034,0.05306309727066692,0.5481033820688026,0.07531191509342326
401470,Fabien Camus,381,5,Left Wing,FWD,0.0,0.0,12.0,2.8346456692913384,463.0,109.37007874015747,0.3960290230940549,0.09355016293560352,-0.07027375212404877,-0.016600098926940653
401477,Johan Audel,547,11,Substitute,Unknown,2.0,0.3290676416819013,14.0,2.303473491773309,470.0,77.3308957952468,0.5678510174878052,0.09343069757569007,1.1320311773790745,0.18625741492525907
401478,Rémi Gomis,486,7,Right Defensive Midfield,MID,0.0,0.0,1.0,0.1851851851851852,506.0,93.70370370370371,0.2752027320946792,0.05096346890642208,0.397671392041957,0.0736428503781402
401479,Calvin Anele Ngcongca,283,3,Right Center Back,DEF,0.0,0.0,0.0,0.0,234.0,74.41696113074205,0.08543633452196168,0.027170565749033752,0.17945271075586788,0.05706976667147742
401482,Gaël Angoula,315,4,Right Back,DEF,0.0,0.0,2.0,0.5714285714285714,312.0,89.14285714285714,0.20483230246276574,0.05852351498936164,0.268620652219397,0.07674875777697057
401505,Jacques Zoua Daogari,514,6,Left Center Forward,FWD,1.0,0.17509727626459143,13.0,2.2762645914396886,416.0,72.84046692607004,0.2494031825982811,0.04366981796467957,-0.32262159656966105,-0.0564901628234815
401506,Grégory Pujol,419,5,Right Center Forward,FWD,1.0,0.21479713603818618,7.0,1.503579952267303,248.0,53.269689737470166,0.2568524557979182,0.05517117188976763,0.5321007932943758,0.1142937264832788
401507,Jérôme Le Moigne,576,7,Center Defensive Midfield,MID,0.0,0.0,4.0,0.625,486.0,75.9375,0.10830164381997742,0.016922131846871472,0.18058884266065434,0.02821700666572724
401508,Clément Maury,568,6,Goalkeeper,GK,1.0,0.15845070422535212,0.0,0.0,416.0,65.91549295774648,0.4855311949959533,0.07693275977048557,0.5274998792592669,0.08358272734741905
401509,David Ducourtioux,698,8,Right Center Midfield,MID,0.0,0.0,10.0,1.2893982808022924,728.0,93.86819484240687,0.9099197176651989,0.11732489196256145,0.7746592291514389,0.09988442782754943
401930,Riko Ueki,634,7,Center Forward,FWD,1.0,0.14195583596214512,19.0,2.697160883280757,420.0,59.62145110410095,0.38580620171499164,0.05476744188383162,-0.9938287856057286,-0.1410797960639047
401932,Hinata Miyazawa,291,4,Right Center Midfield,MID,1.0,0.30927835051546393,8.0,2.4742268041237114,275.0,85.05154639175258,0.44008429824101636,0.13610854584773702,1.3398884488269687,0.41439848932792844
402461,Daiana Micaela Falfán,284,5,Right Defensive Midfield,MID,0.0,0.0,0.0,0.0,160.0,50.70422535211268,0.020798427179428036,0.006591050866720152,0.13812310463981703,0.043771406399942016
406556,Manaka Matsukubo,332,4,Center Attacking Midfield,MID,1.0,0.27108433734939763,9.0,2.4397590361445785,301.0,81.59638554216868,0.35140626043547235,0.09526073325057985,0.1873032277508173,0.05077497137823361
408223,Annie Karich,316,4,Right Center Back,DEF,0.0,0.0,1.0,0.2848101265822785,366.0,104.24050632911391,0.28509355345409065,0.08119753104705113,0.41011982881173026,0.11680628035777127
408652,María Miralles Gascón,491,5,Goalkeeper,GK,0.0,0.0,0.0,0.0,254.0,46.55804480651731,0.14067307511040567,0.02578528871677497,0.4385521067742957,0.08038633321728433
408654,Bernadette Amani Kakounan,351,5,Left Defensive Midfield,MID,0.0,0.0,3.0,0.7692307692307693,210.0,53.84615384615385,0.058226409808324366,0.01492984866880112,0.25589911435963586,0.06561515752811176
408655,Esperanza Pizarro Pagalday,405,5,Left Wing,FWD,0.0,0.0,8.0,1.7777777777777777,275.0,61.111111111111114,0.2741403285606621,0.06092007301348047,0.2349698338364251,0.05221551863031669
408656,Eider Arana Mugueta,491,5,Left Wing Back,DEF,0.0,0.0,4.0,0.7331975560081466,335.0,61.405295315682274,0.49578118180596864,0.09087638770374169,0.44198708760086447,0.0810159631040281
408659,Carla Andrés Abad,404,5,Right Center Back,DEF,0.0,0.0,2.0,0.44554455445544555,221.0,49.23267326732674,0.11450781211784264,0.025509166065856036,0.033503469050629064,0.007463644095437167
408707,Lilli Purtscheller,500,6,Right Wing,FWD,3.0,0.54,9.0,1.6199999999999999,479.0,86.22,0.7484584819574825,0.13472252675234686,2.1188866445703898,0.38139959602267015
408715,Pamela Cinthia González Medina,321,6,Substitute,Unknown,1.0,0.2803738317757009,5.0,1.4018691588785046,306.0,85.79439252336448,0.09379634234902065,0.026298039910940367,1.4275525765842758,0.40024838595820816
408962,Medina Desic,423,5,Right Center Forward,FWD,1.0,0.2127659574468085,6.0,1.2765957446808511,243.0,51.70212765957447,-0.01989762366044294,-0.004233536949030413,0.2283476949960459,0.048584615956605515
408964,Luisa Guttenberger,355,5,Left Defensive Midfield,MID,0.0,0.0,1.0,0.2535211267605634,209.0,52.985915492957744,0.013786026135693194,0.003495048879471514,0.2457829751074314,0.06231117678779951
408965,Amélie Thöle,503,6,Right Wing Back,DEF,0.0,0.0,2.0,0.3578528827037773,303.0,54.214711729622266,0.32931151481334103,0.058922537441750876,0.3284334443160333,0.058765427412411524
408966,Jessica May,580,6,Left Center Back,DEF,0.0,0.0,2.0,0.3103448275862069,535.0,83.01724137931035,0.4302790029803667,0.06676743149695345,1.2687521140226163,0.19687532803799218
408969,Franziska Mai,559,6,Left Wing Back,DEF,0.0,0.0,2.0,0.3220035778175313,249.0,40.089445438282645,0.28800540748988473,0.046369385821269454,0.46384002463310026,0.07467907373341506
408998,Antonia Ignacia Canales Pacheco,486,5,Goalkeeper,GK,0.0,0.0,0.0,0.0,308.0,57.03703703703704,0.11933078976712559,0.022098294401319555,-0.5595715643139556,-0.10362436376184364
409119,Isabel Corte Peláez,436,7,Left Midfield,MID,1.0,0.20642201834862386,2.0,0.41284403669724773,331.0,68.32568807339449,0.42802698561517216,0.08835419427836123,0.8883677891213447,0.18337867206633263
409152,Jenny Hipp,389,4,Right Defensive Midfield,MID,0.0,0.0,7.0,1.6195372750642674,390.0,90.23136246786632,0.2758632372371732,0.06382439936078557,0.6656563297129469,0.15400789119322678
409155,Marlene Müller,369,4,Left Center Forward,FWD,1.0,0.24390243902439024,5.0,1.2195121951219512,242.0,59.02439024390244,0.47221320609619516,0.11517395270638907,0.7383954680990428,0.18009645563391288
409156,Vanessa Fudalla,389,4,Right Center Forward,FWD,3.0,0.6940874035989717,14.0,3.2390745501285347,295.0,68.25192802056556,0.38155133268313096,0.08827665794725396,2.98621961857914,0.6908991405453023
409183,Sandra Estévez Ogalla,775,8,Goalkeeper,GK,0.0,0.0,0.0,0.0,471.0,54.69677419354839,0.25257848353838686,0.029331694862522347,-0.8822160245326813,-0.10245089317153719
409184,Marta Carrasco García,753,8,Left Center Back,DEF,0.0,0.0,1.0,0.1195219123505976,566.0,67.64940239043824,0.0887282999436462,0.010604976088882015,0.28591318856342696,0.0341728910633578
409185,Alicia Redondo González,775,8,Right Defensive Midfield,MID,1.0,0.11612903225806452,10.0,1.1612903225806452,884.0,102.65806451612903,0.6884197611233144,0.07994552064657845,2.0888189469145146,0.242572522867492
409186,Laura Requena Sánchez,725,8,Center Attacking Midfield,MID,1.0,0.12413793103448274,10.0,1.2413793103448276,638.0,79.2,0.9456501433937377,0.11739105228336053,0.23110385023755953,0.0286887538225936
409188,Edna Imade,351,8,Substitute,Unknown,0.0,0.0,6.0,1.5384615384615385,199.0,51.02564102564102,0.1265919359572545,0.03245947075827038,-0.71974814911664,-0.1845508074658051
409189,Cristina Postigo Martín,500,6,Right Center Back,DEF,1.0,0.18,4.0,0.72,367.0,66.06,0.6097125789650659,0.10974826421371185,1.2892845569731435,0.23207122025516583
409191,Isabel Álvarez Tenorio,398,5,Left Center Back,DEF,0.0,0.0,1.0,0.22613065326633167,444.0,100.40201005025125,0.3171887229057755,0.07172609311939646,-0.009949304178007878,-0.0022498426533183644
409192,Laura Pérez Martín,507,7,Right Midfield,MID,3.0,0.5325443786982248,9.0,1.5976331360946745,364.0,64.61538461538461,0.43016214334092884,0.07636014378833057,2.537230020675322,0.45039586165834117
409196,Carlota Suárez Crespo,481,8,Substitute,Unknown,2.0,0.37422037422037424,5.0,0.9355509355509356,247.0,46.21621621621621,0.15875775070699782,0.029705192439978805,1.372686370727024,0.25684360367033715
409198,Alba Pérez Manrique,418,7,Right Back,DEF,0.0,0.0,3.0,0.645933014354067,371.0,79.88038277511961,0.5382067907094794,0.11588184488960082,0.5798391408607131,0.12484574803221095
410052,Alices Yannel Correa Santa Cruz,336,6,Substitute,Unknown,0.0,0.0,0.0,0.0,155.0,41.517857142857146,0.05808019134233377,0.015557194109553689,-0.04545794730074704,-0.01217623588412867
410449,Aryana Lynn Harvey,548,7,Right Wing Back,DEF,0.0,0.0,5.0,0.8211678832116788,318.0,52.22627737226277,0.2509457123981028,0.041213711890199366,0.055469489394454286,0.009109952637775339
410500,Miharu Kobayashi,682,8,Left Back,DEF,0.0,0.0,5.0,0.6598240469208212,482.0,63.60703812316716,0.5220096587150904,0.06888690510902953,0.765422625450883,0.10100885086595231
411465,Patricia Zugasti Osés,313,7,Substitute,Unknown,0.0,0.0,3.0,0.8626198083067093,133.0,38.242811501597444,0.08357339627336978,0.02403068902429163,-0.09735263432958163,-0.02799277025451229
423620,Haley Marie Thomas,381,4,Left Center Back,DEF,0.0,0.0,0.0,0.0,238.0,56.22047244094488,0.07325495414418332,0.017304319876578735,0.34121070889523253,0.08060095485714154
423765,Eileen Michelle Campbell,367,4,Center Forward,FWD,0.0,0.0,4.0,0.9809264305177111,292.0,71.60762942779292,0.3952861442489573,0.09693665662780969,-0.4704689595673699,-0.11537385929445038
425174,Ana Marija Milinković,352,4,Right Defensive Midfield,MID,1.0,0.2556818181818182,3.0,0.7670454545454545,278.0,71.07954545454545,0.18834853184169825,0.04815729507316149,0.40044805730576627,0.10238728737931524
425320,Lea Paulick,274,3,Goalkeeper,GK,0.0,0.0,0.0,0.0,185.0,60.76642335766424,0.03060588905199019,0.010053029250653713,-0.8500998275994789,-0.27922987037939084
